[04:23:42] [main/INFO]: Writing debug log file accesstransform.log
[04:23:42] [main/INFO]: Access Transformer processor running version 8.2.1
[04:23:42] [main/INFO]: Command line arguments [--inJar, /home/codespace/.gradle/caches/forge_gradle/minecraft_user_repo/net/minecraftforge/forge/1.20.4-49.2.0/forge-1.20.4-49.2.0-injected.jar, --outJar, /home/codespace/.gradle/caches/forge_gradle/minecraft_user_repo/net/minecraftforge/forge/1.20.4-49.2.0_mapped_official_1.20.4/forge-1.20.4-49.2.0_mapped_official_1.20.4.jar, --logFile, accesstransform.log, --atFile, /workspaces/worldtrriger_scorpionmod_1.20.4_Forge/scorpionmod/build/_atJar_4/parent_at.cfg]
[04:23:42] [main/INFO]: Reading from /home/codespace/.gradle/caches/forge_gradle/minecraft_user_repo/net/minecraftforge/forge/1.20.4-49.2.0/forge-1.20.4-49.2.0-injected.jar
[04:23:42] [main/INFO]: Writing to /home/codespace/.gradle/caches/forge_gradle/minecraft_user_repo/net/minecraftforge/forge/1.20.4-49.2.0_mapped_official_1.20.4/forge-1.20.4-49.2.0_mapped_official_1.20.4.jar
[04:23:42] [main/INFO]: Transformer file /workspaces/worldtrriger_scorpionmod_1.20.4_Forge/scorpionmod/build/_atJar_4/parent_at.cfg
[04:23:42] [main/WARN]: Found existing output jar /home/codespace/.gradle/caches/forge_gradle/minecraft_user_repo/net/minecraftforge/forge/1.20.4-49.2.0_mapped_official_1.20.4/forge-1.20.4-49.2.0_mapped_official_1.20.4.jar, overwriting
[04:23:42] [main/DEBUG]: Loading access transformer parent_at.cfg from path /workspaces/worldtrriger_scorpionmod_1.20.4_Forge/scorpionmod/build/_atJar_4/parent_at.cfg
[04:23:42] [main/DEBUG]: Loaded access transformer parent_at.cfg from path /workspaces/worldtrriger_scorpionmod_1.20.4_Forge/scorpionmod/build/_atJar_4/parent_at.cfg
[04:23:42] [main/DEBUG]: Loaded access transformer file /workspaces/worldtrriger_scorpionmod_1.20.4_Forge/scorpionmod/build/_atJar_4/parent_at.cfg
[04:23:43] [main/DEBUG]: Skipping Lmcp/client/Start;
[04:23:43] [main/DEBUG]: Skipping Lnet/minecraftforge/versions/mcp/MCPVersion;
[04:23:43] [main/DEBUG]: Skipping Lnet/minecraftforge/versions/forge/ForgeVersion;
[04:23:43] [main/DEBUG]: Skipping Lnet/minecraftforge/server/timings/TimeTracker;
[04:23:43] [main/DEBUG]: Skipping Lnet/minecraftforge/server/timings/ForgeTimings;
[04:23:43] [main/DEBUG]: Skipping Lnet/minecraftforge/server/permission/package-info;
[04:23:43] [main/DEBUG]: Skipping Lnet/minecraftforge/server/permission/nodes/PermissionTypes;
[04:23:43] [main/DEBUG]: Skipping Lnet/minecraftforge/server/permission/nodes/PermissionType;
[04:23:43] [main/DEBUG]: Skipping Lnet/minecraftforge/server/permission/nodes/PermissionNode;
[04:23:43] [main/DEBUG]: Skipping Lnet/minecraftforge/server/permission/nodes/PermissionNode$PermissionResolver;
[04:23:43] [main/DEBUG]: Skipping Lnet/minecraftforge/server/permission/nodes/PermissionDynamicContextKey;
[04:23:43] [main/DEBUG]: Skipping Lnet/minecraftforge/server/permission/nodes/PermissionDynamicContext;
[04:23:43] [main/DEBUG]: Skipping Lnet/minecraftforge/server/permission/handler/IPermissionHandlerFactory;
[04:23:43] [main/DEBUG]: Skipping Lnet/minecraftforge/server/permission/handler/IPermissionHandler;
[04:23:43] [main/DEBUG]: Skipping Lnet/minecraftforge/server/permission/handler/DefaultPermissionHandler;
[04:23:43] [main/DEBUG]: Skipping Lnet/minecraftforge/server/permission/exceptions/UnregisteredPermissionException;
[04:23:43] [main/DEBUG]: Skipping Lnet/minecraftforge/server/permission/events/PermissionGatherEvent;
[04:23:43] [main/DEBUG]: Skipping Lnet/minecraftforge/server/permission/events/PermissionGatherEvent$Nodes;
[04:23:43] [main/DEBUG]: Skipping Lnet/minecraftforge/server/permission/events/PermissionGatherEvent$Handler;
[04:23:43] [main/DEBUG]: Skipping Lnet/minecraftforge/server/permission/PermissionAPI;
[04:23:43] [main/DEBUG]: Skipping Lnet/minecraftforge/server/loading/ServerModLoader;
[04:23:43] [main/DEBUG]: Skipping Lnet/minecraftforge/server/console/TerminalHandler;
[04:23:43] [main/DEBUG]: Skipping Lnet/minecraftforge/server/console/ConsoleCommandCompleter;
[04:23:43] [main/DEBUG]: Skipping Lnet/minecraftforge/server/command/package-info;
[04:23:43] [main/DEBUG]: Skipping Lnet/minecraftforge/server/command/TrackCommand;
[04:23:43] [main/DEBUG]: Skipping Lnet/minecraftforge/server/command/TrackCommand$TrackResultsEntity;
[04:23:43] [main/DEBUG]: Skipping Lnet/minecraftforge/server/command/TrackCommand$TrackResultsBlockEntity;
[04:23:43] [main/DEBUG]: Skipping Lnet/minecraftforge/server/command/TrackCommand$TrackResults;
[04:23:43] [main/DEBUG]: Skipping Lnet/minecraftforge/server/command/TrackCommand$StartTrackingCommand;
[04:23:43] [main/DEBUG]: Skipping Lnet/minecraftforge/server/command/TrackCommand$ResetTrackingCommand;
[04:23:43] [main/DEBUG]: Skipping Lnet/minecraftforge/server/command/TextComponentHelper;
[04:23:43] [main/DEBUG]: Skipping Lnet/minecraftforge/server/command/TagsCommand;
[04:23:43] [main/DEBUG]: Skipping Lnet/minecraftforge/server/command/TPSCommand;
[04:23:43] [main/DEBUG]: Skipping Lnet/minecraftforge/server/command/ModListCommand;
[04:23:43] [main/DEBUG]: Skipping Lnet/minecraftforge/server/command/ModIdArgument;
[04:23:43] [main/DEBUG]: Skipping Lnet/minecraftforge/server/command/GenerateCommand;
[04:23:43] [main/DEBUG]: Skipping Lnet/minecraftforge/server/command/ForgeCommand;
[04:23:43] [main/DEBUG]: Skipping Lnet/minecraftforge/server/command/EnumArgument;
[04:23:43] [main/DEBUG]: Skipping Lnet/minecraftforge/server/command/EnumArgument$Info;
[04:23:43] [main/DEBUG]: Skipping Lnet/minecraftforge/server/command/EnumArgument$Info$Template;
[04:23:43] [main/DEBUG]: Skipping Lnet/minecraftforge/server/command/EntityCommand;
[04:23:43] [main/DEBUG]: Skipping Lnet/minecraftforge/server/command/EntityCommand$EntityListCommand;
[04:23:43] [main/DEBUG]: Skipping Lnet/minecraftforge/server/command/DimensionsCommand;
[04:23:43] [main/DEBUG]: Skipping Lnet/minecraftforge/server/command/ConfigCommand;
[04:23:43] [main/DEBUG]: Skipping Lnet/minecraftforge/server/command/ConfigCommand$ShowFile;
[04:23:43] [main/DEBUG]: Skipping Lnet/minecraftforge/server/command/CommandHelper;
[04:23:43] [main/DEBUG]: Skipping Lnet/minecraftforge/server/command/ChunkGenWorker;
[04:23:43] [main/DEBUG]: Skipping Lnet/minecraftforge/server/ServerLifecycleHooks;
[04:23:43] [main/DEBUG]: Skipping Lnet/minecraftforge/server/LanguageHook;
[04:23:43] [main/DEBUG]: Skipping Lnet/minecraftforge/resource/package-info;
[04:23:43] [main/DEBUG]: Skipping Lnet/minecraftforge/resource/ResourcePackLoader;
[04:23:43] [main/DEBUG]: Skipping Lnet/minecraftforge/resource/ResourcePackLoader$ModPathPackResources;
[04:23:43] [main/DEBUG]: Skipping Lnet/minecraftforge/resource/ResourcePackLoader$ModPathPackResources$Supplier;
[04:23:43] [main/DEBUG]: Skipping Lnet/minecraftforge/resource/PathPackResources;
[04:23:43] [main/DEBUG]: Skipping Lnet/minecraftforge/resource/DelegatingPackResources;
[04:23:43] [main/DEBUG]: Skipping Lnet/minecraftforge/resource/DelegatingPackResources$Supplier;
[04:23:43] [main/DEBUG]: Skipping Lnet/minecraftforge/registries/tags/ITagManager;
[04:23:43] [main/DEBUG]: Skipping Lnet/minecraftforge/registries/tags/ITag;
[04:23:43] [main/DEBUG]: Skipping Lnet/minecraftforge/registries/tags/IReverseTag;
[04:23:43] [main/DEBUG]: Skipping Lnet/minecraftforge/registries/holdersets/OrHolderSet;
[04:23:43] [main/DEBUG]: Skipping Lnet/minecraftforge/registries/holdersets/NotHolderSet;
[04:23:43] [main/DEBUG]: Skipping Lnet/minecraftforge/registries/holdersets/ICustomHolderSet;
[04:23:43] [main/DEBUG]: Skipping Lnet/minecraftforge/registries/holdersets/HolderSetType;
[04:23:43] [main/DEBUG]: Skipping Lnet/minecraftforge/registries/holdersets/CompositeHolderSet;
[04:23:43] [main/DEBUG]: Skipping Lnet/minecraftforge/registries/holdersets/AnyHolderSet;
[04:23:43] [main/DEBUG]: Skipping Lnet/minecraftforge/registries/holdersets/AndHolderSet;
[04:23:43] [main/DEBUG]: Skipping Lnet/minecraftforge/registries/RegistryObject;
[04:23:43] [main/DEBUG]: Skipping Lnet/minecraftforge/registries/RegistryObject$1;
[04:23:43] [main/DEBUG]: Skipping Lnet/minecraftforge/registries/RegistryManager;
[04:23:43] [main/DEBUG]: Skipping Lnet/minecraftforge/registries/RegistryBuilder;
[04:23:43] [main/DEBUG]: Skipping Lnet/minecraftforge/registries/RegisterEvent;
[04:23:43] [main/DEBUG]: Skipping Lnet/minecraftforge/registries/RegisterEvent$RegisterHelper;
[04:23:43] [main/DEBUG]: Skipping Lnet/minecraftforge/registries/ObjectHolderRegistry;
[04:23:43] [main/DEBUG]: Skipping Lnet/minecraftforge/registries/ObjectHolderRegistry$VanillaObjectHolderData;
[04:23:43] [main/DEBUG]: Skipping Lnet/minecraftforge/registries/ObjectHolderRef;
[04:23:43] [main/DEBUG]: Skipping Lnet/minecraftforge/registries/ObjectHolder;
[04:23:43] [main/DEBUG]: Skipping Lnet/minecraftforge/registries/NewRegistryEvent;
[04:23:43] [main/DEBUG]: Skipping Lnet/minecraftforge/registries/NewRegistryEvent$RegistryHolder;
[04:23:43] [main/DEBUG]: Skipping Lnet/minecraftforge/registries/NewRegistryEvent$RegistryData;
[04:23:43] [main/DEBUG]: Skipping Lnet/minecraftforge/registries/NamespacedWrapper;
[04:23:43] [main/DEBUG]: Skipping Lnet/minecraftforge/registries/NamespacedWrapper$Factory;
[04:23:43] [main/DEBUG]: Skipping Lnet/minecraftforge/registries/NamespacedWrapper$1;
[04:23:43] [main/DEBUG]: Skipping Lnet/minecraftforge/registries/NamespacedDefaultedWrapper;
[04:23:43] [main/DEBUG]: Skipping Lnet/minecraftforge/registries/NamespacedDefaultedWrapper$Factory;
[04:23:43] [main/DEBUG]: Skipping Lnet/minecraftforge/registries/MissingMappingsEvent;
[04:23:43] [main/DEBUG]: Skipping Lnet/minecraftforge/registries/MissingMappingsEvent$Mapping;
[04:23:43] [main/DEBUG]: Skipping Lnet/minecraftforge/registries/MissingMappingsEvent$Action;
[04:23:43] [main/DEBUG]: Skipping Lnet/minecraftforge/registries/IdMappingEvent;
[04:23:43] [main/DEBUG]: Skipping Lnet/minecraftforge/registries/IdMappingEvent$ModRemapping;
[04:23:43] [main/DEBUG]: Skipping Lnet/minecraftforge/registries/IdMappingEvent$IdRemapping;
[04:23:43] [main/DEBUG]: Skipping Lnet/minecraftforge/registries/ILockableRegistry;
[04:23:43] [main/DEBUG]: Skipping Lnet/minecraftforge/registries/IForgeRegistryModifiable;
[04:23:43] [main/DEBUG]: Skipping Lnet/minecraftforge/registries/IForgeRegistryInternal;
[04:23:43] [main/DEBUG]: Skipping Lnet/minecraftforge/registries/IForgeRegistry;
[04:23:43] [main/DEBUG]: Skipping Lnet/minecraftforge/registries/IForgeRegistry$ValidateCallback;
[04:23:43] [main/DEBUG]: Skipping Lnet/minecraftforge/registries/IForgeRegistry$MissingFactory;
[04:23:43] [main/DEBUG]: Skipping Lnet/minecraftforge/registries/IForgeRegistry$CreateCallback;
[04:23:43] [main/DEBUG]: Skipping Lnet/minecraftforge/registries/IForgeRegistry$ClearCallback;
[04:23:43] [main/DEBUG]: Skipping Lnet/minecraftforge/registries/IForgeRegistry$BakeCallback;
[04:23:43] [main/DEBUG]: Skipping Lnet/minecraftforge/registries/IForgeRegistry$AddCallback;
[04:23:43] [main/DEBUG]: Skipping Lnet/minecraftforge/registries/GameData;
[04:23:43] [main/DEBUG]: Skipping Lnet/minecraftforge/registries/GameData$PointOfInterestTypeCallbacks;
[04:23:43] [main/DEBUG]: Skipping Lnet/minecraftforge/registries/GameData$ItemCallbacks;
[04:23:43] [main/DEBUG]: Skipping Lnet/minecraftforge/registries/GameData$ClearableObjectIntIdentityMap;
[04:23:43] [main/DEBUG]: Skipping Lnet/minecraftforge/registries/GameData$BlockCallbacks;
[04:23:43] [main/DEBUG]: Skipping Lnet/minecraftforge/registries/GameData$BlockCallbacks$1;
[04:23:43] [main/DEBUG]: Skipping Lnet/minecraftforge/registries/GameData$AttributeCallbacks;
[04:23:43] [main/DEBUG]: Skipping Lnet/minecraftforge/registries/GameData$1;
[04:23:43] [main/DEBUG]: Skipping Lnet/minecraftforge/registries/ForgeRegistryTagManager;
[04:23:43] [main/DEBUG]: Skipping Lnet/minecraftforge/registries/ForgeRegistryTag;
[04:23:43] [main/DEBUG]: Skipping Lnet/minecraftforge/registries/ForgeRegistry;
[04:23:43] [main/DEBUG]: Skipping Lnet/minecraftforge/registries/ForgeRegistry$Snapshot;
[04:23:43] [main/DEBUG]: Skipping Lnet/minecraftforge/registries/ForgeRegistry$RegistryCodec;
[04:23:43] [main/DEBUG]: Skipping Lnet/minecraftforge/registries/ForgeRegistry$OverrideOwner;
[04:23:43] [main/DEBUG]: Skipping Lnet/minecraftforge/registries/ForgeRegistry$DumpRow;
[04:23:43] [main/DEBUG]: Skipping Lnet/minecraftforge/registries/ForgeRegistry$1;
[04:23:43] [main/DEBUG]: Skipping Lnet/minecraftforge/registries/ForgeRegistries;
[04:23:43] [main/DEBUG]: Skipping Lnet/minecraftforge/registries/ForgeRegistries$Keys;
[04:23:43] [main/DEBUG]: Skipping Lnet/minecraftforge/registries/ForgeDeferredRegistriesSetup;
[04:23:43] [main/DEBUG]: Skipping Lnet/minecraftforge/registries/DeferredRegister;
[04:23:43] [main/DEBUG]: Skipping Lnet/minecraftforge/registries/DeferredRegister$RegistryHolder;
[04:23:43] [main/DEBUG]: Skipping Lnet/minecraftforge/registries/DeferredRegister$EventDispatcher;
[04:23:43] [main/DEBUG]: Skipping Lnet/minecraftforge/registries/DataPackRegistryEvent;
[04:23:43] [main/DEBUG]: Skipping Lnet/minecraftforge/registries/DataPackRegistryEvent$NewRegistry;
[04:23:43] [main/DEBUG]: Skipping Lnet/minecraftforge/registries/DataPackRegistryEvent$DataPackRegistryData;
[04:23:43] [main/DEBUG]: Skipping Lnet/minecraftforge/registries/DataPackRegistriesHooks;
[04:23:43] [main/DEBUG]: Skipping Lnet/minecraftforge/network/tasks/SyncRegistriesTask;
[04:23:43] [main/DEBUG]: Skipping Lnet/minecraftforge/network/tasks/SyncConfigTask;
[04:23:43] [main/DEBUG]: Skipping Lnet/minecraftforge/network/tasks/RegisterChannelsTask;
[04:23:43] [main/DEBUG]: Skipping Lnet/minecraftforge/network/tasks/ModVersionsTask;
[04:23:43] [main/DEBUG]: Skipping Lnet/minecraftforge/network/tasks/ForgeNetworkConfigurationHandler;
[04:23:43] [main/DEBUG]: Skipping Lnet/minecraftforge/network/tasks/ChannelVersionsTask;
[04:23:43] [main/DEBUG]: Skipping Lnet/minecraftforge/network/packets/SpawnEntity;
[04:23:43] [main/DEBUG]: Skipping Lnet/minecraftforge/network/packets/RegistryList;
[04:23:43] [main/DEBUG]: Skipping Lnet/minecraftforge/network/packets/RegistryData;
[04:23:43] [main/DEBUG]: Skipping Lnet/minecraftforge/network/packets/OpenContainer;
[04:23:43] [main/DEBUG]: Skipping Lnet/minecraftforge/network/packets/ModVersions;
[04:23:43] [main/DEBUG]: Skipping Lnet/minecraftforge/network/packets/ModVersions$Info;
[04:23:43] [main/DEBUG]: Skipping Lnet/minecraftforge/network/packets/MismatchData;
[04:23:43] [main/DEBUG]: Skipping Lnet/minecraftforge/network/packets/LoginWrapper;
[04:23:43] [main/DEBUG]: Skipping Lnet/minecraftforge/network/packets/ConfigData;
[04:23:43] [main/DEBUG]: Skipping Lnet/minecraftforge/network/packets/ChannelVersions;
[04:23:43] [main/DEBUG]: Skipping Lnet/minecraftforge/network/packets/Acknowledge;
[04:23:43] [main/DEBUG]: Skipping Lnet/minecraftforge/network/filters/VanillaPacketFilter;
[04:23:43] [main/DEBUG]: Skipping Lnet/minecraftforge/network/filters/VanillaConnectionNetworkFilter;
[04:23:43] [main/DEBUG]: Skipping Lnet/minecraftforge/network/filters/NetworkFilters;
[04:23:43] [main/DEBUG]: Skipping Lnet/minecraftforge/network/filters/CommandTreeCleaner;
[04:23:43] [main/DEBUG]: Skipping Lnet/minecraftforge/network/config/SimpleConfigurationTask;
[04:23:43] [main/DEBUG]: Skipping Lnet/minecraftforge/network/config/ConfigurationTaskContext;
[04:23:43] [main/DEBUG]: Skipping Lnet/minecraftforge/network/SimpleChannel;
[04:23:43] [main/DEBUG]: Skipping Lnet/minecraftforge/network/SimpleChannel$MessageBuilder;
[04:23:43] [main/DEBUG]: Skipping Lnet/minecraftforge/network/SimpleChannel$MessageBuilder$ToBooleanTriFunction;
[04:23:43] [main/DEBUG]: Skipping Lnet/minecraftforge/network/SimpleChannel$MessageBuilder$ToBooleanBiFunction;
[04:23:43] [main/DEBUG]: Skipping Lnet/minecraftforge/network/SimpleChannel$Message;
[04:23:43] [main/DEBUG]: Skipping Lnet/minecraftforge/network/ServerStatusPing;
[04:23:43] [main/DEBUG]: Skipping Lnet/minecraftforge/network/ServerStatusPing$ModInfo;
[04:23:43] [main/DEBUG]: Skipping Lnet/minecraftforge/network/ServerStatusPing$ChannelData;
[04:23:43] [main/DEBUG]: Skipping Lnet/minecraftforge/network/PacketDistributor;
[04:23:43] [main/DEBUG]: Skipping Lnet/minecraftforge/network/PacketDistributor$TargetPoint;
[04:23:43] [main/DEBUG]: Skipping Lnet/minecraftforge/network/PacketDistributor$PacketTarget;
[04:23:43] [main/DEBUG]: Skipping Lnet/minecraftforge/network/NetworkRegistry;
[04:23:43] [main/DEBUG]: Skipping Lnet/minecraftforge/network/NetworkInstance;
[04:23:43] [main/DEBUG]: Skipping Lnet/minecraftforge/network/NetworkInitialization;
[04:23:43] [main/DEBUG]: Skipping Lnet/minecraftforge/network/NetworkDirection;
[04:23:43] [main/DEBUG]: Skipping Lnet/minecraftforge/network/NetworkDirection$Factory;
[04:23:43] [main/DEBUG]: Skipping Lnet/minecraftforge/network/NetworkContext;
[04:23:43] [main/DEBUG]: Skipping Lnet/minecraftforge/network/NetworkContext$NetworkMismatchData;
[04:23:43] [main/DEBUG]: Skipping Lnet/minecraftforge/network/NetworkContext$NetworkMismatchData$Version;
[04:23:43] [main/DEBUG]: Skipping Lnet/minecraftforge/network/ICustomPacket;
[04:23:43] [main/DEBUG]: Skipping Lnet/minecraftforge/network/IContainerFactory;
[04:23:43] [main/DEBUG]: Skipping Lnet/minecraftforge/network/ForgePacketHandler;
[04:23:43] [main/DEBUG]: Skipping Lnet/minecraftforge/network/EventNetworkChannel;
[04:23:43] [main/DEBUG]: Skipping Lnet/minecraftforge/network/DualStackUtils;
[04:23:43] [main/DEBUG]: Skipping Lnet/minecraftforge/network/ConnectionType;
[04:23:43] [main/DEBUG]: Skipping Lnet/minecraftforge/network/ChannelListManager;
[04:23:43] [main/DEBUG]: Skipping Lnet/minecraftforge/network/ChannelBuilder;
[04:23:43] [main/DEBUG]: Skipping Lnet/minecraftforge/network/Channel;
[04:23:43] [main/DEBUG]: Skipping Lnet/minecraftforge/network/Channel$VersionTest;
[04:23:43] [main/DEBUG]: Skipping Lnet/minecraftforge/network/Channel$VersionTest$Status;
[04:23:43] [main/DEBUG]: Skipping Lnet/minecraftforge/logging/CrashReportExtender;
[04:23:43] [main/DEBUG]: Skipping Lnet/minecraftforge/logging/CrashReportAnalyser;
[04:23:43] [main/DEBUG]: Skipping Lnet/minecraftforge/items/wrapper/SidedInvWrapper;
[04:23:43] [main/DEBUG]: Skipping Lnet/minecraftforge/items/wrapper/SidedInvWrapper$InsertLimit;
[04:23:43] [main/DEBUG]: Skipping Lnet/minecraftforge/items/wrapper/ShulkerItemStackInvWrapper;
[04:23:43] [main/DEBUG]: Skipping Lnet/minecraftforge/items/wrapper/RecipeWrapper;
[04:23:43] [main/DEBUG]: Skipping Lnet/minecraftforge/items/wrapper/RangedWrapper;
[04:23:43] [main/DEBUG]: Skipping Lnet/minecraftforge/items/wrapper/PlayerOffhandInvWrapper;
[04:23:43] [main/DEBUG]: Skipping Lnet/minecraftforge/items/wrapper/PlayerMainInvWrapper;
[04:23:43] [main/DEBUG]: Skipping Lnet/minecraftforge/items/wrapper/PlayerInvWrapper;
[04:23:43] [main/DEBUG]: Skipping Lnet/minecraftforge/items/wrapper/PlayerArmorInvWrapper;
[04:23:43] [main/DEBUG]: Skipping Lnet/minecraftforge/items/wrapper/InvWrapper;
[04:23:43] [main/DEBUG]: Skipping Lnet/minecraftforge/items/wrapper/EntityHandsInvWrapper;
[04:23:43] [main/DEBUG]: Skipping Lnet/minecraftforge/items/wrapper/EntityEquipmentInvWrapper;
[04:23:43] [main/DEBUG]: Skipping Lnet/minecraftforge/items/wrapper/EntityArmorInvWrapper;
[04:23:43] [main/DEBUG]: Skipping Lnet/minecraftforge/items/wrapper/EmptyHandler;
[04:23:43] [main/DEBUG]: Skipping Lnet/minecraftforge/items/wrapper/CombinedInvWrapper;
[04:23:43] [main/DEBUG]: Skipping Lnet/minecraftforge/items/VanillaInventoryCodeHooks;
[04:23:43] [main/DEBUG]: Skipping Lnet/minecraftforge/items/VanillaHopperItemHandler;
[04:23:43] [main/DEBUG]: Skipping Lnet/minecraftforge/items/SlotItemHandler;
[04:23:43] [main/DEBUG]: Skipping Lnet/minecraftforge/items/ItemStackHandler;
[04:23:43] [main/DEBUG]: Skipping Lnet/minecraftforge/items/ItemHandlerHelper;
[04:23:43] [main/DEBUG]: Skipping Lnet/minecraftforge/items/IItemHandlerModifiable;
[04:23:43] [main/DEBUG]: Skipping Lnet/minecraftforge/items/IItemHandler;
[04:23:43] [main/DEBUG]: Skipping Lnet/minecraftforge/internal/TextComponentMessageFormatHandler;
[04:23:43] [main/DEBUG]: Skipping Lnet/minecraftforge/internal/ForgeBindings;
[04:23:43] [main/DEBUG]: Skipping Lnet/minecraftforge/internal/ForgeBindings$1;
[04:23:43] [main/DEBUG]: Skipping Lnet/minecraftforge/internal/BrandingControl;
[04:23:43] [main/DEBUG]: Skipping Lnet/minecraftforge/gametest/GameTestPrefix;
[04:23:43] [main/DEBUG]: Skipping Lnet/minecraftforge/gametest/GameTestMain;
[04:23:43] [main/DEBUG]: Skipping Lnet/minecraftforge/gametest/GameTestHolder;
[04:23:43] [main/DEBUG]: Skipping Lnet/minecraftforge/gametest/GameTestDontPrefix;
[04:23:43] [main/DEBUG]: Skipping Lnet/minecraftforge/gametest/ForgeGameTestHooks;
[04:23:43] [main/DEBUG]: Skipping Lnet/minecraftforge/gametest/BlockPosValueConverter;
[04:23:43] [main/DEBUG]: Skipping Lnet/minecraftforge/fml/event/lifecycle/ParallelDispatchEvent;
[04:23:43] [main/DEBUG]: Skipping Lnet/minecraftforge/fml/event/lifecycle/ModLifecycleEvent;
[04:23:43] [main/DEBUG]: Skipping Lnet/minecraftforge/fml/event/lifecycle/InterModProcessEvent;
[04:23:43] [main/DEBUG]: Skipping Lnet/minecraftforge/fml/event/lifecycle/InterModEnqueueEvent;
[04:23:43] [main/DEBUG]: Skipping Lnet/minecraftforge/fml/event/lifecycle/FMLLoadCompleteEvent;
[04:23:43] [main/DEBUG]: Skipping Lnet/minecraftforge/fml/event/lifecycle/FMLDedicatedServerSetupEvent;
[04:23:43] [main/DEBUG]: Skipping Lnet/minecraftforge/fml/event/lifecycle/FMLConstructModEvent;
[04:23:43] [main/DEBUG]: Skipping Lnet/minecraftforge/fml/event/lifecycle/FMLCommonSetupEvent;
[04:23:43] [main/DEBUG]: Skipping Lnet/minecraftforge/fml/event/lifecycle/FMLClientSetupEvent;
[04:23:43] [main/DEBUG]: Skipping Lnet/minecraftforge/fml/event/config/ModConfigEvent;
[04:23:43] [main/DEBUG]: Skipping Lnet/minecraftforge/fml/event/config/ModConfigEvent$Unloading;
[04:23:43] [main/DEBUG]: Skipping Lnet/minecraftforge/fml/event/config/ModConfigEvent$Reloading;
[04:23:43] [main/DEBUG]: Skipping Lnet/minecraftforge/fml/event/config/ModConfigEvent$Loading;
[04:23:43] [main/DEBUG]: Skipping Lnet/minecraftforge/fml/core/ParallelTransition;
[04:23:43] [main/DEBUG]: Skipping Lnet/minecraftforge/fml/core/ModStateProvider;
[04:23:43] [main/DEBUG]: Skipping Lnet/minecraftforge/fluids/capability/wrappers/FluidBucketWrapper;
[04:23:43] [main/DEBUG]: Skipping Lnet/minecraftforge/fluids/capability/wrappers/FluidBlockWrapper;
[04:23:43] [main/DEBUG]: Skipping Lnet/minecraftforge/fluids/capability/wrappers/BucketPickupHandlerWrapper;
[04:23:43] [main/DEBUG]: Skipping Lnet/minecraftforge/fluids/capability/wrappers/BlockWrapper;
[04:23:43] [main/DEBUG]: Skipping Lnet/minecraftforge/fluids/capability/wrappers/BlockWrapper$LiquidContainerBlockWrapper;
[04:23:43] [main/DEBUG]: Skipping Lnet/minecraftforge/fluids/capability/templates/VoidFluidHandler;
[04:23:43] [main/DEBUG]: Skipping Lnet/minecraftforge/fluids/capability/templates/FluidTank;
[04:23:43] [main/DEBUG]: Skipping Lnet/minecraftforge/fluids/capability/templates/FluidHandlerItemStackSimple;
[04:23:43] [main/DEBUG]: Skipping Lnet/minecraftforge/fluids/capability/templates/FluidHandlerItemStackSimple$SwapEmpty;
[04:23:43] [main/DEBUG]: Skipping Lnet/minecraftforge/fluids/capability/templates/FluidHandlerItemStackSimple$Consumable;
[04:23:43] [main/DEBUG]: Skipping Lnet/minecraftforge/fluids/capability/templates/FluidHandlerItemStack;
[04:23:43] [main/DEBUG]: Skipping Lnet/minecraftforge/fluids/capability/templates/FluidHandlerItemStack$SwapEmpty;
[04:23:43] [main/DEBUG]: Skipping Lnet/minecraftforge/fluids/capability/templates/FluidHandlerItemStack$Consumable;
[04:23:43] [main/DEBUG]: Skipping Lnet/minecraftforge/fluids/capability/templates/EmptyFluidHandler;
[04:23:43] [main/DEBUG]: Skipping Lnet/minecraftforge/fluids/capability/ItemFluidContainer;
[04:23:43] [main/DEBUG]: Skipping Lnet/minecraftforge/fluids/capability/IFluidHandlerItem;
[04:23:43] [main/DEBUG]: Skipping Lnet/minecraftforge/fluids/capability/IFluidHandler;
[04:23:43] [main/DEBUG]: Skipping Lnet/minecraftforge/fluids/capability/IFluidHandler$FluidAction;
[04:23:43] [main/DEBUG]: Skipping Lnet/minecraftforge/fluids/capability/FluidHandlerBlockEntity;
[04:23:43] [main/DEBUG]: Skipping Lnet/minecraftforge/fluids/IFluidTank;
[04:23:43] [main/DEBUG]: Skipping Lnet/minecraftforge/fluids/IFluidBlock;
[04:23:43] [main/DEBUG]: Skipping Lnet/minecraftforge/fluids/ForgeFlowingFluid;
[04:23:43] [main/DEBUG]: Skipping Lnet/minecraftforge/fluids/ForgeFlowingFluid$Source;
[04:23:43] [main/DEBUG]: Skipping Lnet/minecraftforge/fluids/ForgeFlowingFluid$Properties;
[04:23:43] [main/DEBUG]: Skipping Lnet/minecraftforge/fluids/ForgeFlowingFluid$Flowing;
[04:23:43] [main/DEBUG]: Skipping Lnet/minecraftforge/fluids/FluidUtil;
[04:23:43] [main/DEBUG]: Skipping Lnet/minecraftforge/fluids/FluidType;
[04:23:43] [main/DEBUG]: Skipping Lnet/minecraftforge/fluids/FluidType$Properties;
[04:23:43] [main/DEBUG]: Skipping Lnet/minecraftforge/fluids/FluidStack;
[04:23:43] [main/DEBUG]: Skipping Lnet/minecraftforge/fluids/FluidInteractionRegistry;
[04:23:43] [main/DEBUG]: Skipping Lnet/minecraftforge/fluids/FluidInteractionRegistry$InteractionInformation;
[04:23:43] [main/DEBUG]: Skipping Lnet/minecraftforge/fluids/FluidInteractionRegistry$HasFluidInteraction;
[04:23:43] [main/DEBUG]: Skipping Lnet/minecraftforge/fluids/FluidInteractionRegistry$FluidInteraction;
[04:23:43] [main/DEBUG]: Skipping Lnet/minecraftforge/fluids/FluidActionResult;
[04:23:43] [main/DEBUG]: Skipping Lnet/minecraftforge/fluids/DispenseFluidContainer;
[04:23:43] [main/DEBUG]: Skipping Lnet/minecraftforge/event/village/WandererTradesEvent;
[04:23:43] [main/DEBUG]: Skipping Lnet/minecraftforge/event/village/VillagerTradesEvent;
[04:23:43] [main/DEBUG]: Skipping Lnet/minecraftforge/event/village/VillageSiegeEvent;
[04:23:43] [main/DEBUG]: Skipping Lnet/minecraftforge/event/server/ServerStoppingEvent;
[04:23:43] [main/DEBUG]: Skipping Lnet/minecraftforge/event/server/ServerStoppedEvent;
[04:23:43] [main/DEBUG]: Skipping Lnet/minecraftforge/event/server/ServerStartingEvent;
[04:23:43] [main/DEBUG]: Skipping Lnet/minecraftforge/event/server/ServerStartedEvent;
[04:23:43] [main/DEBUG]: Skipping Lnet/minecraftforge/event/server/ServerLifecycleEvent;
[04:23:43] [main/DEBUG]: Skipping Lnet/minecraftforge/event/server/ServerAboutToStartEvent;
[04:23:43] [main/DEBUG]: Skipping Lnet/minecraftforge/event/network/GatherLoginConfigurationTasksEvent;
[04:23:43] [main/DEBUG]: Skipping Lnet/minecraftforge/event/network/CustomPayloadEvent;
[04:23:43] [main/DEBUG]: Skipping Lnet/minecraftforge/event/network/CustomPayloadEvent$Context;
[04:23:43] [main/DEBUG]: Skipping Lnet/minecraftforge/event/network/ConnectionStartEvent;
[04:23:43] [main/DEBUG]: Skipping Lnet/minecraftforge/event/network/ChannelRegistrationChangeEvent;
[04:23:43] [main/DEBUG]: Skipping Lnet/minecraftforge/event/network/ChannelRegistrationChangeEvent$Type;
[04:23:43] [main/DEBUG]: Skipping Lnet/minecraftforge/event/level/SleepFinishedTimeEvent;
[04:23:43] [main/DEBUG]: Skipping Lnet/minecraftforge/event/level/SaplingGrowTreeEvent;
[04:23:43] [main/DEBUG]: Skipping Lnet/minecraftforge/event/level/PistonEvent;
[04:23:43] [main/DEBUG]: Skipping Lnet/minecraftforge/event/level/PistonEvent$Pre;
[04:23:43] [main/DEBUG]: Skipping Lnet/minecraftforge/event/level/PistonEvent$Post;
[04:23:43] [main/DEBUG]: Skipping Lnet/minecraftforge/event/level/PistonEvent$PistonMoveType;
[04:23:43] [main/DEBUG]: Skipping Lnet/minecraftforge/event/level/NoteBlockEvent;
[04:23:43] [main/DEBUG]: Skipping Lnet/minecraftforge/event/level/NoteBlockEvent$Play;
[04:23:43] [main/DEBUG]: Skipping Lnet/minecraftforge/event/level/NoteBlockEvent$Octave;
[04:23:43] [main/DEBUG]: Skipping Lnet/minecraftforge/event/level/NoteBlockEvent$Note;
[04:23:43] [main/DEBUG]: Skipping Lnet/minecraftforge/event/level/NoteBlockEvent$Change;
[04:23:43] [main/DEBUG]: Skipping Lnet/minecraftforge/event/level/LevelEvent;
[04:23:43] [main/DEBUG]: Skipping Lnet/minecraftforge/event/level/LevelEvent$Unload;
[04:23:43] [main/DEBUG]: Skipping Lnet/minecraftforge/event/level/LevelEvent$Save;
[04:23:43] [main/DEBUG]: Skipping Lnet/minecraftforge/event/level/LevelEvent$PotentialSpawns;
[04:23:43] [main/DEBUG]: Skipping Lnet/minecraftforge/event/level/LevelEvent$Load;
[04:23:43] [main/DEBUG]: Skipping Lnet/minecraftforge/event/level/LevelEvent$CreateSpawnPosition;
[04:23:43] [main/DEBUG]: Skipping Lnet/minecraftforge/event/level/ExplosionEvent;
[04:23:43] [main/DEBUG]: Skipping Lnet/minecraftforge/event/level/ExplosionEvent$Start;
[04:23:43] [main/DEBUG]: Skipping Lnet/minecraftforge/event/level/ExplosionEvent$Detonate;
[04:23:43] [main/DEBUG]: Skipping Lnet/minecraftforge/event/level/ChunkWatchEvent;
[04:23:43] [main/DEBUG]: Skipping Lnet/minecraftforge/event/level/ChunkWatchEvent$Watch;
[04:23:43] [main/DEBUG]: Skipping Lnet/minecraftforge/event/level/ChunkWatchEvent$UnWatch;
[04:23:43] [main/DEBUG]: Skipping Lnet/minecraftforge/event/level/ChunkTicketLevelUpdatedEvent;
[04:23:43] [main/DEBUG]: Skipping Lnet/minecraftforge/event/level/ChunkEvent;
[04:23:43] [main/DEBUG]: Skipping Lnet/minecraftforge/event/level/ChunkEvent$Unload;
[04:23:43] [main/DEBUG]: Skipping Lnet/minecraftforge/event/level/ChunkEvent$Load;
[04:23:43] [main/DEBUG]: Skipping Lnet/minecraftforge/event/level/ChunkDataEvent;
[04:23:43] [main/DEBUG]: Skipping Lnet/minecraftforge/event/level/ChunkDataEvent$Save;
[04:23:43] [main/DEBUG]: Skipping Lnet/minecraftforge/event/level/ChunkDataEvent$Load;
[04:23:43] [main/DEBUG]: Skipping Lnet/minecraftforge/event/level/BlockEvent;
[04:23:43] [main/DEBUG]: Skipping Lnet/minecraftforge/event/level/BlockEvent$PortalSpawnEvent;
[04:23:43] [main/DEBUG]: Skipping Lnet/minecraftforge/event/level/BlockEvent$NeighborNotifyEvent;
[04:23:43] [main/DEBUG]: Skipping Lnet/minecraftforge/event/level/BlockEvent$FluidPlaceBlockEvent;
[04:23:43] [main/DEBUG]: Skipping Lnet/minecraftforge/event/level/BlockEvent$FarmlandTrampleEvent;
[04:23:43] [main/DEBUG]: Skipping Lnet/minecraftforge/event/level/BlockEvent$EntityPlaceEvent;
[04:23:43] [main/DEBUG]: Skipping Lnet/minecraftforge/event/level/BlockEvent$EntityMultiPlaceEvent;
[04:23:43] [main/DEBUG]: Skipping Lnet/minecraftforge/event/level/BlockEvent$CropGrowEvent;
[04:23:43] [main/DEBUG]: Skipping Lnet/minecraftforge/event/level/BlockEvent$CropGrowEvent$Pre;
[04:23:43] [main/DEBUG]: Skipping Lnet/minecraftforge/event/level/BlockEvent$CropGrowEvent$Post;
[04:23:43] [main/DEBUG]: Skipping Lnet/minecraftforge/event/level/BlockEvent$CreateFluidSourceEvent;
[04:23:43] [main/DEBUG]: Skipping Lnet/minecraftforge/event/level/BlockEvent$BreakEvent;
[04:23:43] [main/DEBUG]: Skipping Lnet/minecraftforge/event/level/BlockEvent$BlockToolModificationEvent;
[04:23:43] [main/DEBUG]: Skipping Lnet/minecraftforge/event/level/AlterGroundEvent;
[04:23:43] [main/DEBUG]: Skipping Lnet/minecraftforge/event/furnace/FurnaceFuelBurnTimeEvent;
[04:23:43] [main/DEBUG]: Skipping Lnet/minecraftforge/event/entity/player/TradeWithVillagerEvent;
[04:23:43] [main/DEBUG]: Skipping Lnet/minecraftforge/event/entity/player/SleepingTimeCheckEvent;
[04:23:43] [main/DEBUG]: Skipping Lnet/minecraftforge/event/entity/player/SleepingLocationCheckEvent;
[04:23:43] [main/DEBUG]: Skipping Lnet/minecraftforge/event/entity/player/PlayerXpEvent;
[04:23:43] [main/DEBUG]: Skipping Lnet/minecraftforge/event/entity/player/PlayerXpEvent$XpChange;
[04:23:43] [main/DEBUG]: Skipping Lnet/minecraftforge/event/entity/player/PlayerXpEvent$PickupXp;
[04:23:43] [main/DEBUG]: Skipping Lnet/minecraftforge/event/entity/player/PlayerXpEvent$LevelChange;
[04:23:43] [main/DEBUG]: Skipping Lnet/minecraftforge/event/entity/player/PlayerWakeUpEvent;
[04:23:43] [main/DEBUG]: Skipping Lnet/minecraftforge/event/entity/player/PlayerSpawnPhantomsEvent;
[04:23:43] [main/DEBUG]: Skipping Lnet/minecraftforge/event/entity/player/PlayerSleepInBedEvent;
[04:23:43] [main/DEBUG]: Skipping Lnet/minecraftforge/event/entity/player/PlayerSetSpawnEvent;
[04:23:43] [main/DEBUG]: Skipping Lnet/minecraftforge/event/entity/player/PlayerInteractEvent;
[04:23:43] [main/DEBUG]: Skipping Lnet/minecraftforge/event/entity/player/PlayerInteractEvent$RightClickItem;
[04:23:43] [main/DEBUG]: Skipping Lnet/minecraftforge/event/entity/player/PlayerInteractEvent$RightClickEmpty;
[04:23:43] [main/DEBUG]: Skipping Lnet/minecraftforge/event/entity/player/PlayerInteractEvent$RightClickBlock;
[04:23:43] [main/DEBUG]: Skipping Lnet/minecraftforge/event/entity/player/PlayerInteractEvent$LeftClickEmpty;
[04:23:43] [main/DEBUG]: Skipping Lnet/minecraftforge/event/entity/player/PlayerInteractEvent$LeftClickBlock;
[04:23:43] [main/DEBUG]: Skipping Lnet/minecraftforge/event/entity/player/PlayerInteractEvent$LeftClickBlock$Action;
[04:23:43] [main/DEBUG]: Skipping Lnet/minecraftforge/event/entity/player/PlayerInteractEvent$EntityInteractSpecific;
[04:23:43] [main/DEBUG]: Skipping Lnet/minecraftforge/event/entity/player/PlayerInteractEvent$EntityInteract;
[04:23:43] [main/DEBUG]: Skipping Lnet/minecraftforge/event/entity/player/PlayerInteractEvent$1;
[04:23:43] [main/DEBUG]: Skipping Lnet/minecraftforge/event/entity/player/PlayerFlyableFallEvent;
[04:23:43] [main/DEBUG]: Skipping Lnet/minecraftforge/event/entity/player/PlayerEvent;
[04:23:43] [main/DEBUG]: Skipping Lnet/minecraftforge/event/entity/player/PlayerEvent$TabListNameFormat;
[04:23:43] [main/DEBUG]: Skipping Lnet/minecraftforge/event/entity/player/PlayerEvent$StopTracking;
[04:23:43] [main/DEBUG]: Skipping Lnet/minecraftforge/event/entity/player/PlayerEvent$StartTracking;
[04:23:43] [main/DEBUG]: Skipping Lnet/minecraftforge/event/entity/player/PlayerEvent$SaveToFile;
[04:23:43] [main/DEBUG]: Skipping Lnet/minecraftforge/event/entity/player/PlayerEvent$PlayerRespawnEvent;
[04:23:43] [main/DEBUG]: Skipping Lnet/minecraftforge/event/entity/player/PlayerEvent$PlayerLoggedOutEvent;
[04:23:43] [main/DEBUG]: Skipping Lnet/minecraftforge/event/entity/player/PlayerEvent$PlayerLoggedInEvent;
[04:23:43] [main/DEBUG]: Skipping Lnet/minecraftforge/event/entity/player/PlayerEvent$PlayerChangedDimensionEvent;
[04:23:43] [main/DEBUG]: Skipping Lnet/minecraftforge/event/entity/player/PlayerEvent$PlayerChangeGameModeEvent;
[04:23:43] [main/DEBUG]: Skipping Lnet/minecraftforge/event/entity/player/PlayerEvent$NameFormat;
[04:23:43] [main/DEBUG]: Skipping Lnet/minecraftforge/event/entity/player/PlayerEvent$LoadFromFile;
[04:23:43] [main/DEBUG]: Skipping Lnet/minecraftforge/event/entity/player/PlayerEvent$ItemSmeltedEvent;
[04:23:43] [main/DEBUG]: Skipping Lnet/minecraftforge/event/entity/player/PlayerEvent$ItemPickupEvent;
[04:23:43] [main/DEBUG]: Skipping Lnet/minecraftforge/event/entity/player/PlayerEvent$ItemCraftedEvent;
[04:23:43] [main/DEBUG]: Skipping Lnet/minecraftforge/event/entity/player/PlayerEvent$HarvestCheck;
[04:23:43] [main/DEBUG]: Skipping Lnet/minecraftforge/event/entity/player/PlayerEvent$Clone;
[04:23:43] [main/DEBUG]: Skipping Lnet/minecraftforge/event/entity/player/PlayerEvent$BreakSpeed;
[04:23:43] [main/DEBUG]: Skipping Lnet/minecraftforge/event/entity/player/PlayerDestroyItemEvent;
[04:23:43] [main/DEBUG]: Skipping Lnet/minecraftforge/event/entity/player/PlayerContainerEvent;
[04:23:43] [main/DEBUG]: Skipping Lnet/minecraftforge/event/entity/player/PlayerContainerEvent$Open;
[04:23:43] [main/DEBUG]: Skipping Lnet/minecraftforge/event/entity/player/PlayerContainerEvent$Close;
[04:23:43] [main/DEBUG]: Skipping Lnet/minecraftforge/event/entity/player/PermissionsChangedEvent;
[04:23:43] [main/DEBUG]: Skipping Lnet/minecraftforge/event/entity/player/ItemTooltipEvent;
[04:23:43] [main/DEBUG]: Skipping Lnet/minecraftforge/event/entity/player/ItemFishedEvent;
[04:23:43] [main/DEBUG]: Skipping Lnet/minecraftforge/event/entity/player/FillBucketEvent;
[04:23:43] [main/DEBUG]: Skipping Lnet/minecraftforge/event/entity/player/EntityItemPickupEvent;
[04:23:43] [main/DEBUG]: Skipping Lnet/minecraftforge/event/entity/player/CriticalHitEvent;
[04:23:43] [main/DEBUG]: Skipping Lnet/minecraftforge/event/entity/player/BonemealEvent;
[04:23:43] [main/DEBUG]: Skipping Lnet/minecraftforge/event/entity/player/AttackEntityEvent;
[04:23:43] [main/DEBUG]: Skipping Lnet/minecraftforge/event/entity/player/ArrowNockEvent;
[04:23:43] [main/DEBUG]: Skipping Lnet/minecraftforge/event/entity/player/ArrowLooseEvent;
[04:23:43] [main/DEBUG]: Skipping Lnet/minecraftforge/event/entity/player/AnvilRepairEvent;
[04:23:43] [main/DEBUG]: Skipping Lnet/minecraftforge/event/entity/player/AdvancementEvent;
[04:23:43] [main/DEBUG]: Skipping Lnet/minecraftforge/event/entity/player/AdvancementEvent$AdvancementProgressEvent;
[04:23:43] [main/DEBUG]: Skipping Lnet/minecraftforge/event/entity/player/AdvancementEvent$AdvancementProgressEvent$ProgressType;
[04:23:43] [main/DEBUG]: Skipping Lnet/minecraftforge/event/entity/player/AdvancementEvent$AdvancementEarnEvent;
[04:23:43] [main/DEBUG]: Skipping Lnet/minecraftforge/event/entity/living/ZombieEvent;
[04:23:43] [main/DEBUG]: Skipping Lnet/minecraftforge/event/entity/living/ZombieEvent$SummonAidEvent;
[04:23:43] [main/DEBUG]: Skipping Lnet/minecraftforge/event/entity/living/ShieldBlockEvent;
[04:23:43] [main/DEBUG]: Skipping Lnet/minecraftforge/event/entity/living/PotionColorCalculationEvent;
[04:23:43] [main/DEBUG]: Skipping Lnet/minecraftforge/event/entity/living/MobSpawnEvent;
[04:23:43] [main/DEBUG]: Skipping Lnet/minecraftforge/event/entity/living/MobSpawnEvent$SpawnPlacementCheck;
[04:23:43] [main/DEBUG]: Skipping Lnet/minecraftforge/event/entity/living/MobSpawnEvent$PositionCheck;
[04:23:43] [main/DEBUG]: Skipping Lnet/minecraftforge/event/entity/living/MobSpawnEvent$FinalizeSpawn;
[04:23:43] [main/DEBUG]: Skipping Lnet/minecraftforge/event/entity/living/MobSpawnEvent$AllowDespawn;
[04:23:43] [main/DEBUG]: Skipping Lnet/minecraftforge/event/entity/living/MobEffectEvent;
[04:23:43] [main/DEBUG]: Skipping Lnet/minecraftforge/event/entity/living/MobEffectEvent$Remove;
[04:23:43] [main/DEBUG]: Skipping Lnet/minecraftforge/event/entity/living/MobEffectEvent$Expired;
[04:23:43] [main/DEBUG]: Skipping Lnet/minecraftforge/event/entity/living/MobEffectEvent$Applicable;
[04:23:43] [main/DEBUG]: Skipping Lnet/minecraftforge/event/entity/living/MobEffectEvent$Added;
[04:23:43] [main/DEBUG]: Skipping Lnet/minecraftforge/event/entity/living/LootingLevelEvent;
[04:23:43] [main/DEBUG]: Skipping Lnet/minecraftforge/event/entity/living/LivingUseTotemEvent;
[04:23:43] [main/DEBUG]: Skipping Lnet/minecraftforge/event/entity/living/LivingSwapItemsEvent;
[04:23:43] [main/DEBUG]: Skipping Lnet/minecraftforge/event/entity/living/LivingSwapItemsEvent$Hands;
[04:23:43] [main/DEBUG]: Skipping Lnet/minecraftforge/event/entity/living/LivingPackSizeEvent;
[04:23:43] [main/DEBUG]: Skipping Lnet/minecraftforge/event/entity/living/LivingMakeBrainEvent;
[04:23:43] [main/DEBUG]: Skipping Lnet/minecraftforge/event/entity/living/LivingKnockBackEvent;
[04:23:43] [main/DEBUG]: Skipping Lnet/minecraftforge/event/entity/living/LivingHurtEvent;
[04:23:43] [main/DEBUG]: Skipping Lnet/minecraftforge/event/entity/living/LivingHealEvent;
[04:23:43] [main/DEBUG]: Skipping Lnet/minecraftforge/event/entity/living/LivingGetProjectileEvent;
[04:23:43] [main/DEBUG]: Skipping Lnet/minecraftforge/event/entity/living/LivingFallEvent;
[04:23:43] [main/DEBUG]: Skipping Lnet/minecraftforge/event/entity/living/LivingExperienceDropEvent;
[04:23:43] [main/DEBUG]: Skipping Lnet/minecraftforge/event/entity/living/LivingEvent;
[04:23:43] [main/DEBUG]: Skipping Lnet/minecraftforge/event/entity/living/LivingEvent$LivingVisibilityEvent;
[04:23:43] [main/DEBUG]: Skipping Lnet/minecraftforge/event/entity/living/LivingEvent$LivingTickEvent;
[04:23:43] [main/DEBUG]: Skipping Lnet/minecraftforge/event/entity/living/LivingEvent$LivingJumpEvent;
[04:23:43] [main/DEBUG]: Skipping Lnet/minecraftforge/event/entity/living/LivingEquipmentChangeEvent;
[04:23:43] [main/DEBUG]: Skipping Lnet/minecraftforge/event/entity/living/LivingEntityUseItemEvent;
[04:23:43] [main/DEBUG]: Skipping Lnet/minecraftforge/event/entity/living/LivingEntityUseItemEvent$Tick;
[04:23:43] [main/DEBUG]: Skipping Lnet/minecraftforge/event/entity/living/LivingEntityUseItemEvent$Stop;
[04:23:43] [main/DEBUG]: Skipping Lnet/minecraftforge/event/entity/living/LivingEntityUseItemEvent$Start;
[04:23:43] [main/DEBUG]: Skipping Lnet/minecraftforge/event/entity/living/LivingEntityUseItemEvent$Finish;
[04:23:43] [main/DEBUG]: Skipping Lnet/minecraftforge/event/entity/living/LivingDrownEvent;
[04:23:43] [main/DEBUG]: Skipping Lnet/minecraftforge/event/entity/living/LivingDropsEvent;
[04:23:43] [main/DEBUG]: Skipping Lnet/minecraftforge/event/entity/living/LivingDestroyBlockEvent;
[04:23:43] [main/DEBUG]: Skipping Lnet/minecraftforge/event/entity/living/LivingDeathEvent;
[04:23:43] [main/DEBUG]: Skipping Lnet/minecraftforge/event/entity/living/LivingDamageEvent;
[04:23:43] [main/DEBUG]: Skipping Lnet/minecraftforge/event/entity/living/LivingConversionEvent;
[04:23:43] [main/DEBUG]: Skipping Lnet/minecraftforge/event/entity/living/LivingConversionEvent$Pre;
[04:23:43] [main/DEBUG]: Skipping Lnet/minecraftforge/event/entity/living/LivingConversionEvent$Post;
[04:23:43] [main/DEBUG]: Skipping Lnet/minecraftforge/event/entity/living/LivingChangeTargetEvent;
[04:23:43] [main/DEBUG]: Skipping Lnet/minecraftforge/event/entity/living/LivingChangeTargetEvent$LivingTargetType;
[04:23:43] [main/DEBUG]: Skipping Lnet/minecraftforge/event/entity/living/LivingChangeTargetEvent$ILivingTargetType;
[04:23:43] [main/DEBUG]: Skipping Lnet/minecraftforge/event/entity/living/LivingBreatheEvent;
[04:23:43] [main/DEBUG]: Skipping Lnet/minecraftforge/event/entity/living/LivingAttackEvent;
[04:23:43] [main/DEBUG]: Skipping Lnet/minecraftforge/event/entity/living/EnderManAngerEvent;
[04:23:43] [main/DEBUG]: Skipping Lnet/minecraftforge/event/entity/living/BabyEntitySpawnEvent;
[04:23:43] [main/DEBUG]: Skipping Lnet/minecraftforge/event/entity/living/AnimalTameEvent;
[04:23:43] [main/DEBUG]: Skipping Lnet/minecraftforge/event/entity/item/ItemTossEvent;
[04:23:43] [main/DEBUG]: Skipping Lnet/minecraftforge/event/entity/item/ItemExpireEvent;
[04:23:43] [main/DEBUG]: Skipping Lnet/minecraftforge/event/entity/item/ItemEvent;
[04:23:43] [main/DEBUG]: Skipping Lnet/minecraftforge/event/entity/SpawnPlacementRegisterEvent;
[04:23:43] [main/DEBUG]: Skipping Lnet/minecraftforge/event/entity/SpawnPlacementRegisterEvent$Operation;
[04:23:43] [main/DEBUG]: Skipping Lnet/minecraftforge/event/entity/SpawnPlacementRegisterEvent$MergedSpawnPredicate;
[04:23:43] [main/DEBUG]: Skipping Lnet/minecraftforge/event/entity/ProjectileImpactEvent;
[04:23:43] [main/DEBUG]: Skipping Lnet/minecraftforge/event/entity/ProjectileImpactEvent$ImpactResult;
[04:23:43] [main/DEBUG]: Skipping Lnet/minecraftforge/event/entity/EntityTravelToDimensionEvent;
[04:23:43] [main/DEBUG]: Skipping Lnet/minecraftforge/event/entity/EntityTeleportEvent;
[04:23:43] [main/DEBUG]: Skipping Lnet/minecraftforge/event/entity/EntityTeleportEvent$TeleportCommand;
[04:23:43] [main/DEBUG]: Skipping Lnet/minecraftforge/event/entity/EntityTeleportEvent$SpreadPlayersCommand;
[04:23:43] [main/DEBUG]: Skipping Lnet/minecraftforge/event/entity/EntityTeleportEvent$EnderPearl;
[04:23:43] [main/DEBUG]: Skipping Lnet/minecraftforge/event/entity/EntityTeleportEvent$EnderEntity;
[04:23:43] [main/DEBUG]: Skipping Lnet/minecraftforge/event/entity/EntityTeleportEvent$ChorusFruit;
[04:23:43] [main/DEBUG]: Skipping Lnet/minecraftforge/event/entity/EntityStruckByLightningEvent;
[04:23:43] [main/DEBUG]: Skipping Lnet/minecraftforge/event/entity/EntityMountEvent;
[04:23:43] [main/DEBUG]: Skipping Lnet/minecraftforge/event/entity/EntityMobGriefingEvent;
[04:23:43] [main/DEBUG]: Skipping Lnet/minecraftforge/event/entity/EntityLeaveLevelEvent;
[04:23:43] [main/DEBUG]: Skipping Lnet/minecraftforge/event/entity/EntityJoinLevelEvent;
[04:23:43] [main/DEBUG]: Skipping Lnet/minecraftforge/event/entity/EntityEvent;
[04:23:43] [main/DEBUG]: Skipping Lnet/minecraftforge/event/entity/EntityEvent$EntityConstructing;
[04:23:43] [main/DEBUG]: Skipping Lnet/minecraftforge/event/entity/EntityEvent$EnteringSection;
[04:23:43] [main/DEBUG]: Skipping Lnet/minecraftforge/event/entity/EntityAttributeModificationEvent;
[04:23:43] [main/DEBUG]: Skipping Lnet/minecraftforge/event/entity/EntityAttributeCreationEvent;
[04:23:43] [main/DEBUG]: Skipping Lnet/minecraftforge/event/enchanting/EnchantmentLevelSetEvent;
[04:23:43] [main/DEBUG]: Skipping Lnet/minecraftforge/event/brewing/PotionBrewEvent;
[04:23:43] [main/DEBUG]: Skipping Lnet/minecraftforge/event/brewing/PotionBrewEvent$Pre;
[04:23:43] [main/DEBUG]: Skipping Lnet/minecraftforge/event/brewing/PotionBrewEvent$Post;
[04:23:43] [main/DEBUG]: Skipping Lnet/minecraftforge/event/brewing/PlayerBrewedPotionEvent;
[04:23:43] [main/DEBUG]: Skipping Lnet/minecraftforge/event/VanillaGameEvent;
[04:23:43] [main/DEBUG]: Skipping Lnet/minecraftforge/event/TickEvent;
[04:23:43] [main/DEBUG]: Skipping Lnet/minecraftforge/event/TickEvent$Type;
[04:23:43] [main/DEBUG]: Skipping Lnet/minecraftforge/event/TickEvent$ServerTickEvent;
[04:23:43] [main/DEBUG]: Skipping Lnet/minecraftforge/event/TickEvent$ServerTickEvent$Pre;
[04:23:43] [main/DEBUG]: Skipping Lnet/minecraftforge/event/TickEvent$ServerTickEvent$Post;
[04:23:43] [main/DEBUG]: Skipping Lnet/minecraftforge/event/TickEvent$RenderTickEvent;
[04:23:43] [main/DEBUG]: Skipping Lnet/minecraftforge/event/TickEvent$RenderTickEvent$Pre;
[04:23:43] [main/DEBUG]: Skipping Lnet/minecraftforge/event/TickEvent$RenderTickEvent$Post;
[04:23:43] [main/DEBUG]: Skipping Lnet/minecraftforge/event/TickEvent$PlayerTickEvent;
[04:23:43] [main/DEBUG]: Skipping Lnet/minecraftforge/event/TickEvent$PlayerTickEvent$Pre;
[04:23:43] [main/DEBUG]: Skipping Lnet/minecraftforge/event/TickEvent$PlayerTickEvent$Post;
[04:23:43] [main/DEBUG]: Skipping Lnet/minecraftforge/event/TickEvent$Phase;
[04:23:43] [main/DEBUG]: Skipping Lnet/minecraftforge/event/TickEvent$LevelTickEvent;
[04:23:43] [main/DEBUG]: Skipping Lnet/minecraftforge/event/TickEvent$LevelTickEvent$Pre;
[04:23:43] [main/DEBUG]: Skipping Lnet/minecraftforge/event/TickEvent$LevelTickEvent$Post;
[04:23:43] [main/DEBUG]: Skipping Lnet/minecraftforge/event/TickEvent$ClientTickEvent;
[04:23:43] [main/DEBUG]: Skipping Lnet/minecraftforge/event/TickEvent$ClientTickEvent$Pre;
[04:23:43] [main/DEBUG]: Skipping Lnet/minecraftforge/event/TickEvent$ClientTickEvent$Post;
[04:23:43] [main/DEBUG]: Skipping Lnet/minecraftforge/event/TagsUpdatedEvent;
[04:23:43] [main/DEBUG]: Skipping Lnet/minecraftforge/event/TagsUpdatedEvent$UpdateCause;
[04:23:43] [main/DEBUG]: Skipping Lnet/minecraftforge/event/ServerChatEvent;
[04:23:43] [main/DEBUG]: Skipping Lnet/minecraftforge/event/RegisterStructureConversionsEvent;
[04:23:43] [main/DEBUG]: Skipping Lnet/minecraftforge/event/RegisterGameTestsEvent;
[04:23:43] [main/DEBUG]: Skipping Lnet/minecraftforge/event/RegisterCommandsEvent;
[04:23:43] [main/DEBUG]: Skipping Lnet/minecraftforge/event/PlayLevelSoundEvent;
[04:23:43] [main/DEBUG]: Skipping Lnet/minecraftforge/event/PlayLevelSoundEvent$AtPosition;
[04:23:43] [main/DEBUG]: Skipping Lnet/minecraftforge/event/PlayLevelSoundEvent$AtEntity;
[04:23:43] [main/DEBUG]: Skipping Lnet/minecraftforge/event/OnDatapackSyncEvent;
[04:23:43] [main/DEBUG]: Skipping Lnet/minecraftforge/event/ModMismatchEvent;
[04:23:43] [main/DEBUG]: Skipping Lnet/minecraftforge/event/ModMismatchEvent$MismatchedVersionInfo;
[04:23:43] [main/DEBUG]: Skipping Lnet/minecraftforge/event/ModMismatchEvent$MismatchResolutionResult;
[04:23:43] [main/DEBUG]: Skipping Lnet/minecraftforge/event/LootTableLoadEvent;
[04:23:43] [main/DEBUG]: Skipping Lnet/minecraftforge/event/ItemStackedOnOtherEvent;
[04:23:43] [main/DEBUG]: Skipping Lnet/minecraftforge/event/ItemAttributeModifierEvent;
[04:23:43] [main/DEBUG]: Skipping Lnet/minecraftforge/event/GrindstoneEvent;
[04:23:43] [main/DEBUG]: Skipping Lnet/minecraftforge/event/GrindstoneEvent$OnTakeItem;
[04:23:43] [main/DEBUG]: Skipping Lnet/minecraftforge/event/GrindstoneEvent$OnPlaceItem;
[04:23:43] [main/DEBUG]: Skipping Lnet/minecraftforge/event/GameShuttingDownEvent;
[04:23:43] [main/DEBUG]: Skipping Lnet/minecraftforge/event/ForgeEventFactory;
[04:23:43] [main/DEBUG]: Skipping Lnet/minecraftforge/event/DifficultyChangeEvent;
[04:23:43] [main/DEBUG]: Skipping Lnet/minecraftforge/event/CommandEvent;
[04:23:43] [main/DEBUG]: Skipping Lnet/minecraftforge/event/BuildCreativeModeTabContentsEvent;
[04:23:43] [main/DEBUG]: Skipping Lnet/minecraftforge/event/AttachCapabilitiesEvent;
[04:23:43] [main/DEBUG]: Skipping Lnet/minecraftforge/event/AnvilUpdateEvent;
[04:23:43] [main/DEBUG]: Skipping Lnet/minecraftforge/event/AddReloadListenerEvent;
[04:23:43] [main/DEBUG]: Skipping Lnet/minecraftforge/event/AddReloadListenerEvent$WrappedStateAwareListener;
[04:23:43] [main/DEBUG]: Skipping Lnet/minecraftforge/event/AddPackFindersEvent;
[04:23:43] [main/DEBUG]: Skipping Lnet/minecraftforge/entity/PartEntity;
[04:23:43] [main/DEBUG]: Skipping Lnet/minecraftforge/entity/IEntityAdditionalSpawnData;
[04:23:43] [main/DEBUG]: Skipping Lnet/minecraftforge/energy/IEnergyStorage;
[04:23:43] [main/DEBUG]: Skipping Lnet/minecraftforge/energy/EnergyStorage;
[04:23:43] [main/DEBUG]: Skipping Lnet/minecraftforge/energy/EmptyEnergyStorage;
[04:23:43] [main/DEBUG]: Skipping Lnet/minecraftforge/data/loading/DatagenModLoader;
[04:23:43] [main/DEBUG]: Skipping Lnet/minecraftforge/data/event/GatherDataEvent;
[04:23:43] [main/DEBUG]: Skipping Lnet/minecraftforge/data/event/GatherDataEvent$DataGeneratorConfig;
[04:23:43] [main/DEBUG]: Skipping Lnet/minecraftforge/common/world/StructureSettingsBuilder;
[04:23:43] [main/DEBUG]: Skipping Lnet/minecraftforge/common/world/StructureSettingsBuilder$StructureSpawnOverrideBuilder;
[04:23:43] [main/DEBUG]: Skipping Lnet/minecraftforge/common/world/StructureModifier;
[04:23:43] [main/DEBUG]: Skipping Lnet/minecraftforge/common/world/StructureModifier$Phase;
[04:23:43] [main/DEBUG]: Skipping Lnet/minecraftforge/common/world/PieceBeardifierModifier;
[04:23:43] [main/DEBUG]: Skipping Lnet/minecraftforge/common/world/NoneStructureModifier;
[04:23:43] [main/DEBUG]: Skipping Lnet/minecraftforge/common/world/NoneBiomeModifier;
[04:23:43] [main/DEBUG]: Skipping Lnet/minecraftforge/common/world/ModifiableStructureInfo;
[04:23:43] [main/DEBUG]: Skipping Lnet/minecraftforge/common/world/ModifiableStructureInfo$StructureInfo;
[04:23:43] [main/DEBUG]: Skipping Lnet/minecraftforge/common/world/ModifiableStructureInfo$StructureInfo$Builder;
[04:23:43] [main/DEBUG]: Skipping Lnet/minecraftforge/common/world/ModifiableBiomeInfo;
[04:23:43] [main/DEBUG]: Skipping Lnet/minecraftforge/common/world/ModifiableBiomeInfo$BiomeInfo;
[04:23:43] [main/DEBUG]: Skipping Lnet/minecraftforge/common/world/ModifiableBiomeInfo$BiomeInfo$Builder;
[04:23:43] [main/DEBUG]: Skipping Lnet/minecraftforge/common/world/MobSpawnSettingsBuilder;
[04:23:43] [main/DEBUG]: Skipping Lnet/minecraftforge/common/world/ForgeChunkManager;
[04:23:43] [main/DEBUG]: Skipping Lnet/minecraftforge/common/world/ForgeChunkManager$TicketTracker;
[04:23:43] [main/DEBUG]: Skipping Lnet/minecraftforge/common/world/ForgeChunkManager$TicketOwner;
[04:23:43] [main/DEBUG]: Skipping Lnet/minecraftforge/common/world/ForgeChunkManager$TicketHelper;
[04:23:43] [main/DEBUG]: Skipping Lnet/minecraftforge/common/world/ForgeChunkManager$LoadingValidationCallback;
[04:23:43] [main/DEBUG]: Skipping Lnet/minecraftforge/common/world/ForgeBiomeModifiers;
[04:23:43] [main/DEBUG]: Skipping Lnet/minecraftforge/common/world/ForgeBiomeModifiers$RemoveSpawnsBiomeModifier;
[04:23:43] [main/DEBUG]: Skipping Lnet/minecraftforge/common/world/ForgeBiomeModifiers$RemoveFeaturesBiomeModifier;
[04:23:43] [main/DEBUG]: Skipping Lnet/minecraftforge/common/world/ForgeBiomeModifiers$AddSpawnsBiomeModifier;
[04:23:43] [main/DEBUG]: Skipping Lnet/minecraftforge/common/world/ForgeBiomeModifiers$AddFeaturesBiomeModifier;
[04:23:43] [main/DEBUG]: Skipping Lnet/minecraftforge/common/world/ClimateSettingsBuilder;
[04:23:43] [main/DEBUG]: Skipping Lnet/minecraftforge/common/world/BiomeSpecialEffectsBuilder;
[04:23:43] [main/DEBUG]: Skipping Lnet/minecraftforge/common/world/BiomeModifier;
[04:23:43] [main/DEBUG]: Skipping Lnet/minecraftforge/common/world/BiomeModifier$Phase;
[04:23:43] [main/DEBUG]: Skipping Lnet/minecraftforge/common/world/BiomeGenerationSettingsBuilder;
[04:23:43] [main/DEBUG]: Skipping Lnet/minecraftforge/common/util/TriPredicate;
[04:23:43] [main/DEBUG]: Skipping Lnet/minecraftforge/common/util/TransformationHelper;
[04:23:43] [main/DEBUG]: Skipping Lnet/minecraftforge/common/util/TransformationHelper$TransformOrigin;
[04:23:43] [main/DEBUG]: Skipping Lnet/minecraftforge/common/util/TransformationHelper$Deserializer;
[04:23:43] [main/DEBUG]: Skipping Lnet/minecraftforge/common/util/TextTable;
[04:23:43] [main/DEBUG]: Skipping Lnet/minecraftforge/common/util/TextTable$Row;
[04:23:43] [main/DEBUG]: Skipping Lnet/minecraftforge/common/util/TextTable$Column;
[04:23:43] [main/DEBUG]: Skipping Lnet/minecraftforge/common/util/TextTable$Alignment;
[04:23:43] [main/DEBUG]: Skipping Lnet/minecraftforge/common/util/TextTable$1;
[04:23:43] [main/DEBUG]: Skipping Lnet/minecraftforge/common/util/TablePrinter;
[04:23:43] [main/DEBUG]: Skipping Lnet/minecraftforge/common/util/TablePrinter$Header;
[04:23:43] [main/DEBUG]: Skipping Lnet/minecraftforge/common/util/SortedProperties;
[04:23:43] [main/DEBUG]: Skipping Lnet/minecraftforge/common/util/Size2i;
[04:23:43] [main/DEBUG]: Skipping Lnet/minecraftforge/common/util/RecipeMatcher;
[04:23:43] [main/DEBUG]: Skipping Lnet/minecraftforge/common/util/PacketLogger;
[04:23:43] [main/DEBUG]: Skipping Lnet/minecraftforge/common/util/NonNullSupplier;
[04:23:43] [main/DEBUG]: Skipping Lnet/minecraftforge/common/util/NonNullPredicate;
[04:23:43] [main/DEBUG]: Skipping Lnet/minecraftforge/common/util/NonNullLazy;
[04:23:43] [main/DEBUG]: Skipping Lnet/minecraftforge/common/util/NonNullFunction;
[04:23:43] [main/DEBUG]: Skipping Lnet/minecraftforge/common/util/NonNullConsumer;
[04:23:43] [main/DEBUG]: Skipping Lnet/minecraftforge/common/util/MutableHashedLinkedMap;
[04:23:43] [main/DEBUG]: Skipping Lnet/minecraftforge/common/util/MutableHashedLinkedMap$MergeFunction;
[04:23:43] [main/DEBUG]: Skipping Lnet/minecraftforge/common/util/MutableHashedLinkedMap$IdentityStrategy;
[04:23:43] [main/DEBUG]: Skipping Lnet/minecraftforge/common/util/MutableHashedLinkedMap$Entry;
[04:23:43] [main/DEBUG]: Skipping Lnet/minecraftforge/common/util/MutableHashedLinkedMap$BasicStrategy;
[04:23:43] [main/DEBUG]: Skipping Lnet/minecraftforge/common/util/MutableHashedLinkedMap$1;
[04:23:43] [main/DEBUG]: Skipping Lnet/minecraftforge/common/util/MavenVersionStringHelper;
[04:23:43] [main/DEBUG]: Skipping Lnet/minecraftforge/common/util/LogicalSidedProvider;
[04:23:43] [main/DEBUG]: Skipping Lnet/minecraftforge/common/util/LogMessageAdapter;
[04:23:43] [main/DEBUG]: Skipping Lnet/minecraftforge/common/util/LevelCapabilityData;
[04:23:43] [main/DEBUG]: Skipping Lnet/minecraftforge/common/util/LazyOptional;
[04:23:43] [main/DEBUG]: Skipping Lnet/minecraftforge/common/util/Lazy;
[04:23:43] [main/DEBUG]: Skipping Lnet/minecraftforge/common/util/Lazy$Fast;
[04:23:43] [main/DEBUG]: Skipping Lnet/minecraftforge/common/util/Lazy$Concurrent;
[04:23:43] [main/DEBUG]: Skipping Lnet/minecraftforge/common/util/JsonUtils;
[04:23:43] [main/DEBUG]: Skipping Lnet/minecraftforge/common/util/JsonUtils$ImmutableMapTypeAdapter;
[04:23:43] [main/DEBUG]: Skipping Lnet/minecraftforge/common/util/JsonUtils$ImmutableListTypeAdapter;
[04:23:43] [main/DEBUG]: Skipping Lnet/minecraftforge/common/util/JsonUtils$4;
[04:23:43] [main/DEBUG]: Skipping Lnet/minecraftforge/common/util/JsonUtils$3;
[04:23:43] [main/DEBUG]: Skipping Lnet/minecraftforge/common/util/JsonUtils$2;
[04:23:43] [main/DEBUG]: Skipping Lnet/minecraftforge/common/util/JsonUtils$1;
[04:23:43] [main/DEBUG]: Skipping Lnet/minecraftforge/common/util/ItemStackMap;
[04:23:43] [main/DEBUG]: Skipping Lnet/minecraftforge/common/util/ITeleporter;
[04:23:43] [main/DEBUG]: Skipping Lnet/minecraftforge/common/util/INBTSerializable;
[04:23:43] [main/DEBUG]: Skipping Lnet/minecraftforge/common/util/INBTBuilder;
[04:23:43] [main/DEBUG]: Skipping Lnet/minecraftforge/common/util/INBTBuilder$Builder;
[04:23:43] [main/DEBUG]: Skipping Lnet/minecraftforge/common/util/HexDumper;
[04:23:43] [main/DEBUG]: Skipping Lnet/minecraftforge/common/util/HexDumper$Instance;
[04:23:43] [main/DEBUG]: Skipping Lnet/minecraftforge/common/util/ForgeSoundType;
[04:23:43] [main/DEBUG]: Skipping Lnet/minecraftforge/common/util/DummySavedData;
[04:23:43] [main/DEBUG]: Skipping Lnet/minecraftforge/common/util/ConcatenatedListView;
[04:23:43] [main/DEBUG]: Skipping Lnet/minecraftforge/common/util/CenterChunkPosComparator;
[04:23:43] [main/DEBUG]: Skipping Lnet/minecraftforge/common/util/BrainBuilder;
[04:23:43] [main/DEBUG]: Skipping Lnet/minecraftforge/common/util/BlockSnapshot;
[04:23:43] [main/DEBUG]: Skipping Lnet/minecraftforge/common/ticket/SimpleTicket;
[04:23:43] [main/DEBUG]: Skipping Lnet/minecraftforge/common/ticket/ITicketManager;
[04:23:43] [main/DEBUG]: Skipping Lnet/minecraftforge/common/ticket/ITicketGetter;
[04:23:43] [main/DEBUG]: Skipping Lnet/minecraftforge/common/ticket/ChunkTicketManager;
[04:23:43] [main/DEBUG]: Skipping Lnet/minecraftforge/common/ticket/AABBTicket;
[04:23:43] [main/DEBUG]: Skipping Lnet/minecraftforge/common/property/Properties;
[04:23:43] [main/DEBUG]: Skipping Lnet/minecraftforge/common/loot/LootTableIdCondition;
[04:23:43] [main/DEBUG]: Skipping Lnet/minecraftforge/common/loot/LootTableIdCondition$Builder;
[04:23:43] [main/DEBUG]: Skipping Lnet/minecraftforge/common/loot/LootModifierManager;
[04:23:43] [main/DEBUG]: Skipping Lnet/minecraftforge/common/loot/LootModifier;
[04:23:43] [main/DEBUG]: Skipping Lnet/minecraftforge/common/loot/IGlobalLootModifier;
[04:23:43] [main/DEBUG]: Skipping Lnet/minecraftforge/common/loot/CanToolPerformAction;
[04:23:43] [main/DEBUG]: Skipping Lnet/minecraftforge/common/extensions/IForgeTransformation;
[04:23:43] [main/DEBUG]: Skipping Lnet/minecraftforge/common/extensions/IForgeTagAppender;
[04:23:43] [main/DEBUG]: Skipping Lnet/minecraftforge/common/extensions/IForgeServerPlayer;
[04:23:43] [main/DEBUG]: Skipping Lnet/minecraftforge/common/extensions/IForgeRawTagBuilder;
[04:23:43] [main/DEBUG]: Skipping Lnet/minecraftforge/common/extensions/IForgePotion;
[04:23:43] [main/DEBUG]: Skipping Lnet/minecraftforge/common/extensions/IForgePlayer;
[04:23:43] [main/DEBUG]: Skipping Lnet/minecraftforge/common/extensions/IForgePackResources;
[04:23:43] [main/DEBUG]: Skipping Lnet/minecraftforge/common/extensions/IForgeMobEffectInstance;
[04:23:43] [main/DEBUG]: Skipping Lnet/minecraftforge/common/extensions/IForgeMobEffect;
[04:23:43] [main/DEBUG]: Skipping Lnet/minecraftforge/common/extensions/IForgeMenuType;
[04:23:43] [main/DEBUG]: Skipping Lnet/minecraftforge/common/extensions/IForgeLivingEntity;
[04:23:43] [main/DEBUG]: Skipping Lnet/minecraftforge/common/extensions/IForgeLevelSummary;
[04:23:43] [main/DEBUG]: Skipping Lnet/minecraftforge/common/extensions/IForgeLevelChunk;
[04:23:43] [main/DEBUG]: Skipping Lnet/minecraftforge/common/extensions/IForgeLevel;
[04:23:43] [main/DEBUG]: Skipping Lnet/minecraftforge/common/extensions/IForgeItemStack;
[04:23:43] [main/DEBUG]: Skipping Lnet/minecraftforge/common/extensions/IForgeItem;
[04:23:43] [main/DEBUG]: Skipping Lnet/minecraftforge/common/extensions/IForgeIntrinsicHolderTagAppender;
[04:23:43] [main/DEBUG]: Skipping Lnet/minecraftforge/common/extensions/IForgeHolderSet;
[04:23:43] [main/DEBUG]: Skipping Lnet/minecraftforge/common/extensions/IForgeHolderSet$SerializationType;
[04:23:43] [main/DEBUG]: Skipping Lnet/minecraftforge/common/extensions/IForgeGameTestHelper;
[04:23:43] [main/DEBUG]: Skipping Lnet/minecraftforge/common/extensions/IForgeGameTestHelper$IntFlag;
[04:23:43] [main/DEBUG]: Skipping Lnet/minecraftforge/common/extensions/IForgeGameTestHelper$Flag;
[04:23:43] [main/DEBUG]: Skipping Lnet/minecraftforge/common/extensions/IForgeGameTestHelper$BoolFlag;
[04:23:43] [main/DEBUG]: Skipping Lnet/minecraftforge/common/extensions/IForgeGameTestHelper$2;
[04:23:43] [main/DEBUG]: Skipping Lnet/minecraftforge/common/extensions/IForgeGameTestHelper$1;
[04:23:43] [main/DEBUG]: Skipping Lnet/minecraftforge/common/extensions/IForgeFriendlyByteBuf;
[04:23:43] [main/DEBUG]: Skipping Lnet/minecraftforge/common/extensions/IForgeFluidState;
[04:23:43] [main/DEBUG]: Skipping Lnet/minecraftforge/common/extensions/IForgeFluid;
[04:23:43] [main/DEBUG]: Skipping Lnet/minecraftforge/common/extensions/IForgeEntity;
[04:23:43] [main/DEBUG]: Skipping Lnet/minecraftforge/common/extensions/IForgeEnchantment;
[04:23:43] [main/DEBUG]: Skipping Lnet/minecraftforge/common/extensions/IForgeDispensibleContainerItem;
[04:23:43] [main/DEBUG]: Skipping Lnet/minecraftforge/common/extensions/IForgeCommandSourceStack;
[04:23:43] [main/DEBUG]: Skipping Lnet/minecraftforge/common/extensions/IForgeBucketPickup;
[04:23:43] [main/DEBUG]: Skipping Lnet/minecraftforge/common/extensions/IForgeBoat;
[04:23:43] [main/DEBUG]: Skipping Lnet/minecraftforge/common/extensions/IForgeBlockState;
[04:23:43] [main/DEBUG]: Skipping Lnet/minecraftforge/common/extensions/IForgeBlockGetter;
[04:23:43] [main/DEBUG]: Skipping Lnet/minecraftforge/common/extensions/IForgeBlockEntity;
[04:23:43] [main/DEBUG]: Skipping Lnet/minecraftforge/common/extensions/IForgeBlock;
[04:23:43] [main/DEBUG]: Skipping Lnet/minecraftforge/common/extensions/IForgeBaseRailBlock;
[04:23:43] [main/DEBUG]: Skipping Lnet/minecraftforge/common/extensions/IForgeAbstractMinecart;
[04:23:43] [main/DEBUG]: Skipping Lnet/minecraftforge/common/data/package-info;
[04:23:43] [main/DEBUG]: Skipping Lnet/minecraftforge/common/data/VanillaSoundDefinitionsProvider;
[04:23:43] [main/DEBUG]: Skipping Lnet/minecraftforge/common/data/SpriteSourceProvider;
[04:23:43] [main/DEBUG]: Skipping Lnet/minecraftforge/common/data/SpriteSourceProvider$SourceList;
[04:23:43] [main/DEBUG]: Skipping Lnet/minecraftforge/common/data/SoundDefinitionsProvider;
[04:23:43] [main/DEBUG]: Skipping Lnet/minecraftforge/common/data/SoundDefinitionsProvider$1;
[04:23:43] [main/DEBUG]: Skipping Lnet/minecraftforge/common/data/SoundDefinition;
[04:23:43] [main/DEBUG]: Skipping Lnet/minecraftforge/common/data/SoundDefinition$SoundType;
[04:23:43] [main/DEBUG]: Skipping Lnet/minecraftforge/common/data/SoundDefinition$Sound;
[04:23:43] [main/DEBUG]: Skipping Lnet/minecraftforge/common/data/ParticleDescriptionProvider;
[04:23:43] [main/DEBUG]: Skipping Lnet/minecraftforge/common/data/ParticleDescriptionProvider$1;
[04:23:43] [main/DEBUG]: Skipping Lnet/minecraftforge/common/data/LanguageProvider;
[04:23:43] [main/DEBUG]: Skipping Lnet/minecraftforge/common/data/JsonCodecProvider;
[04:23:43] [main/DEBUG]: Skipping Lnet/minecraftforge/common/data/GlobalLootModifierProvider;
[04:23:43] [main/DEBUG]: Skipping Lnet/minecraftforge/common/data/ForgeSpriteSourceProvider;
[04:23:43] [main/DEBUG]: Skipping Lnet/minecraftforge/common/data/ForgeRecipeProvider;
[04:23:43] [main/DEBUG]: Skipping Lnet/minecraftforge/common/data/ForgeRecipeProvider$1;
[04:23:43] [main/DEBUG]: Skipping Lnet/minecraftforge/common/data/ForgeLootTableProvider;
[04:23:43] [main/DEBUG]: Skipping Lnet/minecraftforge/common/data/ForgeItemTagsProvider;
[04:23:43] [main/DEBUG]: Skipping Lnet/minecraftforge/common/data/ForgeFluidTagsProvider;
[04:23:43] [main/DEBUG]: Skipping Lnet/minecraftforge/common/data/ForgeEntityTypeTagsProvider;
[04:23:43] [main/DEBUG]: Skipping Lnet/minecraftforge/common/data/ForgeBlockTagsProvider;
[04:23:43] [main/DEBUG]: Skipping Lnet/minecraftforge/common/data/ForgeBiomeTagsProvider;
[04:23:43] [main/DEBUG]: Skipping Lnet/minecraftforge/common/data/ForgeAdvancementProvider;
[04:23:43] [main/DEBUG]: Skipping Lnet/minecraftforge/common/data/ForgeAdvancementProvider$AdvancementGenerator;
[04:23:43] [main/DEBUG]: Skipping Lnet/minecraftforge/common/data/ExistingFileHelper;
[04:23:43] [main/DEBUG]: Skipping Lnet/minecraftforge/common/data/ExistingFileHelper$ResourceType;
[04:23:43] [main/DEBUG]: Skipping Lnet/minecraftforge/common/data/ExistingFileHelper$IResourceType;
[04:23:43] [main/DEBUG]: Skipping Lnet/minecraftforge/common/data/DatapackBuiltinEntriesProvider;
[04:23:43] [main/DEBUG]: Skipping Lnet/minecraftforge/common/data/BlockTagsProvider;
[04:23:43] [main/DEBUG]: Skipping Lnet/minecraftforge/common/crafting/package-info;
[04:23:43] [main/DEBUG]: Skipping Lnet/minecraftforge/common/crafting/ingredients/StrictNBTIngredient;
[04:23:43] [main/DEBUG]: Skipping Lnet/minecraftforge/common/crafting/ingredients/StrictNBTIngredient$1;
[04:23:43] [main/DEBUG]: Skipping Lnet/minecraftforge/common/crafting/ingredients/PartialNBTIngredient;
[04:23:43] [main/DEBUG]: Skipping Lnet/minecraftforge/common/crafting/ingredients/PartialNBTIngredient$Builder;
[04:23:43] [main/DEBUG]: Skipping Lnet/minecraftforge/common/crafting/ingredients/PartialNBTIngredient$1;
[04:23:43] [main/DEBUG]: Skipping Lnet/minecraftforge/common/crafting/ingredients/IntersectionIngredient;
[04:23:43] [main/DEBUG]: Skipping Lnet/minecraftforge/common/crafting/ingredients/IntersectionIngredient$1;
[04:23:43] [main/DEBUG]: Skipping Lnet/minecraftforge/common/crafting/ingredients/IIngredientSerializer;
[04:23:43] [main/DEBUG]: Skipping Lnet/minecraftforge/common/crafting/ingredients/IIngredientSerializer$1;
[04:23:43] [main/DEBUG]: Skipping Lnet/minecraftforge/common/crafting/ingredients/IIngredientBuilder;
[04:23:43] [main/DEBUG]: Skipping Lnet/minecraftforge/common/crafting/ingredients/DifferenceIngredient;
[04:23:43] [main/DEBUG]: Skipping Lnet/minecraftforge/common/crafting/ingredients/DifferenceIngredient$1;
[04:23:43] [main/DEBUG]: Skipping Lnet/minecraftforge/common/crafting/ingredients/CompoundIngredient;
[04:23:43] [main/DEBUG]: Skipping Lnet/minecraftforge/common/crafting/ingredients/CompoundIngredient$1;
[04:23:43] [main/DEBUG]: Skipping Lnet/minecraftforge/common/crafting/ingredients/AbstractIngredient;
[04:23:43] [main/DEBUG]: Skipping Lnet/minecraftforge/common/crafting/conditions/TrueCondition;
[04:23:43] [main/DEBUG]: Skipping Lnet/minecraftforge/common/crafting/conditions/TagEmptyCondition;
[04:23:43] [main/DEBUG]: Skipping Lnet/minecraftforge/common/crafting/conditions/OrCondition;
[04:23:43] [main/DEBUG]: Skipping Lnet/minecraftforge/common/crafting/conditions/NotCondition;
[04:23:43] [main/DEBUG]: Skipping Lnet/minecraftforge/common/crafting/conditions/ModLoadedCondition;
[04:23:43] [main/DEBUG]: Skipping Lnet/minecraftforge/common/crafting/conditions/ItemExistsCondition;
[04:23:43] [main/DEBUG]: Skipping Lnet/minecraftforge/common/crafting/conditions/IConditionBuilder;
[04:23:43] [main/DEBUG]: Skipping Lnet/minecraftforge/common/crafting/conditions/ICondition;
[04:23:43] [main/DEBUG]: Skipping Lnet/minecraftforge/common/crafting/conditions/ICondition$IContext;
[04:23:43] [main/DEBUG]: Skipping Lnet/minecraftforge/common/crafting/conditions/ICondition$IContext$2;
[04:23:43] [main/DEBUG]: Skipping Lnet/minecraftforge/common/crafting/conditions/ICondition$IContext$1;
[04:23:43] [main/DEBUG]: Skipping Lnet/minecraftforge/common/crafting/conditions/FalseCondition;
[04:23:43] [main/DEBUG]: Skipping Lnet/minecraftforge/common/crafting/conditions/ConditionContext;
[04:23:43] [main/DEBUG]: Skipping Lnet/minecraftforge/common/crafting/conditions/ConditionCodec;
[04:23:43] [main/DEBUG]: Skipping Lnet/minecraftforge/common/crafting/conditions/ConditionCodec$UnwrapDecoder;
[04:23:43] [main/DEBUG]: Skipping Lnet/minecraftforge/common/crafting/conditions/ConditionCodec$OptionalConditionalDecoder;
[04:23:43] [main/DEBUG]: Skipping Lnet/minecraftforge/common/crafting/conditions/AndCondition;
[04:23:43] [main/DEBUG]: Skipping Lnet/minecraftforge/common/crafting/SimpleCraftingContainer;
[04:23:43] [main/DEBUG]: Skipping Lnet/minecraftforge/common/crafting/SimpleCraftingContainer$Builder;
[04:23:43] [main/DEBUG]: Skipping Lnet/minecraftforge/common/crafting/IShapedRecipe;
[04:23:43] [main/DEBUG]: Skipping Lnet/minecraftforge/common/crafting/IRecipeContainer;
[04:23:43] [main/DEBUG]: Skipping Lnet/minecraftforge/common/crafting/CraftingHelper;
[04:23:43] [main/DEBUG]: Skipping Lnet/minecraftforge/common/crafting/ConditionalRecipe;
[04:23:43] [main/DEBUG]: Skipping Lnet/minecraftforge/common/crafting/ConditionalRecipe$Wrapper;
[04:23:43] [main/DEBUG]: Skipping Lnet/minecraftforge/common/crafting/ConditionalRecipe$InnerRecipe;
[04:23:43] [main/DEBUG]: Skipping Lnet/minecraftforge/common/crafting/ConditionalRecipe$InnerAdvancement;
[04:23:43] [main/DEBUG]: Skipping Lnet/minecraftforge/common/crafting/ConditionalRecipe$Builder;
[04:23:43] [main/DEBUG]: Skipping Lnet/minecraftforge/common/crafting/ConditionalRecipe$Builder$1;
[04:23:43] [main/DEBUG]: Skipping Lnet/minecraftforge/common/crafting/ConditionalRecipe$3;
[04:23:43] [main/DEBUG]: Skipping Lnet/minecraftforge/common/crafting/ConditionalRecipe$2;
[04:23:43] [main/DEBUG]: Skipping Lnet/minecraftforge/common/crafting/ConditionalRecipe$1;
[04:23:43] [main/DEBUG]: Skipping Lnet/minecraftforge/common/crafting/ConditionalAdvancement;
[04:23:43] [main/DEBUG]: Skipping Lnet/minecraftforge/common/crafting/ConditionalAdvancement$Pair;
[04:23:43] [main/DEBUG]: Skipping Lnet/minecraftforge/common/crafting/ConditionalAdvancement$Builder;
[04:23:43] [main/DEBUG]: Skipping Lnet/minecraftforge/common/command/IEntitySelectorType;
[04:23:43] [main/DEBUG]: Skipping Lnet/minecraftforge/common/command/EntitySelectorManager;
[04:23:43] [main/DEBUG]: Skipping Lnet/minecraftforge/common/capabilities/RegisterCapabilitiesEvent;
[04:23:43] [main/DEBUG]: Skipping Lnet/minecraftforge/common/capabilities/ICapabilitySerializable;
[04:23:43] [main/DEBUG]: Skipping Lnet/minecraftforge/common/capabilities/ICapabilityProviderImpl;
[04:23:43] [main/DEBUG]: Skipping Lnet/minecraftforge/common/capabilities/ICapabilityProvider;
[04:23:43] [main/DEBUG]: Skipping Lnet/minecraftforge/common/capabilities/ForgeCapabilities;
[04:23:43] [main/DEBUG]: Skipping Lnet/minecraftforge/common/capabilities/ForgeCapabilities$4;
[04:23:43] [main/DEBUG]: Skipping Lnet/minecraftforge/common/capabilities/ForgeCapabilities$3;
[04:23:43] [main/DEBUG]: Skipping Lnet/minecraftforge/common/capabilities/ForgeCapabilities$2;
[04:23:43] [main/DEBUG]: Skipping Lnet/minecraftforge/common/capabilities/ForgeCapabilities$1;
[04:23:43] [main/DEBUG]: Skipping Lnet/minecraftforge/common/capabilities/CapabilityToken;
[04:23:43] [main/DEBUG]: Skipping Lnet/minecraftforge/common/capabilities/CapabilityProvider;
[04:23:43] [main/DEBUG]: Skipping Lnet/minecraftforge/common/capabilities/CapabilityProvider$AsField;
[04:23:43] [main/DEBUG]: Skipping Lnet/minecraftforge/common/capabilities/CapabilityManager;
[04:23:43] [main/DEBUG]: Skipping Lnet/minecraftforge/common/capabilities/CapabilityDispatcher;
[04:23:43] [main/DEBUG]: Skipping Lnet/minecraftforge/common/capabilities/Capability;
[04:23:43] [main/DEBUG]: Skipping Lnet/minecraftforge/common/capabilities/AutoRegisterCapability;
[04:23:43] [main/DEBUG]: Skipping Lnet/minecraftforge/common/brewing/package-info;
[04:23:43] [main/DEBUG]: Skipping Lnet/minecraftforge/common/brewing/VanillaBrewingRecipe;
[04:23:43] [main/DEBUG]: Skipping Lnet/minecraftforge/common/brewing/IBrewingRecipe;
[04:23:43] [main/DEBUG]: Skipping Lnet/minecraftforge/common/brewing/BrewingRecipeRegistry;
[04:23:43] [main/DEBUG]: Skipping Lnet/minecraftforge/common/brewing/BrewingRecipe;
[04:23:43] [main/DEBUG]: Skipping Lnet/minecraftforge/common/WorldWorkerManager;
[04:23:43] [main/DEBUG]: Skipping Lnet/minecraftforge/common/WorldWorkerManager$IWorker;
[04:23:43] [main/DEBUG]: Skipping Lnet/minecraftforge/common/VillagerTradingManager;
[04:23:43] [main/DEBUG]: Skipping Lnet/minecraftforge/common/UsernameCache;
[04:23:43] [main/DEBUG]: Skipping Lnet/minecraftforge/common/UsernameCache$SaveThread;
[04:23:43] [main/DEBUG]: Skipping Lnet/minecraftforge/common/UsernameCache$1;
[04:23:43] [main/DEBUG]: Skipping Lnet/minecraftforge/common/ToolActions;
[04:23:43] [main/DEBUG]: Skipping Lnet/minecraftforge/common/ToolAction;
[04:23:43] [main/DEBUG]: Skipping Lnet/minecraftforge/common/TierSortingRegistry;
[04:23:43] [main/DEBUG]: Skipping Lnet/minecraftforge/common/TierSortingRegistry$SyncPacket;
[04:23:43] [main/DEBUG]: Skipping Lnet/minecraftforge/common/TierSortingRegistry$ClientEvents;
[04:23:43] [main/DEBUG]: Skipping Lnet/minecraftforge/common/TierSortingRegistry$1;
[04:23:43] [main/DEBUG]: Skipping Lnet/minecraftforge/common/Tags;
[04:23:43] [main/DEBUG]: Skipping Lnet/minecraftforge/common/Tags$Items;
[04:23:43] [main/DEBUG]: Skipping Lnet/minecraftforge/common/Tags$Fluids;
[04:23:43] [main/DEBUG]: Skipping Lnet/minecraftforge/common/Tags$EntityTypes;
[04:23:43] [main/DEBUG]: Skipping Lnet/minecraftforge/common/Tags$Blocks;
[04:23:43] [main/DEBUG]: Skipping Lnet/minecraftforge/common/Tags$Biomes;
[04:23:43] [main/DEBUG]: Skipping Lnet/minecraftforge/common/SoundActions;
[04:23:43] [main/DEBUG]: Skipping Lnet/minecraftforge/common/SoundAction;
[04:23:43] [main/DEBUG]: Skipping Lnet/minecraftforge/common/PlantType;
[04:23:43] [main/DEBUG]: Skipping Lnet/minecraftforge/common/MinecraftForge;
[04:23:43] [main/DEBUG]: Skipping Lnet/minecraftforge/common/LenientUnboundedMapCodec;
[04:23:43] [main/DEBUG]: Skipping Lnet/minecraftforge/common/IPlantable;
[04:23:43] [main/DEBUG]: Skipping Lnet/minecraftforge/common/IMinecartCollisionHandler;
[04:23:43] [main/DEBUG]: Skipping Lnet/minecraftforge/common/IForgeShearable;
[04:23:43] [main/DEBUG]: Skipping Lnet/minecraftforge/common/IExtensibleEnum;
[04:23:43] [main/DEBUG]: Skipping Lnet/minecraftforge/common/ForgeTier;
[04:23:43] [main/DEBUG]: Skipping Lnet/minecraftforge/common/ForgeStatesProvider;
[04:23:43] [main/DEBUG]: Skipping Lnet/minecraftforge/common/ForgeSpawnEggItem;
[04:23:43] [main/DEBUG]: Skipping Lnet/minecraftforge/common/ForgeSpawnEggItem$CommonHandler;
[04:23:43] [main/DEBUG]: Skipping Lnet/minecraftforge/common/ForgeSpawnEggItem$ColorRegisterHandler;
[04:23:43] [main/DEBUG]: Skipping Lnet/minecraftforge/common/ForgeMod;
[04:23:43] [main/DEBUG]: Skipping Lnet/minecraftforge/common/ForgeMod$4;
[04:23:43] [main/DEBUG]: Skipping Lnet/minecraftforge/common/ForgeMod$4$1;
[04:23:43] [main/DEBUG]: Skipping Lnet/minecraftforge/common/ForgeMod$3;
[04:23:43] [main/DEBUG]: Skipping Lnet/minecraftforge/common/ForgeMod$3$1;
[04:23:43] [main/DEBUG]: Skipping Lnet/minecraftforge/common/ForgeMod$2;
[04:23:43] [main/DEBUG]: Skipping Lnet/minecraftforge/common/ForgeMod$2$1;
[04:23:43] [main/DEBUG]: Skipping Lnet/minecraftforge/common/ForgeMod$1;
[04:23:43] [main/DEBUG]: Skipping Lnet/minecraftforge/common/ForgeInternalHandler;
[04:23:43] [main/DEBUG]: Skipping Lnet/minecraftforge/common/ForgeI18n;
[04:23:43] [main/DEBUG]: Skipping Lnet/minecraftforge/common/ForgeI18n$CustomReadOnlyFormat;
[04:23:43] [main/DEBUG]: Skipping Lnet/minecraftforge/common/ForgeHooks;
[04:23:43] [main/DEBUG]: Skipping Lnet/minecraftforge/common/ForgeHooks$BiomeCallbackFunction;
[04:23:43] [main/DEBUG]: Skipping Lnet/minecraftforge/common/ForgeHooks$3;
[04:23:43] [main/DEBUG]: Skipping Lnet/minecraftforge/common/ForgeHooks$2;
[04:23:43] [main/DEBUG]: Skipping Lnet/minecraftforge/common/ForgeHooks$1;
[04:23:43] [main/DEBUG]: Skipping Lnet/minecraftforge/common/ForgeConfigSpec;
[04:23:43] [main/DEBUG]: Skipping Lnet/minecraftforge/common/ForgeConfigSpec$ValueSpec;
[04:23:43] [main/DEBUG]: Skipping Lnet/minecraftforge/common/ForgeConfigSpec$ShortValue;
[04:23:43] [main/DEBUG]: Skipping Lnet/minecraftforge/common/ForgeConfigSpec$Range;
[04:23:43] [main/DEBUG]: Skipping Lnet/minecraftforge/common/ForgeConfigSpec$LongValue;
[04:23:43] [main/DEBUG]: Skipping Lnet/minecraftforge/common/ForgeConfigSpec$IntValue;
[04:23:43] [main/DEBUG]: Skipping Lnet/minecraftforge/common/ForgeConfigSpec$FloatValue;
[04:23:43] [main/DEBUG]: Skipping Lnet/minecraftforge/common/ForgeConfigSpec$EnumValue;
[04:23:43] [main/DEBUG]: Skipping Lnet/minecraftforge/common/ForgeConfigSpec$DoubleValue;
[04:23:43] [main/DEBUG]: Skipping Lnet/minecraftforge/common/ForgeConfigSpec$ConfigValue;
[04:23:43] [main/DEBUG]: Skipping Lnet/minecraftforge/common/ForgeConfigSpec$ByteValue;
[04:23:43] [main/DEBUG]: Skipping Lnet/minecraftforge/common/ForgeConfigSpec$BuilderContext;
[04:23:43] [main/DEBUG]: Skipping Lnet/minecraftforge/common/ForgeConfigSpec$Builder;
[04:23:43] [main/DEBUG]: Skipping Lnet/minecraftforge/common/ForgeConfigSpec$Builder$BuilderConsumer;
[04:23:43] [main/DEBUG]: Skipping Lnet/minecraftforge/common/ForgeConfigSpec$Builder$2;
[04:23:43] [main/DEBUG]: Skipping Lnet/minecraftforge/common/ForgeConfigSpec$Builder$1;
[04:23:43] [main/DEBUG]: Skipping Lnet/minecraftforge/common/ForgeConfigSpec$BooleanValue;
[04:23:43] [main/DEBUG]: Skipping Lnet/minecraftforge/common/ForgeConfig;
[04:23:43] [main/DEBUG]: Skipping Lnet/minecraftforge/common/ForgeConfig$Server;
[04:23:43] [main/DEBUG]: Skipping Lnet/minecraftforge/common/ForgeConfig$Common;
[04:23:43] [main/DEBUG]: Skipping Lnet/minecraftforge/common/ForgeConfig$Client;
[04:23:43] [main/DEBUG]: Skipping Lnet/minecraftforge/common/FarmlandWaterManager;
[04:23:43] [main/DEBUG]: Skipping Lnet/minecraftforge/common/DungeonHooks;
[04:23:43] [main/DEBUG]: Skipping Lnet/minecraftforge/common/DungeonHooks$DungeonMob;
[04:23:43] [main/DEBUG]: Skipping Lnet/minecraftforge/common/CreativeModeTabRegistry;
[04:23:43] [main/DEBUG]: Skipping Lnet/minecraftforge/common/CreativeModeTabRegistry$1;
[04:23:43] [main/DEBUG]: Skipping Lnet/minecraftforge/common/BiomeManager;
[04:23:43] [main/DEBUG]: Skipping Lnet/minecraftforge/common/BiomeManager$TrackedList;
[04:23:43] [main/DEBUG]: Skipping Lnet/minecraftforge/common/BiomeManager$BiomeType;
[04:23:43] [main/DEBUG]: Skipping Lnet/minecraftforge/common/BiomeManager$BiomeEntry;
[04:23:43] [main/DEBUG]: Skipping Lnet/minecraftforge/common/BasicItemListing;
[04:23:43] [main/DEBUG]: Skipping Lnet/minecraftforge/client/textures/UnitTextureAtlasSprite;
[04:23:43] [main/DEBUG]: Skipping Lnet/minecraftforge/client/textures/TextureAtlasSpriteLoaderManager;
[04:23:43] [main/DEBUG]: Skipping Lnet/minecraftforge/client/textures/ITextureAtlasSpriteLoader;
[04:23:43] [main/DEBUG]: Skipping Lnet/minecraftforge/client/textures/ForgeTextureMetadata;
[04:23:43] [main/DEBUG]: Skipping Lnet/minecraftforge/client/textures/ForgeTextureMetadata$Serializer;
[04:23:43] [main/DEBUG]: Skipping Lnet/minecraftforge/client/settings/KeyModifier;
[04:23:43] [main/DEBUG]: Skipping Lnet/minecraftforge/client/settings/KeyModifier$4;
[04:23:43] [main/DEBUG]: Skipping Lnet/minecraftforge/client/settings/KeyModifier$3;
[04:23:43] [main/DEBUG]: Skipping Lnet/minecraftforge/client/settings/KeyModifier$2;
[04:23:43] [main/DEBUG]: Skipping Lnet/minecraftforge/client/settings/KeyModifier$1;
[04:23:43] [main/DEBUG]: Skipping Lnet/minecraftforge/client/settings/KeyMappingLookup;
[04:23:43] [main/DEBUG]: Skipping Lnet/minecraftforge/client/settings/KeyConflictContext;
[04:23:43] [main/DEBUG]: Skipping Lnet/minecraftforge/client/settings/KeyConflictContext$3;
[04:23:43] [main/DEBUG]: Skipping Lnet/minecraftforge/client/settings/KeyConflictContext$2;
[04:23:43] [main/DEBUG]: Skipping Lnet/minecraftforge/client/settings/KeyConflictContext$1;
[04:23:43] [main/DEBUG]: Skipping Lnet/minecraftforge/client/settings/IKeyConflictContext;
[04:23:43] [main/DEBUG]: Skipping Lnet/minecraftforge/client/model/renderable/ITextureRenderTypeLookup;
[04:23:43] [main/DEBUG]: Skipping Lnet/minecraftforge/client/model/renderable/IRenderable;
[04:23:43] [main/DEBUG]: Skipping Lnet/minecraftforge/client/model/renderable/CompositeRenderable;
[04:23:43] [main/DEBUG]: Skipping Lnet/minecraftforge/client/model/renderable/CompositeRenderable$Transforms;
[04:23:43] [main/DEBUG]: Skipping Lnet/minecraftforge/client/model/renderable/CompositeRenderable$PartBuilder;
[04:23:43] [main/DEBUG]: Skipping Lnet/minecraftforge/client/model/renderable/CompositeRenderable$Mesh;
[04:23:44] [main/DEBUG]: Skipping Lnet/minecraftforge/client/model/renderable/CompositeRenderable$Component;
[04:23:44] [main/DEBUG]: Skipping Lnet/minecraftforge/client/model/renderable/CompositeRenderable$Builder;
[04:23:44] [main/DEBUG]: Skipping Lnet/minecraftforge/client/model/renderable/BakedModelRenderable;
[04:23:44] [main/DEBUG]: Skipping Lnet/minecraftforge/client/model/renderable/BakedModelRenderable$Context;
[04:23:44] [main/DEBUG]: Skipping Lnet/minecraftforge/client/model/pipeline/package-info;
[04:23:44] [main/DEBUG]: Skipping Lnet/minecraftforge/client/model/pipeline/VertexConsumerWrapper;
[04:23:44] [main/DEBUG]: Skipping Lnet/minecraftforge/client/model/pipeline/TransformingVertexPipeline;
[04:23:44] [main/DEBUG]: Skipping Lnet/minecraftforge/client/model/pipeline/RemappingVertexPipeline;
[04:23:44] [main/DEBUG]: Skipping Lnet/minecraftforge/client/model/pipeline/QuadBakingVertexConsumer;
[04:23:44] [main/DEBUG]: Skipping Lnet/minecraftforge/client/model/pipeline/QuadBakingVertexConsumer$Buffered;
[04:23:44] [main/DEBUG]: Skipping Lnet/minecraftforge/client/model/package-info;
[04:23:44] [main/DEBUG]: Skipping Lnet/minecraftforge/client/model/obj/package-info;
[04:23:44] [main/DEBUG]: Skipping Lnet/minecraftforge/client/model/obj/ObjTokenizer;
[04:23:44] [main/DEBUG]: Skipping Lnet/minecraftforge/client/model/obj/ObjModel;
[04:23:44] [main/DEBUG]: Skipping Lnet/minecraftforge/client/model/obj/ObjModel$ModelSettings;
[04:23:44] [main/DEBUG]: Skipping Lnet/minecraftforge/client/model/obj/ObjModel$ModelObject;
[04:23:44] [main/DEBUG]: Skipping Lnet/minecraftforge/client/model/obj/ObjModel$ModelMesh;
[04:23:44] [main/DEBUG]: Skipping Lnet/minecraftforge/client/model/obj/ObjModel$ModelGroup;
[04:23:44] [main/DEBUG]: Skipping Lnet/minecraftforge/client/model/obj/ObjMaterialLibrary;
[04:23:44] [main/DEBUG]: Skipping Lnet/minecraftforge/client/model/obj/ObjMaterialLibrary$Material;
[04:23:44] [main/DEBUG]: Skipping Lnet/minecraftforge/client/model/obj/ObjLoader;
[04:23:44] [main/DEBUG]: Skipping Lnet/minecraftforge/client/model/lighting/SmoothQuadLighter;
[04:23:44] [main/DEBUG]: Skipping Lnet/minecraftforge/client/model/lighting/QuadLighter;
[04:23:44] [main/DEBUG]: Skipping Lnet/minecraftforge/client/model/lighting/ForgeModelBlockRenderer;
[04:23:44] [main/DEBUG]: Skipping Lnet/minecraftforge/client/model/lighting/FlatQuadLighter;
[04:23:44] [main/DEBUG]: Skipping Lnet/minecraftforge/client/model/geometry/UnbakedGeometryHelper;
[04:23:44] [main/DEBUG]: Skipping Lnet/minecraftforge/client/model/geometry/StandaloneGeometryBakingContext;
[04:23:44] [main/DEBUG]: Skipping Lnet/minecraftforge/client/model/geometry/StandaloneGeometryBakingContext$Builder;
[04:23:44] [main/DEBUG]: Skipping Lnet/minecraftforge/client/model/geometry/SimpleUnbakedGeometry;
[04:23:44] [main/DEBUG]: Skipping Lnet/minecraftforge/client/model/geometry/IUnbakedGeometry;
[04:23:44] [main/DEBUG]: Skipping Lnet/minecraftforge/client/model/geometry/IGeometryLoader;
[04:23:44] [main/DEBUG]: Skipping Lnet/minecraftforge/client/model/geometry/IGeometryBakingContext;
[04:23:44] [main/DEBUG]: Skipping Lnet/minecraftforge/client/model/geometry/GeometryLoaderManager;
[04:23:44] [main/DEBUG]: Skipping Lnet/minecraftforge/client/model/geometry/BlockGeometryBakingContext;
[04:23:44] [main/DEBUG]: Skipping Lnet/minecraftforge/client/model/geometry/BlockGeometryBakingContext$VisibilityData;
[04:23:44] [main/DEBUG]: Skipping Lnet/minecraftforge/client/model/generators/loaders/SeparateTransformsModelBuilder;
[04:23:44] [main/DEBUG]: Skipping Lnet/minecraftforge/client/model/generators/loaders/ObjModelBuilder;
[04:23:44] [main/DEBUG]: Skipping Lnet/minecraftforge/client/model/generators/loaders/ItemLayerModelBuilder;
[04:23:44] [main/DEBUG]: Skipping Lnet/minecraftforge/client/model/generators/loaders/DynamicFluidContainerModelBuilder;
[04:23:44] [main/DEBUG]: Skipping Lnet/minecraftforge/client/model/generators/loaders/CompositeModelBuilder;
[04:23:44] [main/DEBUG]: Skipping Lnet/minecraftforge/client/model/generators/VariantBlockStateBuilder;
[04:23:44] [main/DEBUG]: Skipping Lnet/minecraftforge/client/model/generators/VariantBlockStateBuilder$PartialBlockstate;
[04:23:44] [main/DEBUG]: Skipping Lnet/minecraftforge/client/model/generators/MultiPartBlockStateBuilder;
[04:23:44] [main/DEBUG]: Skipping Lnet/minecraftforge/client/model/generators/MultiPartBlockStateBuilder$PartBuilder;
[04:23:44] [main/DEBUG]: Skipping Lnet/minecraftforge/client/model/generators/MultiPartBlockStateBuilder$PartBuilder$ConditionGroup;
[04:23:44] [main/DEBUG]: Skipping Lnet/minecraftforge/client/model/generators/ModelProvider;
[04:23:44] [main/DEBUG]: Skipping Lnet/minecraftforge/client/model/generators/ModelFile;
[04:23:44] [main/DEBUG]: Skipping Lnet/minecraftforge/client/model/generators/ModelFile$UncheckedModelFile;
[04:23:44] [main/DEBUG]: Skipping Lnet/minecraftforge/client/model/generators/ModelFile$ExistingModelFile;
[04:23:44] [main/DEBUG]: Skipping Lnet/minecraftforge/client/model/generators/ModelBuilder;
[04:23:44] [main/DEBUG]: Skipping Lnet/minecraftforge/client/model/generators/ModelBuilder$TransformsBuilder;
[04:23:44] [main/DEBUG]: Skipping Lnet/minecraftforge/client/model/generators/ModelBuilder$TransformsBuilder$TransformVecBuilder;
[04:23:44] [main/DEBUG]: Skipping Lnet/minecraftforge/client/model/generators/ModelBuilder$RootTransformsBuilder;
[04:23:44] [main/DEBUG]: Skipping Lnet/minecraftforge/client/model/generators/ModelBuilder$FaceRotation;
[04:23:44] [main/DEBUG]: Skipping Lnet/minecraftforge/client/model/generators/ModelBuilder$ElementBuilder;
[04:23:44] [main/DEBUG]: Skipping Lnet/minecraftforge/client/model/generators/ModelBuilder$ElementBuilder$RotationBuilder;
[04:23:44] [main/DEBUG]: Skipping Lnet/minecraftforge/client/model/generators/ModelBuilder$ElementBuilder$FaceBuilder;
[04:23:44] [main/DEBUG]: Skipping Lnet/minecraftforge/client/model/generators/ItemModelProvider;
[04:23:44] [main/DEBUG]: Skipping Lnet/minecraftforge/client/model/generators/ItemModelBuilder;
[04:23:44] [main/DEBUG]: Skipping Lnet/minecraftforge/client/model/generators/ItemModelBuilder$OverrideBuilder;
[04:23:44] [main/DEBUG]: Skipping Lnet/minecraftforge/client/model/generators/IGeneratedBlockState;
[04:23:44] [main/DEBUG]: Skipping Lnet/minecraftforge/client/model/generators/CustomLoaderBuilder;
[04:23:44] [main/DEBUG]: Skipping Lnet/minecraftforge/client/model/generators/ConfiguredModel;
[04:23:44] [main/DEBUG]: Skipping Lnet/minecraftforge/client/model/generators/ConfiguredModel$Builder;
[04:23:44] [main/DEBUG]: Skipping Lnet/minecraftforge/client/model/generators/BlockStateProvider;
[04:23:44] [main/DEBUG]: Skipping Lnet/minecraftforge/client/model/generators/BlockStateProvider$ConfiguredModelList;
[04:23:44] [main/DEBUG]: Skipping Lnet/minecraftforge/client/model/generators/BlockStateProvider$2;
[04:23:44] [main/DEBUG]: Skipping Lnet/minecraftforge/client/model/generators/BlockStateProvider$1;
[04:23:44] [main/DEBUG]: Skipping Lnet/minecraftforge/client/model/generators/BlockModelProvider;
[04:23:44] [main/DEBUG]: Skipping Lnet/minecraftforge/client/model/generators/BlockModelBuilder;
[04:23:44] [main/DEBUG]: Skipping Lnet/minecraftforge/client/model/data/MultipartModelData;
[04:23:44] [main/DEBUG]: Skipping Lnet/minecraftforge/client/model/data/MultipartModelData$Builder;
[04:23:44] [main/DEBUG]: Skipping Lnet/minecraftforge/client/model/data/ModelProperty;
[04:23:44] [main/DEBUG]: Skipping Lnet/minecraftforge/client/model/data/ModelDataManager;
[04:23:44] [main/DEBUG]: Skipping Lnet/minecraftforge/client/model/data/ModelData;
[04:23:44] [main/DEBUG]: Skipping Lnet/minecraftforge/client/model/data/ModelData$Builder;
[04:23:44] [main/DEBUG]: Skipping Lnet/minecraftforge/client/model/SimpleModelState;
[04:23:44] [main/DEBUG]: Skipping Lnet/minecraftforge/client/model/SeparateTransformsModel;
[04:23:44] [main/DEBUG]: Skipping Lnet/minecraftforge/client/model/SeparateTransformsModel$Loader;
[04:23:44] [main/DEBUG]: Skipping Lnet/minecraftforge/client/model/SeparateTransformsModel$Baked;
[04:23:44] [main/DEBUG]: Skipping Lnet/minecraftforge/client/model/QuadTransformers;
[04:23:44] [main/DEBUG]: Skipping Lnet/minecraftforge/client/model/ItemLayerModel;
[04:23:44] [main/DEBUG]: Skipping Lnet/minecraftforge/client/model/ItemLayerModel$Loader;
[04:23:44] [main/DEBUG]: Skipping Lnet/minecraftforge/client/model/IQuadTransformer;
[04:23:44] [main/DEBUG]: Skipping Lnet/minecraftforge/client/model/IModelBuilder;
[04:23:44] [main/DEBUG]: Skipping Lnet/minecraftforge/client/model/IModelBuilder$Simple;
[04:23:44] [main/DEBUG]: Skipping Lnet/minecraftforge/client/model/IModelBuilder$Collecting;
[04:23:44] [main/DEBUG]: Skipping Lnet/minecraftforge/client/model/IDynamicBakedModel;
[04:23:44] [main/DEBUG]: Skipping Lnet/minecraftforge/client/model/ForgeItemModelShaper;
[04:23:44] [main/DEBUG]: Skipping Lnet/minecraftforge/client/model/ForgeFaceData;
[04:23:44] [main/DEBUG]: Skipping Lnet/minecraftforge/client/model/ExtendedBlockModelDeserializer;
[04:23:44] [main/DEBUG]: Skipping Lnet/minecraftforge/client/model/EmptyModel;
[04:23:44] [main/DEBUG]: Skipping Lnet/minecraftforge/client/model/EmptyModel$Baked;
[04:23:44] [main/DEBUG]: Skipping Lnet/minecraftforge/client/model/ElementsModel;
[04:23:44] [main/DEBUG]: Skipping Lnet/minecraftforge/client/model/ElementsModel$Loader;
[04:23:44] [main/DEBUG]: Skipping Lnet/minecraftforge/client/model/DynamicFluidContainerModel;
[04:23:44] [main/DEBUG]: Skipping Lnet/minecraftforge/client/model/DynamicFluidContainerModel$Loader;
[04:23:44] [main/DEBUG]: Skipping Lnet/minecraftforge/client/model/DynamicFluidContainerModel$ContainedFluidOverrideHandler;
[04:23:44] [main/DEBUG]: Skipping Lnet/minecraftforge/client/model/DynamicFluidContainerModel$Colors;
[04:23:44] [main/DEBUG]: Skipping Lnet/minecraftforge/client/model/CompositeModel;
[04:23:44] [main/DEBUG]: Skipping Lnet/minecraftforge/client/model/CompositeModel$Loader;
[04:23:44] [main/DEBUG]: Skipping Lnet/minecraftforge/client/model/CompositeModel$Data;
[04:23:44] [main/DEBUG]: Skipping Lnet/minecraftforge/client/model/CompositeModel$Data$Builder;
[04:23:44] [main/DEBUG]: Skipping Lnet/minecraftforge/client/model/CompositeModel$Baked;
[04:23:44] [main/DEBUG]: Skipping Lnet/minecraftforge/client/model/CompositeModel$Baked$Builder;
[04:23:44] [main/DEBUG]: Skipping Lnet/minecraftforge/client/model/BakedModelWrapper;
[04:23:44] [main/DEBUG]: Skipping Lnet/minecraftforge/client/loading/NoVizFallback;
[04:23:44] [main/DEBUG]: Skipping Lnet/minecraftforge/client/loading/ForgeLoadingOverlay;
[04:23:44] [main/DEBUG]: Skipping Lnet/minecraftforge/client/loading/ClientModLoader;
[04:23:44] [main/DEBUG]: Skipping Lnet/minecraftforge/client/gui/widget/ScrollPanel;
[04:23:44] [main/DEBUG]: Skipping Lnet/minecraftforge/client/gui/widget/ModListWidget;
[04:23:44] [main/DEBUG]: Skipping Lnet/minecraftforge/client/gui/widget/ModListWidget$ModEntry;
[04:23:44] [main/DEBUG]: Skipping Lnet/minecraftforge/client/gui/widget/ForgeSlider;
[04:23:44] [main/DEBUG]: Skipping Lnet/minecraftforge/client/gui/widget/ExtendedButton;
[04:23:44] [main/DEBUG]: Skipping Lnet/minecraftforge/client/gui/overlay/VanillaGuiOverlay;
[04:23:44] [main/DEBUG]: Skipping Lnet/minecraftforge/client/gui/overlay/NamedGuiOverlay;
[04:23:44] [main/DEBUG]: Skipping Lnet/minecraftforge/client/gui/overlay/IGuiOverlay;
[04:23:44] [main/DEBUG]: Skipping Lnet/minecraftforge/client/gui/overlay/GuiOverlayManager;
[04:23:44] [main/DEBUG]: Skipping Lnet/minecraftforge/client/gui/overlay/ForgeGui;
[04:23:44] [main/DEBUG]: Skipping Lnet/minecraftforge/client/gui/overlay/ForgeGui$OverlayAccess;
[04:23:44] [main/DEBUG]: Skipping Lnet/minecraftforge/client/gui/TitleScreenModUpdateIndicator;
[04:23:44] [main/DEBUG]: Skipping Lnet/minecraftforge/client/gui/ScreenUtils;
[04:23:44] [main/DEBUG]: Skipping Lnet/minecraftforge/client/gui/ModMismatchDisconnectedScreen;
[04:23:44] [main/DEBUG]: Skipping Lnet/minecraftforge/client/gui/ModMismatchDisconnectedScreen$MismatchInfoPanel;
[04:23:44] [main/DEBUG]: Skipping Lnet/minecraftforge/client/gui/ModListScreen;
[04:23:44] [main/DEBUG]: Skipping Lnet/minecraftforge/client/gui/ModListScreen$SortType;
[04:23:44] [main/DEBUG]: Skipping Lnet/minecraftforge/client/gui/ModListScreen$SortType$2;
[04:23:44] [main/DEBUG]: Skipping Lnet/minecraftforge/client/gui/ModListScreen$SortType$1;
[04:23:44] [main/DEBUG]: Skipping Lnet/minecraftforge/client/gui/ModListScreen$InfoPanel;
[04:23:44] [main/DEBUG]: Skipping Lnet/minecraftforge/client/gui/ModListScreen$1;
[04:23:44] [main/DEBUG]: Skipping Lnet/minecraftforge/client/gui/LoadingErrorScreen;
[04:23:44] [main/DEBUG]: Skipping Lnet/minecraftforge/client/gui/LoadingErrorScreen$LoadingEntryList;
[04:23:44] [main/DEBUG]: Skipping Lnet/minecraftforge/client/gui/LoadingErrorScreen$LoadingEntryList$LoadingMessageEntry;
[04:23:44] [main/DEBUG]: Skipping Lnet/minecraftforge/client/gui/CreativeTabsScreenPage;
[04:23:44] [main/DEBUG]: Skipping Lnet/minecraftforge/client/gui/ClientTooltipComponentManager;
[04:23:44] [main/DEBUG]: Skipping Lnet/minecraftforge/client/extensions/package-info;
[04:23:44] [main/DEBUG]: Skipping Lnet/minecraftforge/client/extensions/common/IClientMobEffectExtensions;
[04:23:44] [main/DEBUG]: Skipping Lnet/minecraftforge/client/extensions/common/IClientMobEffectExtensions$1;
[04:23:44] [main/DEBUG]: Skipping Lnet/minecraftforge/client/extensions/common/IClientItemExtensions;
[04:23:44] [main/DEBUG]: Skipping Lnet/minecraftforge/client/extensions/common/IClientItemExtensions$FontContext;
[04:23:44] [main/DEBUG]: Skipping Lnet/minecraftforge/client/extensions/common/IClientItemExtensions$1;
[04:23:44] [main/DEBUG]: Skipping Lnet/minecraftforge/client/extensions/common/IClientFluidTypeExtensions;
[04:23:44] [main/DEBUG]: Skipping Lnet/minecraftforge/client/extensions/common/IClientFluidTypeExtensions$1;
[04:23:44] [main/DEBUG]: Skipping Lnet/minecraftforge/client/extensions/common/IClientBlockExtensions;
[04:23:44] [main/DEBUG]: Skipping Lnet/minecraftforge/client/extensions/common/IClientBlockExtensions$1;
[04:23:44] [main/DEBUG]: Skipping Lnet/minecraftforge/client/extensions/IForgeVertexConsumer;
[04:23:44] [main/DEBUG]: Skipping Lnet/minecraftforge/client/extensions/IForgePoseStack;
[04:23:44] [main/DEBUG]: Skipping Lnet/minecraftforge/client/extensions/IForgeModelBaker;
[04:23:44] [main/DEBUG]: Skipping Lnet/minecraftforge/client/extensions/IForgeMinecraft;
[04:23:44] [main/DEBUG]: Skipping Lnet/minecraftforge/client/extensions/IForgeKeyMapping;
[04:23:44] [main/DEBUG]: Skipping Lnet/minecraftforge/client/extensions/IForgeGuiGraphics;
[04:23:44] [main/DEBUG]: Skipping Lnet/minecraftforge/client/extensions/IForgeFont;
[04:23:44] [main/DEBUG]: Skipping Lnet/minecraftforge/client/extensions/IForgeDimensionSpecialEffects;
[04:23:44] [main/DEBUG]: Skipping Lnet/minecraftforge/client/extensions/IForgeBlockAndTintGetter;
[04:23:44] [main/DEBUG]: Skipping Lnet/minecraftforge/client/extensions/IForgeBakedModel;
[04:23:44] [main/DEBUG]: Skipping Lnet/minecraftforge/client/event/sound/package-info;
[04:23:44] [main/DEBUG]: Skipping Lnet/minecraftforge/client/event/sound/SoundEvent;
[04:23:44] [main/DEBUG]: Skipping Lnet/minecraftforge/client/event/sound/SoundEvent$SoundSourceEvent;
[04:23:44] [main/DEBUG]: Skipping Lnet/minecraftforge/client/event/sound/SoundEngineLoadEvent;
[04:23:44] [main/DEBUG]: Skipping Lnet/minecraftforge/client/event/sound/PlayStreamingSourceEvent;
[04:23:44] [main/DEBUG]: Skipping Lnet/minecraftforge/client/event/sound/PlaySoundSourceEvent;
[04:23:44] [main/DEBUG]: Skipping Lnet/minecraftforge/client/event/sound/PlaySoundEvent;
[04:23:44] [main/DEBUG]: Skipping Lnet/minecraftforge/client/event/package-info;
[04:23:44] [main/DEBUG]: Skipping Lnet/minecraftforge/client/event/ViewportEvent;
[04:23:44] [main/DEBUG]: Skipping Lnet/minecraftforge/client/event/ViewportEvent$RenderFog;
[04:23:44] [main/DEBUG]: Skipping Lnet/minecraftforge/client/event/ViewportEvent$ComputeFov;
[04:23:44] [main/DEBUG]: Skipping Lnet/minecraftforge/client/event/ViewportEvent$ComputeFogColor;
[04:23:44] [main/DEBUG]: Skipping Lnet/minecraftforge/client/event/ViewportEvent$ComputeCameraAngles;
[04:23:44] [main/DEBUG]: Skipping Lnet/minecraftforge/client/event/ToastAddEvent;
[04:23:44] [main/DEBUG]: Skipping Lnet/minecraftforge/client/event/TextureStitchEvent;
[04:23:44] [main/DEBUG]: Skipping Lnet/minecraftforge/client/event/TextureStitchEvent$Post;
[04:23:44] [main/DEBUG]: Skipping Lnet/minecraftforge/client/event/ScreenshotEvent;
[04:23:44] [main/DEBUG]: Skipping Lnet/minecraftforge/client/event/ScreenEvent;
[04:23:44] [main/DEBUG]: Skipping Lnet/minecraftforge/client/event/ScreenEvent$RenderInventoryMobEffects;
[04:23:44] [main/DEBUG]: Skipping Lnet/minecraftforge/client/event/ScreenEvent$Render;
[04:23:44] [main/DEBUG]: Skipping Lnet/minecraftforge/client/event/ScreenEvent$Render$Pre;
[04:23:44] [main/DEBUG]: Skipping Lnet/minecraftforge/client/event/ScreenEvent$Render$Post;
[04:23:44] [main/DEBUG]: Skipping Lnet/minecraftforge/client/event/ScreenEvent$Opening;
[04:23:44] [main/DEBUG]: Skipping Lnet/minecraftforge/client/event/ScreenEvent$MouseScrolled;
[04:23:44] [main/DEBUG]: Skipping Lnet/minecraftforge/client/event/ScreenEvent$MouseScrolled$Pre;
[04:23:44] [main/DEBUG]: Skipping Lnet/minecraftforge/client/event/ScreenEvent$MouseScrolled$Post;
[04:23:44] [main/DEBUG]: Skipping Lnet/minecraftforge/client/event/ScreenEvent$MouseInput;
[04:23:44] [main/DEBUG]: Skipping Lnet/minecraftforge/client/event/ScreenEvent$MouseDragged;
[04:23:44] [main/DEBUG]: Skipping Lnet/minecraftforge/client/event/ScreenEvent$MouseDragged$Pre;
[04:23:44] [main/DEBUG]: Skipping Lnet/minecraftforge/client/event/ScreenEvent$MouseDragged$Post;
[04:23:44] [main/DEBUG]: Skipping Lnet/minecraftforge/client/event/ScreenEvent$MouseButtonReleased;
[04:23:44] [main/DEBUG]: Skipping Lnet/minecraftforge/client/event/ScreenEvent$MouseButtonReleased$Pre;
[04:23:44] [main/DEBUG]: Skipping Lnet/minecraftforge/client/event/ScreenEvent$MouseButtonReleased$Post;
[04:23:44] [main/DEBUG]: Skipping Lnet/minecraftforge/client/event/ScreenEvent$MouseButtonPressed;
[04:23:44] [main/DEBUG]: Skipping Lnet/minecraftforge/client/event/ScreenEvent$MouseButtonPressed$Pre;
[04:23:44] [main/DEBUG]: Skipping Lnet/minecraftforge/client/event/ScreenEvent$MouseButtonPressed$Post;
[04:23:44] [main/DEBUG]: Skipping Lnet/minecraftforge/client/event/ScreenEvent$KeyReleased;
[04:23:44] [main/DEBUG]: Skipping Lnet/minecraftforge/client/event/ScreenEvent$KeyReleased$Pre;
[04:23:44] [main/DEBUG]: Skipping Lnet/minecraftforge/client/event/ScreenEvent$KeyReleased$Post;
[04:23:44] [main/DEBUG]: Skipping Lnet/minecraftforge/client/event/ScreenEvent$KeyPressed;
[04:23:44] [main/DEBUG]: Skipping Lnet/minecraftforge/client/event/ScreenEvent$KeyPressed$Pre;
[04:23:44] [main/DEBUG]: Skipping Lnet/minecraftforge/client/event/ScreenEvent$KeyPressed$Post;
[04:23:44] [main/DEBUG]: Skipping Lnet/minecraftforge/client/event/ScreenEvent$KeyInput;
[04:23:44] [main/DEBUG]: Skipping Lnet/minecraftforge/client/event/ScreenEvent$Init;
[04:23:44] [main/DEBUG]: Skipping Lnet/minecraftforge/client/event/ScreenEvent$Init$Pre;
[04:23:44] [main/DEBUG]: Skipping Lnet/minecraftforge/client/event/ScreenEvent$Init$Post;
[04:23:44] [main/DEBUG]: Skipping Lnet/minecraftforge/client/event/ScreenEvent$Closing;
[04:23:44] [main/DEBUG]: Skipping Lnet/minecraftforge/client/event/ScreenEvent$CharacterTyped;
[04:23:44] [main/DEBUG]: Skipping Lnet/minecraftforge/client/event/ScreenEvent$CharacterTyped$Pre;
[04:23:44] [main/DEBUG]: Skipping Lnet/minecraftforge/client/event/ScreenEvent$CharacterTyped$Post;
[04:23:44] [main/DEBUG]: Skipping Lnet/minecraftforge/client/event/ScreenEvent$BackgroundRendered;
[04:23:44] [main/DEBUG]: Skipping Lnet/minecraftforge/client/event/RenderTooltipEvent;
[04:23:44] [main/DEBUG]: Skipping Lnet/minecraftforge/client/event/RenderTooltipEvent$Pre;
[04:23:44] [main/DEBUG]: Skipping Lnet/minecraftforge/client/event/RenderTooltipEvent$GatherComponents;
[04:23:44] [main/DEBUG]: Skipping Lnet/minecraftforge/client/event/RenderTooltipEvent$Color;
[04:23:44] [main/DEBUG]: Skipping Lnet/minecraftforge/client/event/RenderPlayerEvent;
[04:23:44] [main/DEBUG]: Skipping Lnet/minecraftforge/client/event/RenderPlayerEvent$Pre;
[04:23:44] [main/DEBUG]: Skipping Lnet/minecraftforge/client/event/RenderPlayerEvent$Post;
[04:23:44] [main/DEBUG]: Skipping Lnet/minecraftforge/client/event/RenderNameTagEvent;
[04:23:44] [main/DEBUG]: Skipping Lnet/minecraftforge/client/event/RenderLivingEvent;
[04:23:44] [main/DEBUG]: Skipping Lnet/minecraftforge/client/event/RenderLivingEvent$Pre;
[04:23:44] [main/DEBUG]: Skipping Lnet/minecraftforge/client/event/RenderLivingEvent$Post;
[04:23:44] [main/DEBUG]: Skipping Lnet/minecraftforge/client/event/RenderLevelStageEvent;
[04:23:44] [main/DEBUG]: Skipping Lnet/minecraftforge/client/event/RenderLevelStageEvent$Stage;
[04:23:44] [main/DEBUG]: Skipping Lnet/minecraftforge/client/event/RenderLevelStageEvent$RegisterStageEvent;
[04:23:44] [main/DEBUG]: Skipping Lnet/minecraftforge/client/event/RenderItemInFrameEvent;
[04:23:44] [main/DEBUG]: Skipping Lnet/minecraftforge/client/event/RenderHighlightEvent;
[04:23:44] [main/DEBUG]: Skipping Lnet/minecraftforge/client/event/RenderHighlightEvent$Entity;
[04:23:44] [main/DEBUG]: Skipping Lnet/minecraftforge/client/event/RenderHighlightEvent$Block;
[04:23:44] [main/DEBUG]: Skipping Lnet/minecraftforge/client/event/RenderHandEvent;
[04:23:44] [main/DEBUG]: Skipping Lnet/minecraftforge/client/event/RenderGuiOverlayEvent;
[04:23:44] [main/DEBUG]: Skipping Lnet/minecraftforge/client/event/RenderGuiOverlayEvent$Pre;
[04:23:44] [main/DEBUG]: Skipping Lnet/minecraftforge/client/event/RenderGuiOverlayEvent$Post;
[04:23:44] [main/DEBUG]: Skipping Lnet/minecraftforge/client/event/RenderGuiEvent;
[04:23:44] [main/DEBUG]: Skipping Lnet/minecraftforge/client/event/RenderGuiEvent$Pre;
[04:23:44] [main/DEBUG]: Skipping Lnet/minecraftforge/client/event/RenderGuiEvent$Post;
[04:23:44] [main/DEBUG]: Skipping Lnet/minecraftforge/client/event/RenderBlockScreenEffectEvent;
[04:23:44] [main/DEBUG]: Skipping Lnet/minecraftforge/client/event/RenderBlockScreenEffectEvent$OverlayType;
[04:23:44] [main/DEBUG]: Skipping Lnet/minecraftforge/client/event/RenderArmEvent;
[04:23:44] [main/DEBUG]: Skipping Lnet/minecraftforge/client/event/RegisterTextureAtlasSpriteLoadersEvent;
[04:23:44] [main/DEBUG]: Skipping Lnet/minecraftforge/client/event/RegisterShadersEvent;
[04:23:44] [main/DEBUG]: Skipping Lnet/minecraftforge/client/event/RegisterRecipeBookCategoriesEvent;
[04:23:44] [main/DEBUG]: Skipping Lnet/minecraftforge/client/event/RegisterPresetEditorsEvent;
[04:23:44] [main/DEBUG]: Skipping Lnet/minecraftforge/client/event/RegisterParticleProvidersEvent;
[04:23:44] [main/DEBUG]: Skipping Lnet/minecraftforge/client/event/RegisterNamedRenderTypesEvent;
[04:23:44] [main/DEBUG]: Skipping Lnet/minecraftforge/client/event/RegisterKeyMappingsEvent;
[04:23:44] [main/DEBUG]: Skipping Lnet/minecraftforge/client/event/RegisterItemDecorationsEvent;
[04:23:44] [main/DEBUG]: Skipping Lnet/minecraftforge/client/event/RegisterGuiOverlaysEvent;
[04:23:44] [main/DEBUG]: Skipping Lnet/minecraftforge/client/event/RegisterGuiOverlaysEvent$Ordering;
[04:23:44] [main/DEBUG]: Skipping Lnet/minecraftforge/client/event/RegisterEntitySpectatorShadersEvent;
[04:23:44] [main/DEBUG]: Skipping Lnet/minecraftforge/client/event/RegisterDimensionSpecialEffectsEvent;
[04:23:44] [main/DEBUG]: Skipping Lnet/minecraftforge/client/event/RegisterColorHandlersEvent;
[04:23:44] [main/DEBUG]: Skipping Lnet/minecraftforge/client/event/RegisterColorHandlersEvent$Item;
[04:23:44] [main/DEBUG]: Skipping Lnet/minecraftforge/client/event/RegisterColorHandlersEvent$ColorResolvers;
[04:23:44] [main/DEBUG]: Skipping Lnet/minecraftforge/client/event/RegisterColorHandlersEvent$Block;
[04:23:44] [main/DEBUG]: Skipping Lnet/minecraftforge/client/event/RegisterClientTooltipComponentFactoriesEvent;
[04:23:44] [main/DEBUG]: Skipping Lnet/minecraftforge/client/event/RegisterClientReloadListenersEvent;
[04:23:44] [main/DEBUG]: Skipping Lnet/minecraftforge/client/event/RegisterClientCommandsEvent;
[04:23:44] [main/DEBUG]: Skipping Lnet/minecraftforge/client/event/RecipesUpdatedEvent;
[04:23:44] [main/DEBUG]: Skipping Lnet/minecraftforge/client/event/MovementInputUpdateEvent;
[04:23:44] [main/DEBUG]: Skipping Lnet/minecraftforge/client/event/ModelEvent;
[04:23:44] [main/DEBUG]: Skipping Lnet/minecraftforge/client/event/ModelEvent$RegisterGeometryLoaders;
[04:23:44] [main/DEBUG]: Skipping Lnet/minecraftforge/client/event/ModelEvent$RegisterAdditional;
[04:23:44] [main/DEBUG]: Skipping Lnet/minecraftforge/client/event/ModelEvent$ModifyBakingResult;
[04:23:44] [main/DEBUG]: Skipping Lnet/minecraftforge/client/event/ModelEvent$BakingCompleted;
[04:23:44] [main/DEBUG]: Skipping Lnet/minecraftforge/client/event/InputEvent;
[04:23:44] [main/DEBUG]: Skipping Lnet/minecraftforge/client/event/InputEvent$MouseScrollingEvent;
[04:23:44] [main/DEBUG]: Skipping Lnet/minecraftforge/client/event/InputEvent$MouseButton;
[04:23:44] [main/DEBUG]: Skipping Lnet/minecraftforge/client/event/InputEvent$MouseButton$Pre;
[04:23:44] [main/DEBUG]: Skipping Lnet/minecraftforge/client/event/InputEvent$MouseButton$Post;
[04:23:44] [main/DEBUG]: Skipping Lnet/minecraftforge/client/event/InputEvent$Key;
[04:23:44] [main/DEBUG]: Skipping Lnet/minecraftforge/client/event/InputEvent$InteractionKeyMappingTriggered;
[04:23:44] [main/DEBUG]: Skipping Lnet/minecraftforge/client/event/ForgeEventFactoryClient;
[04:23:44] [main/DEBUG]: Skipping Lnet/minecraftforge/client/event/EntityRenderersEvent;
[04:23:44] [main/DEBUG]: Skipping Lnet/minecraftforge/client/event/EntityRenderersEvent$RegisterRenderers;
[04:23:44] [main/DEBUG]: Skipping Lnet/minecraftforge/client/event/EntityRenderersEvent$RegisterLayerDefinitions;
[04:23:44] [main/DEBUG]: Skipping Lnet/minecraftforge/client/event/EntityRenderersEvent$CreateSkullModels;
[04:23:44] [main/DEBUG]: Skipping Lnet/minecraftforge/client/event/EntityRenderersEvent$AddLayers;
[04:23:44] [main/DEBUG]: Skipping Lnet/minecraftforge/client/event/CustomizeGuiOverlayEvent;
[04:23:44] [main/DEBUG]: Skipping Lnet/minecraftforge/client/event/CustomizeGuiOverlayEvent$DebugText;
[04:23:44] [main/DEBUG]: Skipping Lnet/minecraftforge/client/event/CustomizeGuiOverlayEvent$Chat;
[04:23:44] [main/DEBUG]: Skipping Lnet/minecraftforge/client/event/CustomizeGuiOverlayEvent$BossEventProgress;
[04:23:44] [main/DEBUG]: Skipping Lnet/minecraftforge/client/event/ContainerScreenEvent;
[04:23:44] [main/DEBUG]: Skipping Lnet/minecraftforge/client/event/ContainerScreenEvent$Render;
[04:23:44] [main/DEBUG]: Skipping Lnet/minecraftforge/client/event/ContainerScreenEvent$Render$Foreground;
[04:23:44] [main/DEBUG]: Skipping Lnet/minecraftforge/client/event/ContainerScreenEvent$Render$Background;
[04:23:44] [main/DEBUG]: Skipping Lnet/minecraftforge/client/event/ComputeFovModifierEvent;
[04:23:44] [main/DEBUG]: Skipping Lnet/minecraftforge/client/event/ClientPlayerNetworkEvent;
[04:23:44] [main/DEBUG]: Skipping Lnet/minecraftforge/client/event/ClientPlayerNetworkEvent$LoggingOut;
[04:23:44] [main/DEBUG]: Skipping Lnet/minecraftforge/client/event/ClientPlayerNetworkEvent$LoggingIn;
[04:23:44] [main/DEBUG]: Skipping Lnet/minecraftforge/client/event/ClientPlayerNetworkEvent$Clone;
[04:23:44] [main/DEBUG]: Skipping Lnet/minecraftforge/client/event/ClientPlayerChangeGameTypeEvent;
[04:23:44] [main/DEBUG]: Skipping Lnet/minecraftforge/client/event/ClientPauseEvent;
[04:23:44] [main/DEBUG]: Skipping Lnet/minecraftforge/client/event/ClientPauseChangeEvent;
[04:23:44] [main/DEBUG]: Skipping Lnet/minecraftforge/client/event/ClientPauseChangeEvent$Pre;
[04:23:44] [main/DEBUG]: Skipping Lnet/minecraftforge/client/event/ClientPauseChangeEvent$Post;
[04:23:44] [main/DEBUG]: Skipping Lnet/minecraftforge/client/event/ClientChatReceivedEvent;
[04:23:44] [main/DEBUG]: Skipping Lnet/minecraftforge/client/event/ClientChatReceivedEvent$System;
[04:23:44] [main/DEBUG]: Skipping Lnet/minecraftforge/client/event/ClientChatReceivedEvent$Player;
[04:23:44] [main/DEBUG]: Skipping Lnet/minecraftforge/client/event/ClientChatEvent;
[04:23:44] [main/DEBUG]: Skipping Lnet/minecraftforge/client/StencilManager;
[04:23:44] [main/DEBUG]: Skipping Lnet/minecraftforge/client/RenderTypeHelper;
[04:23:44] [main/DEBUG]: Skipping Lnet/minecraftforge/client/RenderTypeGroup;
[04:23:44] [main/DEBUG]: Skipping Lnet/minecraftforge/client/RecipeBookManager;
[04:23:44] [main/DEBUG]: Skipping Lnet/minecraftforge/client/PresetEditorManager;
[04:23:44] [main/DEBUG]: Skipping Lnet/minecraftforge/client/NamedRenderTypeManager;
[04:23:44] [main/DEBUG]: Skipping Lnet/minecraftforge/client/ItemDecoratorHandler;
[04:23:44] [main/DEBUG]: Skipping Lnet/minecraftforge/client/IItemDecorator;
[04:23:44] [main/DEBUG]: Skipping Lnet/minecraftforge/client/IArmPoseTransformer;
[04:23:44] [main/DEBUG]: Skipping Lnet/minecraftforge/client/ForgeRenderTypes;
[04:23:44] [main/DEBUG]: Skipping Lnet/minecraftforge/client/ForgeRenderTypes$Internal;
[04:23:44] [main/DEBUG]: Skipping Lnet/minecraftforge/client/ForgeRenderTypes$CustomizableTextureState;
[04:23:44] [main/DEBUG]: Skipping Lnet/minecraftforge/client/ForgeHooksClient;
[04:23:44] [main/DEBUG]: Skipping Lnet/minecraftforge/client/ForgeHooksClient$ClientEvents;
[04:23:44] [main/DEBUG]: Skipping Lnet/minecraftforge/client/ForgeHooksClient$1;
[04:23:44] [main/DEBUG]: Skipping Lnet/minecraftforge/client/FireworkShapeFactoryRegistry;
[04:23:44] [main/DEBUG]: Skipping Lnet/minecraftforge/client/FireworkShapeFactoryRegistry$Factory;
[04:23:44] [main/DEBUG]: Skipping Lnet/minecraftforge/client/ExtendedServerListData;
[04:23:44] [main/DEBUG]: Skipping Lnet/minecraftforge/client/EntitySpectatorShaderManager;
[04:23:44] [main/DEBUG]: Skipping Lnet/minecraftforge/client/DimensionSpecialEffectsManager;
[04:23:44] [main/DEBUG]: Skipping Lnet/minecraftforge/client/CreativeModeTabSearchRegistry;
[04:23:44] [main/DEBUG]: Skipping Lnet/minecraftforge/client/ConfigScreenHandler;
[04:23:44] [main/DEBUG]: Skipping Lnet/minecraftforge/client/ConfigScreenHandler$ConfigScreenFactory;
[04:23:44] [main/DEBUG]: Skipping Lnet/minecraftforge/client/ColorResolverManager;
[04:23:44] [main/DEBUG]: Skipping Lnet/minecraftforge/client/ClientForgeMod;
[04:23:44] [main/DEBUG]: Skipping Lnet/minecraftforge/client/ClientCommandSourceStack;
[04:23:44] [main/DEBUG]: Skipping Lnet/minecraftforge/client/ClientCommandHandler;
[04:23:44] [main/DEBUG]: Skipping Lnet/minecraftforge/client/ChunkRenderTypeSet;
[04:23:44] [main/DEBUG]: Skipping Lnet/minecraftforge/client/ChunkRenderTypeSet$None;
[04:23:44] [main/DEBUG]: Skipping Lnet/minecraftforge/client/ChunkRenderTypeSet$IteratorImpl;
[04:23:44] [main/DEBUG]: Skipping Lnet/minecraftforge/client/ChunkRenderTypeSet$All;
[04:23:44] [main/DEBUG]: Skipping Lnet/minecraft/world/ticks/package-info;
[04:23:44] [main/DEBUG]: Skipping Lnet/minecraft/world/ticks/WorldGenTickAccess;
[04:23:44] [main/DEBUG]: Skipping Lnet/minecraft/world/ticks/TickPriority;
[04:23:44] [main/DEBUG]: Skipping Lnet/minecraft/world/ticks/TickContainerAccess;
[04:23:44] [main/DEBUG]: Skipping Lnet/minecraft/world/ticks/TickAccess;
[04:23:44] [main/DEBUG]: Skipping Lnet/minecraft/world/ticks/SerializableTickContainer;
[04:23:44] [main/DEBUG]: Skipping Lnet/minecraft/world/ticks/ScheduledTick;
[04:23:44] [main/DEBUG]: Skipping Lnet/minecraft/world/ticks/ScheduledTick$1;
[04:23:44] [main/DEBUG]: Skipping Lnet/minecraft/world/ticks/SavedTick;
[04:23:44] [main/DEBUG]: Skipping Lnet/minecraft/world/ticks/SavedTick$1;
[04:23:44] [main/DEBUG]: Skipping Lnet/minecraft/world/ticks/ProtoChunkTicks;
[04:23:44] [main/DEBUG]: Skipping Lnet/minecraft/world/ticks/LevelTicks;
[04:23:44] [main/DEBUG]: Skipping Lnet/minecraft/world/ticks/LevelTicks$PosAndContainerConsumer;
[04:23:44] [main/DEBUG]: Skipping Lnet/minecraft/world/ticks/LevelTickAccess;
[04:23:44] [main/DEBUG]: Skipping Lnet/minecraft/world/ticks/LevelChunkTicks;
[04:23:44] [main/DEBUG]: Skipping Lnet/minecraft/world/ticks/ContainerSingleItem;
[04:23:44] [main/DEBUG]: Skipping Lnet/minecraft/world/ticks/BlackholeTickAccess;
[04:23:44] [main/DEBUG]: Skipping Lnet/minecraft/world/ticks/BlackholeTickAccess$2;
[04:23:44] [main/DEBUG]: Skipping Lnet/minecraft/world/ticks/BlackholeTickAccess$1;
[04:23:44] [main/DEBUG]: Skipping Lnet/minecraft/world/scores/package-info;
[04:23:44] [main/DEBUG]: Skipping Lnet/minecraft/world/scores/criteria/package-info;
[04:23:44] [main/DEBUG]: Skipping Lnet/minecraft/world/scores/criteria/ObjectiveCriteria;
[04:23:44] [main/DEBUG]: Skipping Lnet/minecraft/world/scores/criteria/ObjectiveCriteria$RenderType;
[04:23:44] [main/DEBUG]: Skipping Lnet/minecraft/world/scores/Team;
[04:23:44] [main/DEBUG]: Skipping Lnet/minecraft/world/scores/Team$Visibility;
[04:23:44] [main/DEBUG]: Skipping Lnet/minecraft/world/scores/Team$CollisionRule;
[04:23:44] [main/DEBUG]: Skipping Lnet/minecraft/world/scores/ScoreboardSaveData;
[04:23:44] [main/DEBUG]: Skipping Lnet/minecraft/world/scores/Scoreboard;
[04:23:44] [main/DEBUG]: Skipping Lnet/minecraft/world/scores/Scoreboard$1;
[04:23:44] [main/DEBUG]: Skipping Lnet/minecraft/world/scores/ScoreHolder;
[04:23:44] [main/DEBUG]: Skipping Lnet/minecraft/world/scores/ScoreHolder$3;
[04:23:44] [main/DEBUG]: Skipping Lnet/minecraft/world/scores/ScoreHolder$2;
[04:23:44] [main/DEBUG]: Skipping Lnet/minecraft/world/scores/ScoreHolder$1;
[04:23:44] [main/DEBUG]: Skipping Lnet/minecraft/world/scores/ScoreAccess;
[04:23:44] [main/DEBUG]: Skipping Lnet/minecraft/world/scores/Score;
[04:23:44] [main/DEBUG]: Skipping Lnet/minecraft/world/scores/ReadOnlyScoreInfo;
[04:23:44] [main/DEBUG]: Skipping Lnet/minecraft/world/scores/PlayerTeam;
[04:23:44] [main/DEBUG]: Skipping Lnet/minecraft/world/scores/PlayerScores;
[04:23:44] [main/DEBUG]: Skipping Lnet/minecraft/world/scores/PlayerScoreEntry;
[04:23:44] [main/DEBUG]: Skipping Lnet/minecraft/world/scores/Objective;
[04:23:44] [main/DEBUG]: Skipping Lnet/minecraft/world/scores/DisplaySlot;
[04:23:44] [main/DEBUG]: Skipping Lnet/minecraft/world/scores/DisplaySlot$1;
[04:23:44] [main/DEBUG]: Skipping Lnet/minecraft/world/phys/shapes/package-info;
[04:23:44] [main/DEBUG]: Skipping Lnet/minecraft/world/phys/shapes/VoxelShape;
[04:23:44] [main/DEBUG]: Skipping Lnet/minecraft/world/phys/shapes/SubShape;
[04:23:44] [main/DEBUG]: Skipping Lnet/minecraft/world/phys/shapes/SliceShape;
[04:23:44] [main/DEBUG]: Skipping Lnet/minecraft/world/phys/shapes/Shapes;
[04:23:44] [main/DEBUG]: Skipping Lnet/minecraft/world/phys/shapes/Shapes$DoubleLineConsumer;
[04:23:44] [main/DEBUG]: Skipping Lnet/minecraft/world/phys/shapes/OffsetDoubleList;
[04:23:44] [main/DEBUG]: Skipping Lnet/minecraft/world/phys/shapes/NonOverlappingMerger;
[04:23:44] [main/DEBUG]: Skipping Lnet/minecraft/world/phys/shapes/IndirectMerger;
[04:23:44] [main/DEBUG]: Skipping Lnet/minecraft/world/phys/shapes/IndexMerger;
[04:23:44] [main/DEBUG]: Skipping Lnet/minecraft/world/phys/shapes/IndexMerger$IndexConsumer;
[04:23:44] [main/DEBUG]: Skipping Lnet/minecraft/world/phys/shapes/IdenticalMerger;
[04:23:44] [main/DEBUG]: Skipping Lnet/minecraft/world/phys/shapes/EntityCollisionContext;
[04:23:44] [main/DEBUG]: Skipping Lnet/minecraft/world/phys/shapes/EntityCollisionContext$1;
[04:23:44] [main/DEBUG]: Skipping Lnet/minecraft/world/phys/shapes/DiscreteVoxelShape;
[04:23:44] [main/DEBUG]: Skipping Lnet/minecraft/world/phys/shapes/DiscreteVoxelShape$IntLineConsumer;
[04:23:44] [main/DEBUG]: Skipping Lnet/minecraft/world/phys/shapes/DiscreteVoxelShape$IntFaceConsumer;
[04:23:44] [main/DEBUG]: Skipping Lnet/minecraft/world/phys/shapes/DiscreteCubeMerger;
[04:23:44] [main/DEBUG]: Skipping Lnet/minecraft/world/phys/shapes/CubeVoxelShape;
[04:23:44] [main/DEBUG]: Skipping Lnet/minecraft/world/phys/shapes/CubePointRange;
[04:23:44] [main/DEBUG]: Skipping Lnet/minecraft/world/phys/shapes/CollisionContext;
[04:23:44] [main/DEBUG]: Skipping Lnet/minecraft/world/phys/shapes/BooleanOp;
[04:23:44] [main/DEBUG]: Skipping Lnet/minecraft/world/phys/shapes/BitSetDiscreteVoxelShape;
[04:23:44] [main/DEBUG]: Skipping Lnet/minecraft/world/phys/shapes/ArrayVoxelShape;
[04:23:44] [main/DEBUG]: Skipping Lnet/minecraft/world/phys/shapes/ArrayVoxelShape$1;
[04:23:44] [main/DEBUG]: Skipping Lnet/minecraft/world/phys/package-info;
[04:23:44] [main/DEBUG]: Skipping Lnet/minecraft/world/phys/Vec3;
[04:23:44] [main/DEBUG]: Skipping Lnet/minecraft/world/phys/Vec2;
[04:23:44] [main/DEBUG]: Skipping Lnet/minecraft/world/phys/HitResult;
[04:23:44] [main/DEBUG]: Skipping Lnet/minecraft/world/phys/HitResult$Type;
[04:23:44] [main/DEBUG]: Skipping Lnet/minecraft/world/phys/EntityHitResult;
[04:23:44] [main/DEBUG]: Skipping Lnet/minecraft/world/phys/BlockHitResult;
[04:23:44] [main/DEBUG]: Skipping Lnet/minecraft/world/phys/AABB;
[04:23:44] [main/DEBUG]: Skipping Lnet/minecraft/world/package-info;
[04:23:44] [main/DEBUG]: Skipping Lnet/minecraft/world/level/validation/package-info;
[04:23:44] [main/DEBUG]: Skipping Lnet/minecraft/world/level/validation/PathAllowList;
[04:23:44] [main/DEBUG]: Skipping Lnet/minecraft/world/level/validation/PathAllowList$EntryType;
[04:23:44] [main/DEBUG]: Skipping Lnet/minecraft/world/level/validation/PathAllowList$ConfigEntry;
[04:23:44] [main/DEBUG]: Skipping Lnet/minecraft/world/level/validation/ForbiddenSymlinkInfo;
[04:23:44] [main/DEBUG]: Skipping Lnet/minecraft/world/level/validation/DirectoryValidator;
[04:23:44] [main/DEBUG]: Skipping Lnet/minecraft/world/level/validation/DirectoryValidator$1;
[04:23:44] [main/DEBUG]: Skipping Lnet/minecraft/world/level/validation/ContentValidationException;
[04:23:44] [main/DEBUG]: Skipping Lnet/minecraft/world/level/timers/package-info;
[04:23:44] [main/DEBUG]: Skipping Lnet/minecraft/world/level/timers/TimerQueue;
[04:23:44] [main/DEBUG]: Skipping Lnet/minecraft/world/level/timers/TimerQueue$Event;
[04:23:44] [main/DEBUG]: Skipping Lnet/minecraft/world/level/timers/TimerCallbacks;
[04:23:44] [main/DEBUG]: Skipping Lnet/minecraft/world/level/timers/TimerCallback;
[04:23:44] [main/DEBUG]: Skipping Lnet/minecraft/world/level/timers/TimerCallback$Serializer;
[04:23:44] [main/DEBUG]: Skipping Lnet/minecraft/world/level/timers/FunctionTagCallback;
[04:23:44] [main/DEBUG]: Skipping Lnet/minecraft/world/level/timers/FunctionTagCallback$Serializer;
[04:23:44] [main/DEBUG]: Skipping Lnet/minecraft/world/level/timers/FunctionCallback;
[04:23:44] [main/DEBUG]: Skipping Lnet/minecraft/world/level/timers/FunctionCallback$Serializer;
[04:23:44] [main/DEBUG]: Skipping Lnet/minecraft/world/level/storage/package-info;
[04:23:44] [main/DEBUG]: Skipping Lnet/minecraft/world/level/storage/loot/providers/score/package-info;
[04:23:44] [main/DEBUG]: Skipping Lnet/minecraft/world/level/storage/loot/providers/score/ScoreboardNameProviders;
[04:23:44] [main/DEBUG]: Skipping Lnet/minecraft/world/level/storage/loot/providers/score/ScoreboardNameProvider;
[04:23:44] [main/DEBUG]: Skipping Lnet/minecraft/world/level/storage/loot/providers/score/LootScoreProviderType;
[04:23:44] [main/DEBUG]: Skipping Lnet/minecraft/world/level/storage/loot/providers/score/FixedScoreboardNameProvider;
[04:23:44] [main/DEBUG]: Skipping Lnet/minecraft/world/level/storage/loot/providers/score/ContextScoreboardNameProvider;
[04:23:44] [main/DEBUG]: Skipping Lnet/minecraft/world/level/storage/loot/providers/number/package-info;
[04:23:44] [main/DEBUG]: Skipping Lnet/minecraft/world/level/storage/loot/providers/number/UniformGenerator;
[04:23:44] [main/DEBUG]: Skipping Lnet/minecraft/world/level/storage/loot/providers/number/ScoreboardValue;
[04:23:44] [main/DEBUG]: Skipping Lnet/minecraft/world/level/storage/loot/providers/number/NumberProviders;
[04:23:44] [main/DEBUG]: Skipping Lnet/minecraft/world/level/storage/loot/providers/number/NumberProvider;
[04:23:44] [main/DEBUG]: Skipping Lnet/minecraft/world/level/storage/loot/providers/number/LootNumberProviderType;
[04:23:44] [main/DEBUG]: Skipping Lnet/minecraft/world/level/storage/loot/providers/number/ConstantValue;
[04:23:44] [main/DEBUG]: Skipping Lnet/minecraft/world/level/storage/loot/providers/number/BinomialDistributionGenerator;
[04:23:44] [main/DEBUG]: Skipping Lnet/minecraft/world/level/storage/loot/providers/nbt/package-info;
[04:23:44] [main/DEBUG]: Skipping Lnet/minecraft/world/level/storage/loot/providers/nbt/StorageNbtProvider;
[04:23:44] [main/DEBUG]: Skipping Lnet/minecraft/world/level/storage/loot/providers/nbt/NbtProviders;
[04:23:44] [main/DEBUG]: Skipping Lnet/minecraft/world/level/storage/loot/providers/nbt/NbtProvider;
[04:23:44] [main/DEBUG]: Skipping Lnet/minecraft/world/level/storage/loot/providers/nbt/LootNbtProviderType;
[04:23:44] [main/DEBUG]: Skipping Lnet/minecraft/world/level/storage/loot/providers/nbt/ContextNbtProvider;
[04:23:44] [main/DEBUG]: Skipping Lnet/minecraft/world/level/storage/loot/providers/nbt/ContextNbtProvider$Getter;
[04:23:44] [main/DEBUG]: Skipping Lnet/minecraft/world/level/storage/loot/providers/nbt/ContextNbtProvider$2;
[04:23:44] [main/DEBUG]: Skipping Lnet/minecraft/world/level/storage/loot/providers/nbt/ContextNbtProvider$1;
[04:23:44] [main/DEBUG]: Skipping Lnet/minecraft/world/level/storage/loot/predicates/package-info;
[04:23:44] [main/DEBUG]: Skipping Lnet/minecraft/world/level/storage/loot/predicates/WeatherCheck;
[04:23:44] [main/DEBUG]: Skipping Lnet/minecraft/world/level/storage/loot/predicates/WeatherCheck$Builder;
[04:23:44] [main/DEBUG]: Skipping Lnet/minecraft/world/level/storage/loot/predicates/ValueCheckCondition;
[04:23:44] [main/DEBUG]: Skipping Lnet/minecraft/world/level/storage/loot/predicates/TimeCheck;
[04:23:44] [main/DEBUG]: Skipping Lnet/minecraft/world/level/storage/loot/predicates/TimeCheck$Builder;
[04:23:44] [main/DEBUG]: Skipping Lnet/minecraft/world/level/storage/loot/predicates/MatchTool;
[04:23:44] [main/DEBUG]: Skipping Lnet/minecraft/world/level/storage/loot/predicates/LootItemRandomChanceCondition;
[04:23:44] [main/DEBUG]: Skipping Lnet/minecraft/world/level/storage/loot/predicates/LootItemKilledByPlayerCondition;
[04:23:44] [main/DEBUG]: Skipping Lnet/minecraft/world/level/storage/loot/predicates/LootItemEntityPropertyCondition;
[04:23:44] [main/DEBUG]: Skipping Lnet/minecraft/world/level/storage/loot/predicates/LootItemConditions;
[04:23:44] [main/DEBUG]: Skipping Lnet/minecraft/world/level/storage/loot/predicates/LootItemConditionType;
[04:23:44] [main/DEBUG]: Skipping Lnet/minecraft/world/level/storage/loot/predicates/LootItemCondition;
[04:23:44] [main/DEBUG]: Skipping Lnet/minecraft/world/level/storage/loot/predicates/LootItemCondition$Builder;
[04:23:44] [main/DEBUG]: Skipping Lnet/minecraft/world/level/storage/loot/predicates/LootItemBlockStatePropertyCondition;
[04:23:44] [main/DEBUG]: Skipping Lnet/minecraft/world/level/storage/loot/predicates/LootItemBlockStatePropertyCondition$Builder;
[04:23:44] [main/DEBUG]: Skipping Lnet/minecraft/world/level/storage/loot/predicates/LocationCheck;
[04:23:44] [main/DEBUG]: Skipping Lnet/minecraft/world/level/storage/loot/predicates/InvertedLootItemCondition;
[04:23:44] [main/DEBUG]: Skipping Lnet/minecraft/world/level/storage/loot/predicates/ExplosionCondition;
[04:23:44] [main/DEBUG]: Skipping Lnet/minecraft/world/level/storage/loot/predicates/EntityHasScoreCondition;
[04:23:44] [main/DEBUG]: Skipping Lnet/minecraft/world/level/storage/loot/predicates/EntityHasScoreCondition$Builder;
[04:23:44] [main/DEBUG]: Skipping Lnet/minecraft/world/level/storage/loot/predicates/DamageSourceCondition;
[04:23:44] [main/DEBUG]: Skipping Lnet/minecraft/world/level/storage/loot/predicates/ConditionUserBuilder;
[04:23:44] [main/DEBUG]: Skipping Lnet/minecraft/world/level/storage/loot/predicates/ConditionReference;
[04:23:44] [main/DEBUG]: Skipping Lnet/minecraft/world/level/storage/loot/predicates/CompositeLootItemCondition;
[04:23:44] [main/DEBUG]: Skipping Lnet/minecraft/world/level/storage/loot/predicates/CompositeLootItemCondition$Builder;
[04:23:44] [main/DEBUG]: Skipping Lnet/minecraft/world/level/storage/loot/predicates/BonusLevelTableCondition;
[04:23:44] [main/DEBUG]: Skipping Lnet/minecraft/world/level/storage/loot/predicates/AnyOfCondition;
[04:23:44] [main/DEBUG]: Skipping Lnet/minecraft/world/level/storage/loot/predicates/AnyOfCondition$Builder;
[04:23:44] [main/DEBUG]: Skipping Lnet/minecraft/world/level/storage/loot/predicates/AllOfCondition;
[04:23:44] [main/DEBUG]: Skipping Lnet/minecraft/world/level/storage/loot/predicates/AllOfCondition$Builder;
[04:23:44] [main/DEBUG]: Skipping Lnet/minecraft/world/level/storage/loot/predicates/LootItemRandomChanceWithLootingCondition;
[04:23:44] [main/DEBUG]: Skipping Lnet/minecraft/world/level/storage/loot/parameters/package-info;
[04:23:44] [main/DEBUG]: Skipping Lnet/minecraft/world/level/storage/loot/parameters/LootContextParams;
[04:23:44] [main/DEBUG]: Skipping Lnet/minecraft/world/level/storage/loot/parameters/LootContextParamSet;
[04:23:44] [main/DEBUG]: Skipping Lnet/minecraft/world/level/storage/loot/parameters/LootContextParamSet$Builder;
[04:23:44] [main/DEBUG]: Skipping Lnet/minecraft/world/level/storage/loot/parameters/LootContextParam;
[04:23:44] [main/DEBUG]: Skipping Lnet/minecraft/world/level/storage/loot/parameters/LootContextParamSets;
[04:23:44] [main/DEBUG]: Skipping Lnet/minecraft/world/level/storage/loot/package-info;
[04:23:44] [main/DEBUG]: Skipping Lnet/minecraft/world/level/storage/loot/functions/package-info;
[04:23:44] [main/DEBUG]: Skipping Lnet/minecraft/world/level/storage/loot/functions/SetStewEffectFunction;
[04:23:44] [main/DEBUG]: Skipping Lnet/minecraft/world/level/storage/loot/functions/SetStewEffectFunction$EffectEntry;
[04:23:44] [main/DEBUG]: Skipping Lnet/minecraft/world/level/storage/loot/functions/SetStewEffectFunction$Builder;
[04:23:44] [main/DEBUG]: Skipping Lnet/minecraft/world/level/storage/loot/functions/SetPotionFunction;
[04:23:44] [main/DEBUG]: Skipping Lnet/minecraft/world/level/storage/loot/functions/SetNbtFunction;
[04:23:44] [main/DEBUG]: Skipping Lnet/minecraft/world/level/storage/loot/functions/SetNameFunction;
[04:23:44] [main/DEBUG]: Skipping Lnet/minecraft/world/level/storage/loot/functions/SetLoreFunction;
[04:23:44] [main/DEBUG]: Skipping Lnet/minecraft/world/level/storage/loot/functions/SetLoreFunction$Builder;
[04:23:44] [main/DEBUG]: Skipping Lnet/minecraft/world/level/storage/loot/functions/SetItemDamageFunction;
[04:23:44] [main/DEBUG]: Skipping Lnet/minecraft/world/level/storage/loot/functions/SetItemCountFunction;
[04:23:44] [main/DEBUG]: Skipping Lnet/minecraft/world/level/storage/loot/functions/SetInstrumentFunction;
[04:23:44] [main/DEBUG]: Skipping Lnet/minecraft/world/level/storage/loot/functions/SetEnchantmentsFunction;
[04:23:44] [main/DEBUG]: Skipping Lnet/minecraft/world/level/storage/loot/functions/SetEnchantmentsFunction$Builder;
[04:23:44] [main/DEBUG]: Skipping Lnet/minecraft/world/level/storage/loot/functions/SetContainerLootTable;
[04:23:44] [main/DEBUG]: Skipping Lnet/minecraft/world/level/storage/loot/functions/SetContainerContents;
[04:23:44] [main/DEBUG]: Skipping Lnet/minecraft/world/level/storage/loot/functions/SetContainerContents$Builder;
[04:23:44] [main/DEBUG]: Skipping Lnet/minecraft/world/level/storage/loot/functions/SetBannerPatternFunction;
[04:23:44] [main/DEBUG]: Skipping Lnet/minecraft/world/level/storage/loot/functions/SetBannerPatternFunction$Builder;
[04:23:44] [main/DEBUG]: Skipping Lnet/minecraft/world/level/storage/loot/functions/SetAttributesFunction;
[04:23:44] [main/DEBUG]: Skipping Lnet/minecraft/world/level/storage/loot/functions/SetAttributesFunction$ModifierBuilder;
[04:23:44] [main/DEBUG]: Skipping Lnet/minecraft/world/level/storage/loot/functions/SetAttributesFunction$Modifier;
[04:23:44] [main/DEBUG]: Skipping Lnet/minecraft/world/level/storage/loot/functions/SetAttributesFunction$Builder;
[04:23:44] [main/DEBUG]: Skipping Lnet/minecraft/world/level/storage/loot/functions/SequenceFunction;
[04:23:44] [main/DEBUG]: Skipping Lnet/minecraft/world/level/storage/loot/functions/LootItemFunctions;
[04:23:44] [main/DEBUG]: Skipping Lnet/minecraft/world/level/storage/loot/functions/LootItemFunctionType;
[04:23:44] [main/DEBUG]: Skipping Lnet/minecraft/world/level/storage/loot/functions/LootItemFunction;
[04:23:44] [main/DEBUG]: Skipping Lnet/minecraft/world/level/storage/loot/functions/LootItemFunction$Builder;
[04:23:44] [main/DEBUG]: Skipping Lnet/minecraft/world/level/storage/loot/functions/LootItemConditionalFunction;
[04:23:44] [main/DEBUG]: Skipping Lnet/minecraft/world/level/storage/loot/functions/LootItemConditionalFunction$DummyBuilder;
[04:23:44] [main/DEBUG]: Skipping Lnet/minecraft/world/level/storage/loot/functions/LootItemConditionalFunction$Builder;
[04:23:44] [main/DEBUG]: Skipping Lnet/minecraft/world/level/storage/loot/functions/LimitCount;
[04:23:44] [main/DEBUG]: Skipping Lnet/minecraft/world/level/storage/loot/functions/FunctionUserBuilder;
[04:23:44] [main/DEBUG]: Skipping Lnet/minecraft/world/level/storage/loot/functions/FunctionReference;
[04:23:44] [main/DEBUG]: Skipping Lnet/minecraft/world/level/storage/loot/functions/FillPlayerHead;
[04:23:44] [main/DEBUG]: Skipping Lnet/minecraft/world/level/storage/loot/functions/ExplorationMapFunction;
[04:23:44] [main/DEBUG]: Skipping Lnet/minecraft/world/level/storage/loot/functions/ExplorationMapFunction$Builder;
[04:23:44] [main/DEBUG]: Skipping Lnet/minecraft/world/level/storage/loot/functions/EnchantWithLevelsFunction;
[04:23:44] [main/DEBUG]: Skipping Lnet/minecraft/world/level/storage/loot/functions/EnchantWithLevelsFunction$Builder;
[04:23:44] [main/DEBUG]: Skipping Lnet/minecraft/world/level/storage/loot/functions/EnchantRandomlyFunction;
[04:23:44] [main/DEBUG]: Skipping Lnet/minecraft/world/level/storage/loot/functions/EnchantRandomlyFunction$Builder;
[04:23:44] [main/DEBUG]: Skipping Lnet/minecraft/world/level/storage/loot/functions/CopyNbtFunction;
[04:23:44] [main/DEBUG]: Skipping Lnet/minecraft/world/level/storage/loot/functions/CopyNbtFunction$Path;
[04:23:44] [main/DEBUG]: Skipping Lnet/minecraft/world/level/storage/loot/functions/CopyNbtFunction$MergeStrategy;
[04:23:44] [main/DEBUG]: Skipping Lnet/minecraft/world/level/storage/loot/functions/CopyNbtFunction$MergeStrategy$3;
[04:23:44] [main/DEBUG]: Skipping Lnet/minecraft/world/level/storage/loot/functions/CopyNbtFunction$MergeStrategy$2;
[04:23:44] [main/DEBUG]: Skipping Lnet/minecraft/world/level/storage/loot/functions/CopyNbtFunction$MergeStrategy$1;
[04:23:44] [main/DEBUG]: Skipping Lnet/minecraft/world/level/storage/loot/functions/CopyNbtFunction$CopyOperation;
[04:23:44] [main/DEBUG]: Skipping Lnet/minecraft/world/level/storage/loot/functions/CopyNbtFunction$Builder;
[04:23:44] [main/DEBUG]: Skipping Lnet/minecraft/world/level/storage/loot/functions/CopyNameFunction;
[04:23:44] [main/DEBUG]: Skipping Lnet/minecraft/world/level/storage/loot/functions/CopyNameFunction$NameSource;
[04:23:44] [main/DEBUG]: Skipping Lnet/minecraft/world/level/storage/loot/functions/CopyBlockState;
[04:23:44] [main/DEBUG]: Skipping Lnet/minecraft/world/level/storage/loot/functions/CopyBlockState$Builder;
[04:23:44] [main/DEBUG]: Skipping Lnet/minecraft/world/level/storage/loot/functions/ApplyExplosionDecay;
[04:23:44] [main/DEBUG]: Skipping Lnet/minecraft/world/level/storage/loot/functions/ApplyBonusCount;
[04:23:44] [main/DEBUG]: Skipping Lnet/minecraft/world/level/storage/loot/functions/ApplyBonusCount$UniformBonusCount;
[04:23:44] [main/DEBUG]: Skipping Lnet/minecraft/world/level/storage/loot/functions/ApplyBonusCount$OreDrops;
[04:23:44] [main/DEBUG]: Skipping Lnet/minecraft/world/level/storage/loot/functions/ApplyBonusCount$FormulaType;
[04:23:44] [main/DEBUG]: Skipping Lnet/minecraft/world/level/storage/loot/functions/ApplyBonusCount$Formula;
[04:23:44] [main/DEBUG]: Skipping Lnet/minecraft/world/level/storage/loot/functions/ApplyBonusCount$BinomialWithBonusCount;
[04:23:44] [main/DEBUG]: Skipping Lnet/minecraft/world/level/storage/loot/functions/SmeltItemFunction;
[04:23:44] [main/DEBUG]: Skipping Lnet/minecraft/world/level/storage/loot/functions/LootingEnchantFunction;
[04:23:44] [main/DEBUG]: Skipping Lnet/minecraft/world/level/storage/loot/functions/LootingEnchantFunction$Builder;
[04:23:44] [main/DEBUG]: Skipping Lnet/minecraft/world/level/storage/loot/entries/package-info;
[04:23:44] [main/DEBUG]: Skipping Lnet/minecraft/world/level/storage/loot/entries/TagEntry;
[04:23:44] [main/DEBUG]: Skipping Lnet/minecraft/world/level/storage/loot/entries/TagEntry$1;
[04:23:44] [main/DEBUG]: Skipping Lnet/minecraft/world/level/storage/loot/entries/SequentialEntry;
[04:23:44] [main/DEBUG]: Skipping Lnet/minecraft/world/level/storage/loot/entries/SequentialEntry$Builder;
[04:23:44] [main/DEBUG]: Skipping Lnet/minecraft/world/level/storage/loot/entries/LootTableReference;
[04:23:44] [main/DEBUG]: Skipping Lnet/minecraft/world/level/storage/loot/entries/LootPoolSingletonContainer;
[04:23:44] [main/DEBUG]: Skipping Lnet/minecraft/world/level/storage/loot/entries/LootPoolSingletonContainer$EntryConstructor;
[04:23:44] [main/DEBUG]: Skipping Lnet/minecraft/world/level/storage/loot/entries/LootPoolSingletonContainer$EntryBase;
[04:23:44] [main/DEBUG]: Skipping Lnet/minecraft/world/level/storage/loot/entries/LootPoolSingletonContainer$DummyBuilder;
[04:23:44] [main/DEBUG]: Skipping Lnet/minecraft/world/level/storage/loot/entries/LootPoolSingletonContainer$Builder;
[04:23:44] [main/DEBUG]: Skipping Lnet/minecraft/world/level/storage/loot/entries/LootPoolSingletonContainer$1;
[04:23:44] [main/DEBUG]: Skipping Lnet/minecraft/world/level/storage/loot/entries/LootPoolEntryType;
[04:23:44] [main/DEBUG]: Skipping Lnet/minecraft/world/level/storage/loot/entries/LootPoolEntryContainer;
[04:23:44] [main/DEBUG]: Skipping Lnet/minecraft/world/level/storage/loot/entries/LootPoolEntryContainer$Builder;
[04:23:44] [main/DEBUG]: Skipping Lnet/minecraft/world/level/storage/loot/entries/LootPoolEntry;
[04:23:44] [main/DEBUG]: Skipping Lnet/minecraft/world/level/storage/loot/entries/LootPoolEntries;
[04:23:44] [main/DEBUG]: Skipping Lnet/minecraft/world/level/storage/loot/entries/LootItem;
[04:23:44] [main/DEBUG]: Skipping Lnet/minecraft/world/level/storage/loot/entries/EntryGroup;
[04:23:44] [main/DEBUG]: Skipping Lnet/minecraft/world/level/storage/loot/entries/EntryGroup$Builder;
[04:23:44] [main/DEBUG]: Skipping Lnet/minecraft/world/level/storage/loot/entries/EmptyLootItem;
[04:23:44] [main/DEBUG]: Skipping Lnet/minecraft/world/level/storage/loot/entries/DynamicLoot;
[04:23:44] [main/DEBUG]: Skipping Lnet/minecraft/world/level/storage/loot/entries/CompositeEntryBase;
[04:23:44] [main/DEBUG]: Skipping Lnet/minecraft/world/level/storage/loot/entries/CompositeEntryBase$CompositeEntryConstructor;
[04:23:44] [main/DEBUG]: Skipping Lnet/minecraft/world/level/storage/loot/entries/ComposableEntryContainer;
[04:23:44] [main/DEBUG]: Skipping Lnet/minecraft/world/level/storage/loot/entries/AlternativesEntry;
[04:23:44] [main/DEBUG]: Skipping Lnet/minecraft/world/level/storage/loot/entries/AlternativesEntry$Builder;
[04:23:44] [main/DEBUG]: Skipping Lnet/minecraft/world/level/storage/loot/ValidationContext;
[04:23:44] [main/DEBUG]: Skipping Lnet/minecraft/world/level/storage/loot/LootDataResolver;
[04:23:44] [main/DEBUG]: Skipping Lnet/minecraft/world/level/storage/loot/LootDataManager;
[04:23:44] [main/DEBUG]: Skipping Lnet/minecraft/world/level/storage/loot/LootDataManager$1;
[04:23:44] [main/DEBUG]: Skipping Lnet/minecraft/world/level/storage/loot/LootDataId;
[04:23:44] [main/DEBUG]: Skipping Lnet/minecraft/world/level/storage/loot/LootContextUser;
[04:23:44] [main/DEBUG]: Skipping Lnet/minecraft/world/level/storage/loot/IntRange;
[04:23:44] [main/DEBUG]: Skipping Lnet/minecraft/world/level/storage/loot/IntRange$IntLimiter;
[04:23:44] [main/DEBUG]: Skipping Lnet/minecraft/world/level/storage/loot/IntRange$IntChecker;
[04:23:44] [main/DEBUG]: Skipping Lnet/minecraft/world/level/storage/loot/BuiltInLootTables;
[04:23:44] [main/DEBUG]: Skipping Lnet/minecraft/world/level/storage/loot/LootTable;
[04:23:44] [main/DEBUG]: Skipping Lnet/minecraft/world/level/storage/loot/LootTable$Builder;
[04:23:44] [main/DEBUG]: Transforming class Lnet/minecraft/world/level/storage/loot/LootPool;
[04:23:44] [main/DEBUG]: Transforming net/minecraft/world/level/storage/loot/LootPool FIELD f_79028_ to access PRIVATE and REMOVEFINAL
[04:23:44] [main/DEBUG]: Transforming net/minecraft/world/level/storage/loot/LootPool FIELD f_79029_ to access PRIVATE and REMOVEFINAL
[04:23:44] [main/DEBUG]: Skipping Lnet/minecraft/world/level/storage/loot/LootPool$Builder;
[04:23:44] [main/DEBUG]: Skipping Lnet/minecraft/world/level/storage/loot/LootParams;
[04:23:44] [main/DEBUG]: Skipping Lnet/minecraft/world/level/storage/loot/LootParams$DynamicDrop;
[04:23:44] [main/DEBUG]: Skipping Lnet/minecraft/world/level/storage/loot/LootParams$Builder;
[04:23:44] [main/DEBUG]: Skipping Lnet/minecraft/world/level/storage/loot/LootDataType;
[04:23:44] [main/DEBUG]: Skipping Lnet/minecraft/world/level/storage/loot/LootDataType$Validator;
[04:23:44] [main/DEBUG]: Skipping Lnet/minecraft/world/level/storage/loot/LootContext;
[04:23:44] [main/DEBUG]: Skipping Lnet/minecraft/world/level/storage/loot/LootContext$VisitedEntry;
[04:23:44] [main/DEBUG]: Skipping Lnet/minecraft/world/level/storage/loot/LootContext$EntityTarget;
[04:23:44] [main/DEBUG]: Skipping Lnet/minecraft/world/level/storage/loot/LootContext$Builder;
[04:23:44] [main/DEBUG]: Skipping Lnet/minecraft/world/level/storage/WritableLevelData;
[04:23:44] [main/DEBUG]: Skipping Lnet/minecraft/world/level/storage/WorldData;
[04:23:44] [main/DEBUG]: Skipping Lnet/minecraft/world/level/storage/ServerLevelData;
[04:23:44] [main/DEBUG]: Skipping Lnet/minecraft/world/level/storage/LevelVersion;
[04:23:44] [main/DEBUG]: Skipping Lnet/minecraft/world/level/storage/LevelStorageException;
[04:23:44] [main/DEBUG]: Transforming class Lnet/minecraft/world/level/storage/LevelResource;
[04:23:44] [main/DEBUG]: Transforming net/minecraft/world/level/storage/LevelResource METHOD <init>(Ljava/lang/String;)V to access PUBLIC and LEAVE
[04:23:44] [main/DEBUG]: Skipping Lnet/minecraft/world/level/storage/LevelDataAndDimensions;
[04:23:44] [main/DEBUG]: Skipping Lnet/minecraft/world/level/storage/LevelData;
[04:23:44] [main/DEBUG]: Skipping Lnet/minecraft/world/level/storage/DerivedLevelData;
[04:23:44] [main/DEBUG]: Skipping Lnet/minecraft/world/level/storage/DataVersion;
[04:23:44] [main/DEBUG]: Skipping Lnet/minecraft/world/level/storage/CommandStorage;
[04:23:44] [main/DEBUG]: Skipping Lnet/minecraft/world/level/storage/CommandStorage$Container;
[04:23:44] [main/DEBUG]: Skipping Lnet/minecraft/world/level/storage/PrimaryLevelData;
[04:23:44] [main/DEBUG]: Skipping Lnet/minecraft/world/level/storage/PrimaryLevelData$SpecialWorldProperty;
[04:23:44] [main/DEBUG]: Skipping Lnet/minecraft/world/level/storage/PlayerDataStorage;
[04:23:44] [main/DEBUG]: Skipping Lnet/minecraft/world/level/storage/LevelSummary;
[04:23:44] [main/DEBUG]: Skipping Lnet/minecraft/world/level/storage/LevelSummary$SymlinkLevelSummary;
[04:23:44] [main/DEBUG]: Skipping Lnet/minecraft/world/level/storage/LevelSummary$CorruptedLevelSummary;
[04:23:44] [main/DEBUG]: Skipping Lnet/minecraft/world/level/storage/LevelSummary$BackupStatus;
[04:23:44] [main/DEBUG]: Skipping Lnet/minecraft/world/level/storage/LevelStorageSource;
[04:23:44] [main/DEBUG]: Skipping Lnet/minecraft/world/level/storage/LevelStorageSource$LevelStorageAccess;
[04:23:44] [main/DEBUG]: Skipping Lnet/minecraft/world/level/storage/LevelStorageSource$LevelStorageAccess$2;
[04:23:44] [main/DEBUG]: Skipping Lnet/minecraft/world/level/storage/LevelStorageSource$LevelStorageAccess$1;
[04:23:44] [main/DEBUG]: Skipping Lnet/minecraft/world/level/storage/LevelStorageSource$LevelDirectory;
[04:23:44] [main/DEBUG]: Skipping Lnet/minecraft/world/level/storage/LevelStorageSource$LevelCandidates;
[04:23:44] [main/DEBUG]: Skipping Lnet/minecraft/world/level/storage/DimensionDataStorage;
[04:23:44] [main/DEBUG]: Skipping Lnet/minecraft/world/level/saveddata/package-info;
[04:23:44] [main/DEBUG]: Skipping Lnet/minecraft/world/level/saveddata/maps/package-info;
[04:23:44] [main/DEBUG]: Skipping Lnet/minecraft/world/level/saveddata/maps/MapItemSavedData;
[04:23:44] [main/DEBUG]: Skipping Lnet/minecraft/world/level/saveddata/maps/MapItemSavedData$MapPatch;
[04:23:44] [main/DEBUG]: Skipping Lnet/minecraft/world/level/saveddata/maps/MapItemSavedData$HoldingPlayer;
[04:23:44] [main/DEBUG]: Skipping Lnet/minecraft/world/level/saveddata/maps/MapIndex;
[04:23:44] [main/DEBUG]: Skipping Lnet/minecraft/world/level/saveddata/maps/MapFrame;
[04:23:44] [main/DEBUG]: Skipping Lnet/minecraft/world/level/saveddata/maps/MapDecoration;
[04:23:44] [main/DEBUG]: Skipping Lnet/minecraft/world/level/saveddata/maps/MapDecoration$Type;
[04:23:44] [main/DEBUG]: Skipping Lnet/minecraft/world/level/saveddata/maps/MapBanner;
[04:23:44] [main/DEBUG]: Skipping Lnet/minecraft/world/level/saveddata/maps/MapBanner$1;
[04:23:44] [main/DEBUG]: Skipping Lnet/minecraft/world/level/saveddata/SavedData;
[04:23:44] [main/DEBUG]: Skipping Lnet/minecraft/world/level/saveddata/SavedData$Factory;
[04:23:44] [main/DEBUG]: Skipping Lnet/minecraft/world/level/redstone/package-info;
[04:23:44] [main/DEBUG]: Skipping Lnet/minecraft/world/level/redstone/Redstone;
[04:23:44] [main/DEBUG]: Skipping Lnet/minecraft/world/level/redstone/NeighborUpdater;
[04:23:44] [main/DEBUG]: Skipping Lnet/minecraft/world/level/redstone/InstantNeighborUpdater;
[04:23:44] [main/DEBUG]: Skipping Lnet/minecraft/world/level/redstone/CollectingNeighborUpdater;
[04:23:44] [main/DEBUG]: Skipping Lnet/minecraft/world/level/redstone/CollectingNeighborUpdater$SimpleNeighborUpdate;
[04:23:44] [main/DEBUG]: Skipping Lnet/minecraft/world/level/redstone/CollectingNeighborUpdater$ShapeUpdate;
[04:23:44] [main/DEBUG]: Skipping Lnet/minecraft/world/level/redstone/CollectingNeighborUpdater$NeighborUpdates;
[04:23:44] [main/DEBUG]: Skipping Lnet/minecraft/world/level/redstone/CollectingNeighborUpdater$MultiNeighborUpdate;
[04:23:44] [main/DEBUG]: Skipping Lnet/minecraft/world/level/redstone/CollectingNeighborUpdater$FullNeighborUpdate;
[04:23:44] [main/DEBUG]: Skipping Lnet/minecraft/world/level/portal/package-info;
[04:23:44] [main/DEBUG]: Skipping Lnet/minecraft/world/level/portal/PortalInfo;
[04:23:44] [main/DEBUG]: Skipping Lnet/minecraft/world/level/portal/PortalShape;
[04:23:44] [main/DEBUG]: Transforming class Lnet/minecraft/world/level/portal/PortalForcer;
[04:23:44] [main/DEBUG]: Transforming net/minecraft/world/level/portal/PortalForcer FIELD f_77648_ to access PROTECTED and LEAVE
[04:23:44] [main/DEBUG]: Skipping Lnet/minecraft/world/level/pathfinder/package-info;
[04:23:44] [main/DEBUG]: Skipping Lnet/minecraft/world/level/pathfinder/Target;
[04:23:44] [main/DEBUG]: Skipping Lnet/minecraft/world/level/pathfinder/SwimNodeEvaluator;
[04:23:44] [main/DEBUG]: Skipping Lnet/minecraft/world/level/pathfinder/PathFinder;
[04:23:44] [main/DEBUG]: Skipping Lnet/minecraft/world/level/pathfinder/PathComputationType;
[04:23:44] [main/DEBUG]: Skipping Lnet/minecraft/world/level/pathfinder/Path;
[04:23:44] [main/DEBUG]: Skipping Lnet/minecraft/world/level/pathfinder/Path$DebugData;
[04:23:44] [main/DEBUG]: Skipping Lnet/minecraft/world/level/pathfinder/NodeEvaluator;
[04:23:44] [main/DEBUG]: Skipping Lnet/minecraft/world/level/pathfinder/Node;
[04:23:44] [main/DEBUG]: Skipping Lnet/minecraft/world/level/pathfinder/FlyNodeEvaluator;
[04:23:44] [main/DEBUG]: Skipping Lnet/minecraft/world/level/pathfinder/BinaryHeap;
[04:23:44] [main/DEBUG]: Skipping Lnet/minecraft/world/level/pathfinder/WalkNodeEvaluator;
[04:23:44] [main/DEBUG]: Skipping Lnet/minecraft/world/level/pathfinder/WalkNodeEvaluator$1;
[04:23:44] [main/DEBUG]: Skipping Lnet/minecraft/world/level/pathfinder/BlockPathTypes;
[04:23:44] [main/DEBUG]: Skipping Lnet/minecraft/world/level/pathfinder/AmphibiousNodeEvaluator;
[04:23:44] [main/DEBUG]: Skipping Lnet/minecraft/world/level/package-info;
[04:23:44] [main/DEBUG]: Skipping Lnet/minecraft/world/level/material/package-info;
[04:23:44] [main/DEBUG]: Skipping Lnet/minecraft/world/level/material/WaterFluid;
[04:23:44] [main/DEBUG]: Skipping Lnet/minecraft/world/level/material/WaterFluid$Source;
[04:23:44] [main/DEBUG]: Skipping Lnet/minecraft/world/level/material/WaterFluid$Flowing;
[04:23:44] [main/DEBUG]: Skipping Lnet/minecraft/world/level/material/PushReaction;
[04:23:44] [main/DEBUG]: Skipping Lnet/minecraft/world/level/material/MapColor;
[04:23:44] [main/DEBUG]: Skipping Lnet/minecraft/world/level/material/MapColor$Brightness;
[04:23:44] [main/DEBUG]: Skipping Lnet/minecraft/world/level/material/FogType;
[04:23:44] [main/DEBUG]: Skipping Lnet/minecraft/world/level/material/Fluids;
[04:23:44] [main/DEBUG]: Skipping Lnet/minecraft/world/level/material/EmptyFluid;
[04:23:44] [main/DEBUG]: Skipping Lnet/minecraft/world/level/material/LavaFluid;
[04:23:44] [main/DEBUG]: Skipping Lnet/minecraft/world/level/material/LavaFluid$Source;
[04:23:44] [main/DEBUG]: Skipping Lnet/minecraft/world/level/material/LavaFluid$Flowing;
[04:23:44] [main/DEBUG]: Skipping Lnet/minecraft/world/level/material/FluidState;
[04:23:44] [main/DEBUG]: Skipping Lnet/minecraft/world/level/material/Fluid;
[04:23:44] [main/DEBUG]: Skipping Lnet/minecraft/world/level/material/FlowingFluid;
[04:23:44] [main/DEBUG]: Skipping Lnet/minecraft/world/level/material/FlowingFluid$1;
[04:23:44] [main/DEBUG]: Skipping Lnet/minecraft/world/level/lighting/package-info;
[04:23:44] [main/DEBUG]: Skipping Lnet/minecraft/world/level/lighting/SpatialLongSet;
[04:23:44] [main/DEBUG]: Skipping Lnet/minecraft/world/level/lighting/SpatialLongSet$InternalMap;
[04:23:44] [main/DEBUG]: Skipping Lnet/minecraft/world/level/lighting/SkyLightSectionStorage;
[04:23:44] [main/DEBUG]: Skipping Lnet/minecraft/world/level/lighting/SkyLightSectionStorage$SkyDataLayerStorageMap;
[04:23:44] [main/DEBUG]: Skipping Lnet/minecraft/world/level/lighting/SkyLightEngine;
[04:23:44] [main/DEBUG]: Skipping Lnet/minecraft/world/level/lighting/SkyLightEngine$1;
[04:23:44] [main/DEBUG]: Skipping Lnet/minecraft/world/level/lighting/LightEventListener;
[04:23:44] [main/DEBUG]: Skipping Lnet/minecraft/world/level/lighting/LeveledPriorityQueue;
[04:23:44] [main/DEBUG]: Skipping Lnet/minecraft/world/level/lighting/LeveledPriorityQueue$1;
[04:23:44] [main/DEBUG]: Skipping Lnet/minecraft/world/level/lighting/LevelLightEngine;
[04:23:44] [main/DEBUG]: Skipping Lnet/minecraft/world/level/lighting/LayerLightSectionStorage;
[04:23:44] [main/DEBUG]: Skipping Lnet/minecraft/world/level/lighting/LayerLightSectionStorage$SectionType;
[04:23:44] [main/DEBUG]: Skipping Lnet/minecraft/world/level/lighting/LayerLightSectionStorage$SectionState;
[04:23:44] [main/DEBUG]: Skipping Lnet/minecraft/world/level/lighting/LayerLightEventListener;
[04:23:44] [main/DEBUG]: Skipping Lnet/minecraft/world/level/lighting/LayerLightEventListener$DummyLightLayerEventListener;
[04:23:44] [main/DEBUG]: Skipping Lnet/minecraft/world/level/lighting/DynamicGraphMinFixedPoint;
[04:23:44] [main/DEBUG]: Skipping Lnet/minecraft/world/level/lighting/DynamicGraphMinFixedPoint$1;
[04:23:44] [main/DEBUG]: Skipping Lnet/minecraft/world/level/lighting/DataLayerStorageMap;
[04:23:44] [main/DEBUG]: Skipping Lnet/minecraft/world/level/lighting/ChunkSkyLightSources;
[04:23:44] [main/DEBUG]: Skipping Lnet/minecraft/world/level/lighting/BlockLightSectionStorage;
[04:23:44] [main/DEBUG]: Skipping Lnet/minecraft/world/level/lighting/BlockLightSectionStorage$BlockDataLayerStorageMap;
[04:23:44] [main/DEBUG]: Skipping Lnet/minecraft/world/level/lighting/LightEngine;
[04:23:44] [main/DEBUG]: Skipping Lnet/minecraft/world/level/lighting/LightEngine$QueueEntry;
[04:23:44] [main/DEBUG]: Skipping Lnet/minecraft/world/level/lighting/BlockLightEngine;
[04:23:44] [main/DEBUG]: Skipping Lnet/minecraft/world/level/levelgen/synth/package-info;
[04:23:44] [main/DEBUG]: Skipping Lnet/minecraft/world/level/levelgen/synth/SimplexNoise;
[04:23:44] [main/DEBUG]: Skipping Lnet/minecraft/world/level/levelgen/synth/PerlinSimplexNoise;
[04:23:44] [main/DEBUG]: Skipping Lnet/minecraft/world/level/levelgen/synth/PerlinNoise;
[04:23:44] [main/DEBUG]: Skipping Lnet/minecraft/world/level/levelgen/synth/NormalNoise;
[04:23:44] [main/DEBUG]: Skipping Lnet/minecraft/world/level/levelgen/synth/NormalNoise$NoiseParameters;
[04:23:44] [main/DEBUG]: Skipping Lnet/minecraft/world/level/levelgen/synth/NoiseUtils;
[04:23:44] [main/DEBUG]: Skipping Lnet/minecraft/world/level/levelgen/synth/ImprovedNoise;
[04:23:44] [main/DEBUG]: Skipping Lnet/minecraft/world/level/levelgen/synth/BlendedNoise;
[04:23:44] [main/DEBUG]: Skipping Lnet/minecraft/world/level/levelgen/structure/templatesystem/rule/blockentity/package-info;
[04:23:44] [main/DEBUG]: Skipping Lnet/minecraft/world/level/levelgen/structure/templatesystem/rule/blockentity/RuleBlockEntityModifierType;
[04:23:44] [main/DEBUG]: Skipping Lnet/minecraft/world/level/levelgen/structure/templatesystem/rule/blockentity/RuleBlockEntityModifier;
[04:23:44] [main/DEBUG]: Skipping Lnet/minecraft/world/level/levelgen/structure/templatesystem/rule/blockentity/Passthrough;
[04:23:44] [main/DEBUG]: Skipping Lnet/minecraft/world/level/levelgen/structure/templatesystem/rule/blockentity/Clear;
[04:23:44] [main/DEBUG]: Skipping Lnet/minecraft/world/level/levelgen/structure/templatesystem/rule/blockentity/AppendStatic;
[04:23:44] [main/DEBUG]: Skipping Lnet/minecraft/world/level/levelgen/structure/templatesystem/rule/blockentity/AppendLoot;
[04:23:44] [main/DEBUG]: Skipping Lnet/minecraft/world/level/levelgen/structure/templatesystem/package-info;
[04:23:44] [main/DEBUG]: Skipping Lnet/minecraft/world/level/levelgen/structure/templatesystem/TagMatchTest;
[04:23:44] [main/DEBUG]: Skipping Lnet/minecraft/world/level/levelgen/structure/templatesystem/StructureTemplateManager;
[04:23:44] [main/DEBUG]: Skipping Lnet/minecraft/world/level/levelgen/structure/templatesystem/StructureTemplateManager$Source;
[04:23:44] [main/DEBUG]: Skipping Lnet/minecraft/world/level/levelgen/structure/templatesystem/StructureTemplateManager$InputStreamOpener;
[04:23:44] [main/DEBUG]: Skipping Lnet/minecraft/world/level/levelgen/structure/templatesystem/StructureProcessorType;
[04:23:44] [main/DEBUG]: Skipping Lnet/minecraft/world/level/levelgen/structure/templatesystem/StructureProcessorList;
[04:23:44] [main/DEBUG]: Skipping Lnet/minecraft/world/level/levelgen/structure/templatesystem/StructurePlaceSettings;
[04:23:44] [main/DEBUG]: Skipping Lnet/minecraft/world/level/levelgen/structure/templatesystem/RuleTestType;
[04:23:44] [main/DEBUG]: Skipping Lnet/minecraft/world/level/levelgen/structure/templatesystem/RuleTest;
[04:23:44] [main/DEBUG]: Skipping Lnet/minecraft/world/level/levelgen/structure/templatesystem/RuleProcessor;
[04:23:44] [main/DEBUG]: Skipping Lnet/minecraft/world/level/levelgen/structure/templatesystem/RandomBlockStateMatchTest;
[04:23:44] [main/DEBUG]: Skipping Lnet/minecraft/world/level/levelgen/structure/templatesystem/RandomBlockMatchTest;
[04:23:44] [main/DEBUG]: Skipping Lnet/minecraft/world/level/levelgen/structure/templatesystem/ProtectedBlockProcessor;
[04:23:44] [main/DEBUG]: Skipping Lnet/minecraft/world/level/levelgen/structure/templatesystem/ProcessorRule;
[04:23:44] [main/DEBUG]: Skipping Lnet/minecraft/world/level/levelgen/structure/templatesystem/PosRuleTestType;
[04:23:44] [main/DEBUG]: Skipping Lnet/minecraft/world/level/levelgen/structure/templatesystem/PosRuleTest;
[04:23:44] [main/DEBUG]: Skipping Lnet/minecraft/world/level/levelgen/structure/templatesystem/PosAlwaysTrueTest;
[04:23:44] [main/DEBUG]: Skipping Lnet/minecraft/world/level/levelgen/structure/templatesystem/NopProcessor;
[04:23:44] [main/DEBUG]: Skipping Lnet/minecraft/world/level/levelgen/structure/templatesystem/LinearPosTest;
[04:23:44] [main/DEBUG]: Skipping Lnet/minecraft/world/level/levelgen/structure/templatesystem/LavaSubmergedBlockProcessor;
[04:23:44] [main/DEBUG]: Skipping Lnet/minecraft/world/level/levelgen/structure/templatesystem/JigsawReplacementProcessor;
[04:23:44] [main/DEBUG]: Skipping Lnet/minecraft/world/level/levelgen/structure/templatesystem/GravityProcessor;
[04:23:44] [main/DEBUG]: Skipping Lnet/minecraft/world/level/levelgen/structure/templatesystem/CappedProcessor;
[04:23:44] [main/DEBUG]: Skipping Lnet/minecraft/world/level/levelgen/structure/templatesystem/BlockStateMatchTest;
[04:23:44] [main/DEBUG]: Skipping Lnet/minecraft/world/level/levelgen/structure/templatesystem/BlockRotProcessor;
[04:23:44] [main/DEBUG]: Skipping Lnet/minecraft/world/level/levelgen/structure/templatesystem/BlockMatchTest;
[04:23:44] [main/DEBUG]: Skipping Lnet/minecraft/world/level/levelgen/structure/templatesystem/BlockIgnoreProcessor;
[04:23:44] [main/DEBUG]: Skipping Lnet/minecraft/world/level/levelgen/structure/templatesystem/BlockAgeProcessor;
[04:23:44] [main/DEBUG]: Skipping Lnet/minecraft/world/level/levelgen/structure/templatesystem/BlackstoneReplaceProcessor;
[04:23:44] [main/DEBUG]: Skipping Lnet/minecraft/world/level/levelgen/structure/templatesystem/AxisAlignedLinearPosTest;
[04:23:44] [main/DEBUG]: Skipping Lnet/minecraft/world/level/levelgen/structure/templatesystem/AlwaysTrueTest;
[04:23:44] [main/DEBUG]: Skipping Lnet/minecraft/world/level/levelgen/structure/templatesystem/StructureTemplate;
[04:23:44] [main/DEBUG]: Skipping Lnet/minecraft/world/level/levelgen/structure/templatesystem/StructureTemplate$StructureEntityInfo;
[04:23:44] [main/DEBUG]: Skipping Lnet/minecraft/world/level/levelgen/structure/templatesystem/StructureTemplate$StructureBlockInfo;
[04:23:44] [main/DEBUG]: Skipping Lnet/minecraft/world/level/levelgen/structure/templatesystem/StructureTemplate$SimplePalette;
[04:23:44] [main/DEBUG]: Skipping Lnet/minecraft/world/level/levelgen/structure/templatesystem/StructureTemplate$Palette;
[04:23:44] [main/DEBUG]: Skipping Lnet/minecraft/world/level/levelgen/structure/templatesystem/StructureTemplate$1;
[04:23:44] [main/DEBUG]: Skipping Lnet/minecraft/world/level/levelgen/structure/templatesystem/StructureProcessor;
[04:23:44] [main/DEBUG]: Skipping Lnet/minecraft/world/level/levelgen/structure/structures/package-info;
[04:23:44] [main/DEBUG]: Skipping Lnet/minecraft/world/level/levelgen/structure/structures/WoodlandMansionStructure;
[04:23:44] [main/DEBUG]: Skipping Lnet/minecraft/world/level/levelgen/structure/structures/WoodlandMansionPieces;
[04:23:44] [main/DEBUG]: Skipping Lnet/minecraft/world/level/levelgen/structure/structures/WoodlandMansionPieces$WoodlandMansionPiece;
[04:23:44] [main/DEBUG]: Skipping Lnet/minecraft/world/level/levelgen/structure/structures/WoodlandMansionPieces$ThirdFloorRoomCollection;
[04:23:44] [main/DEBUG]: Skipping Lnet/minecraft/world/level/levelgen/structure/structures/WoodlandMansionPieces$SimpleGrid;
[04:23:44] [main/DEBUG]: Skipping Lnet/minecraft/world/level/levelgen/structure/structures/WoodlandMansionPieces$SecondFloorRoomCollection;
[04:23:44] [main/DEBUG]: Skipping Lnet/minecraft/world/level/levelgen/structure/structures/WoodlandMansionPieces$PlacementData;
[04:23:44] [main/DEBUG]: Skipping Lnet/minecraft/world/level/levelgen/structure/structures/WoodlandMansionPieces$MansionPiecePlacer;
[04:23:44] [main/DEBUG]: Skipping Lnet/minecraft/world/level/levelgen/structure/structures/WoodlandMansionPieces$MansionGrid;
[04:23:44] [main/DEBUG]: Skipping Lnet/minecraft/world/level/levelgen/structure/structures/WoodlandMansionPieces$FloorRoomCollection;
[04:23:44] [main/DEBUG]: Skipping Lnet/minecraft/world/level/levelgen/structure/structures/WoodlandMansionPieces$FirstFloorRoomCollection;
[04:23:44] [main/DEBUG]: Skipping Lnet/minecraft/world/level/levelgen/structure/structures/SwampHutStructure;
[04:23:44] [main/DEBUG]: Skipping Lnet/minecraft/world/level/levelgen/structure/structures/SwampHutPiece;
[04:23:44] [main/DEBUG]: Skipping Lnet/minecraft/world/level/levelgen/structure/structures/StrongholdStructure;
[04:23:44] [main/DEBUG]: Skipping Lnet/minecraft/world/level/levelgen/structure/structures/StrongholdPieces;
[04:23:44] [main/DEBUG]: Skipping Lnet/minecraft/world/level/levelgen/structure/structures/StrongholdPieces$Turn;
[04:23:44] [main/DEBUG]: Skipping Lnet/minecraft/world/level/levelgen/structure/structures/StrongholdPieces$StrongholdPiece;
[04:23:44] [main/DEBUG]: Skipping Lnet/minecraft/world/level/levelgen/structure/structures/StrongholdPieces$StrongholdPiece$SmallDoorType;
[04:23:44] [main/DEBUG]: Skipping Lnet/minecraft/world/level/levelgen/structure/structures/StrongholdPieces$StraightStairsDown;
[04:23:44] [main/DEBUG]: Skipping Lnet/minecraft/world/level/levelgen/structure/structures/StrongholdPieces$Straight;
[04:23:44] [main/DEBUG]: Skipping Lnet/minecraft/world/level/levelgen/structure/structures/StrongholdPieces$StartPiece;
[04:23:44] [main/DEBUG]: Skipping Lnet/minecraft/world/level/levelgen/structure/structures/StrongholdPieces$StairsDown;
[04:23:44] [main/DEBUG]: Skipping Lnet/minecraft/world/level/levelgen/structure/structures/StrongholdPieces$SmoothStoneSelector;
[04:23:44] [main/DEBUG]: Skipping Lnet/minecraft/world/level/levelgen/structure/structures/StrongholdPieces$RoomCrossing;
[04:23:44] [main/DEBUG]: Skipping Lnet/minecraft/world/level/levelgen/structure/structures/StrongholdPieces$RightTurn;
[04:23:44] [main/DEBUG]: Skipping Lnet/minecraft/world/level/levelgen/structure/structures/StrongholdPieces$PrisonHall;
[04:23:44] [main/DEBUG]: Skipping Lnet/minecraft/world/level/levelgen/structure/structures/StrongholdPieces$PortalRoom;
[04:23:44] [main/DEBUG]: Skipping Lnet/minecraft/world/level/levelgen/structure/structures/StrongholdPieces$PieceWeight;
[04:23:44] [main/DEBUG]: Skipping Lnet/minecraft/world/level/levelgen/structure/structures/StrongholdPieces$Library;
[04:23:44] [main/DEBUG]: Skipping Lnet/minecraft/world/level/levelgen/structure/structures/StrongholdPieces$LeftTurn;
[04:23:44] [main/DEBUG]: Skipping Lnet/minecraft/world/level/levelgen/structure/structures/StrongholdPieces$FiveCrossing;
[04:23:44] [main/DEBUG]: Skipping Lnet/minecraft/world/level/levelgen/structure/structures/StrongholdPieces$FillerCorridor;
[04:23:44] [main/DEBUG]: Skipping Lnet/minecraft/world/level/levelgen/structure/structures/StrongholdPieces$ChestCorridor;
[04:23:44] [main/DEBUG]: Skipping Lnet/minecraft/world/level/levelgen/structure/structures/StrongholdPieces$3;
[04:23:44] [main/DEBUG]: Skipping Lnet/minecraft/world/level/levelgen/structure/structures/StrongholdPieces$2;
[04:23:44] [main/DEBUG]: Skipping Lnet/minecraft/world/level/levelgen/structure/structures/StrongholdPieces$1;
[04:23:44] [main/DEBUG]: Skipping Lnet/minecraft/world/level/levelgen/structure/structures/ShipwreckStructure;
[04:23:44] [main/DEBUG]: Skipping Lnet/minecraft/world/level/levelgen/structure/structures/ShipwreckPieces;
[04:23:44] [main/DEBUG]: Skipping Lnet/minecraft/world/level/levelgen/structure/structures/ShipwreckPieces$ShipwreckPiece;
[04:23:44] [main/DEBUG]: Skipping Lnet/minecraft/world/level/levelgen/structure/structures/RuinedPortalStructure;
[04:23:44] [main/DEBUG]: Skipping Lnet/minecraft/world/level/levelgen/structure/structures/RuinedPortalStructure$Setup;
[04:23:44] [main/DEBUG]: Skipping Lnet/minecraft/world/level/levelgen/structure/structures/RuinedPortalPiece;
[04:23:44] [main/DEBUG]: Skipping Lnet/minecraft/world/level/levelgen/structure/structures/RuinedPortalPiece$VerticalPlacement;
[04:23:44] [main/DEBUG]: Skipping Lnet/minecraft/world/level/levelgen/structure/structures/RuinedPortalPiece$Properties;
[04:23:44] [main/DEBUG]: Skipping Lnet/minecraft/world/level/levelgen/structure/structures/OceanRuinStructure;
[04:23:44] [main/DEBUG]: Skipping Lnet/minecraft/world/level/levelgen/structure/structures/OceanRuinStructure$Type;
[04:23:44] [main/DEBUG]: Skipping Lnet/minecraft/world/level/levelgen/structure/structures/OceanRuinPieces;
[04:23:44] [main/DEBUG]: Skipping Lnet/minecraft/world/level/levelgen/structure/structures/OceanRuinPieces$OceanRuinPiece;
[04:23:44] [main/DEBUG]: Skipping Lnet/minecraft/world/level/levelgen/structure/structures/OceanRuinPieces$1;
[04:23:44] [main/DEBUG]: Skipping Lnet/minecraft/world/level/levelgen/structure/structures/OceanMonumentStructure;
[04:23:44] [main/DEBUG]: Skipping Lnet/minecraft/world/level/levelgen/structure/structures/OceanMonumentPieces;
[04:23:44] [main/DEBUG]: Skipping Lnet/minecraft/world/level/levelgen/structure/structures/OceanMonumentPieces$RoomDefinition;
[04:23:44] [main/DEBUG]: Skipping Lnet/minecraft/world/level/levelgen/structure/structures/OceanMonumentPieces$OceanMonumentWingRoom;
[04:23:44] [main/DEBUG]: Skipping Lnet/minecraft/world/level/levelgen/structure/structures/OceanMonumentPieces$OceanMonumentSimpleTopRoom;
[04:23:44] [main/DEBUG]: Skipping Lnet/minecraft/world/level/levelgen/structure/structures/OceanMonumentPieces$OceanMonumentSimpleRoom;
[04:23:44] [main/DEBUG]: Skipping Lnet/minecraft/world/level/levelgen/structure/structures/OceanMonumentPieces$OceanMonumentPiece;
[04:23:44] [main/DEBUG]: Skipping Lnet/minecraft/world/level/levelgen/structure/structures/OceanMonumentPieces$OceanMonumentPenthouse;
[04:23:44] [main/DEBUG]: Skipping Lnet/minecraft/world/level/levelgen/structure/structures/OceanMonumentPieces$OceanMonumentEntryRoom;
[04:23:44] [main/DEBUG]: Skipping Lnet/minecraft/world/level/levelgen/structure/structures/OceanMonumentPieces$OceanMonumentDoubleZRoom;
[04:23:44] [main/DEBUG]: Skipping Lnet/minecraft/world/level/levelgen/structure/structures/OceanMonumentPieces$OceanMonumentDoubleYZRoom;
[04:23:44] [main/DEBUG]: Skipping Lnet/minecraft/world/level/levelgen/structure/structures/OceanMonumentPieces$OceanMonumentDoubleYRoom;
[04:23:44] [main/DEBUG]: Skipping Lnet/minecraft/world/level/levelgen/structure/structures/OceanMonumentPieces$OceanMonumentDoubleXYRoom;
[04:23:44] [main/DEBUG]: Skipping Lnet/minecraft/world/level/levelgen/structure/structures/OceanMonumentPieces$OceanMonumentDoubleXRoom;
[04:23:44] [main/DEBUG]: Skipping Lnet/minecraft/world/level/levelgen/structure/structures/OceanMonumentPieces$OceanMonumentCoreRoom;
[04:23:44] [main/DEBUG]: Skipping Lnet/minecraft/world/level/levelgen/structure/structures/OceanMonumentPieces$MonumentRoomFitter;
[04:23:44] [main/DEBUG]: Skipping Lnet/minecraft/world/level/levelgen/structure/structures/OceanMonumentPieces$MonumentBuilding;
[04:23:44] [main/DEBUG]: Skipping Lnet/minecraft/world/level/levelgen/structure/structures/OceanMonumentPieces$FitSimpleTopRoom;
[04:23:44] [main/DEBUG]: Skipping Lnet/minecraft/world/level/levelgen/structure/structures/OceanMonumentPieces$FitSimpleRoom;
[04:23:44] [main/DEBUG]: Skipping Lnet/minecraft/world/level/levelgen/structure/structures/OceanMonumentPieces$FitDoubleZRoom;
[04:23:44] [main/DEBUG]: Skipping Lnet/minecraft/world/level/levelgen/structure/structures/OceanMonumentPieces$FitDoubleYZRoom;
[04:23:44] [main/DEBUG]: Skipping Lnet/minecraft/world/level/levelgen/structure/structures/OceanMonumentPieces$FitDoubleYRoom;
[04:23:44] [main/DEBUG]: Skipping Lnet/minecraft/world/level/levelgen/structure/structures/OceanMonumentPieces$FitDoubleXYRoom;
[04:23:44] [main/DEBUG]: Skipping Lnet/minecraft/world/level/levelgen/structure/structures/OceanMonumentPieces$FitDoubleXRoom;
[04:23:44] [main/DEBUG]: Skipping Lnet/minecraft/world/level/levelgen/structure/structures/OceanMonumentPieces$1;
[04:23:44] [main/DEBUG]: Skipping Lnet/minecraft/world/level/levelgen/structure/structures/NetherFossilStructure;
[04:23:44] [main/DEBUG]: Skipping Lnet/minecraft/world/level/levelgen/structure/structures/NetherFossilPieces;
[04:23:44] [main/DEBUG]: Skipping Lnet/minecraft/world/level/levelgen/structure/structures/NetherFossilPieces$NetherFossilPiece;
[04:23:44] [main/DEBUG]: Skipping Lnet/minecraft/world/level/levelgen/structure/structures/NetherFortressStructure;
[04:23:44] [main/DEBUG]: Skipping Lnet/minecraft/world/level/levelgen/structure/structures/NetherFortressPieces;
[04:23:44] [main/DEBUG]: Skipping Lnet/minecraft/world/level/levelgen/structure/structures/NetherFortressPieces$StartPiece;
[04:23:44] [main/DEBUG]: Skipping Lnet/minecraft/world/level/levelgen/structure/structures/NetherFortressPieces$StairsRoom;
[04:23:44] [main/DEBUG]: Skipping Lnet/minecraft/world/level/levelgen/structure/structures/NetherFortressPieces$RoomCrossing;
[04:23:44] [main/DEBUG]: Skipping Lnet/minecraft/world/level/levelgen/structure/structures/NetherFortressPieces$PieceWeight;
[04:23:44] [main/DEBUG]: Skipping Lnet/minecraft/world/level/levelgen/structure/structures/NetherFortressPieces$NetherBridgePiece;
[04:23:44] [main/DEBUG]: Skipping Lnet/minecraft/world/level/levelgen/structure/structures/NetherFortressPieces$MonsterThrone;
[04:23:44] [main/DEBUG]: Skipping Lnet/minecraft/world/level/levelgen/structure/structures/NetherFortressPieces$CastleStalkRoom;
[04:23:44] [main/DEBUG]: Skipping Lnet/minecraft/world/level/levelgen/structure/structures/NetherFortressPieces$CastleSmallCorridorRightTurnPiece;
[04:23:44] [main/DEBUG]: Skipping Lnet/minecraft/world/level/levelgen/structure/structures/NetherFortressPieces$CastleSmallCorridorPiece;
[04:23:44] [main/DEBUG]: Skipping Lnet/minecraft/world/level/levelgen/structure/structures/NetherFortressPieces$CastleSmallCorridorLeftTurnPiece;
[04:23:44] [main/DEBUG]: Skipping Lnet/minecraft/world/level/levelgen/structure/structures/NetherFortressPieces$CastleSmallCorridorCrossingPiece;
[04:23:44] [main/DEBUG]: Skipping Lnet/minecraft/world/level/levelgen/structure/structures/NetherFortressPieces$CastleEntrance;
[04:23:44] [main/DEBUG]: Skipping Lnet/minecraft/world/level/levelgen/structure/structures/NetherFortressPieces$CastleCorridorTBalconyPiece;
[04:23:44] [main/DEBUG]: Skipping Lnet/minecraft/world/level/levelgen/structure/structures/NetherFortressPieces$CastleCorridorStairsPiece;
[04:23:44] [main/DEBUG]: Skipping Lnet/minecraft/world/level/levelgen/structure/structures/NetherFortressPieces$BridgeStraight;
[04:23:44] [main/DEBUG]: Skipping Lnet/minecraft/world/level/levelgen/structure/structures/NetherFortressPieces$BridgeEndFiller;
[04:23:44] [main/DEBUG]: Skipping Lnet/minecraft/world/level/levelgen/structure/structures/NetherFortressPieces$BridgeCrossing;
[04:23:44] [main/DEBUG]: Skipping Lnet/minecraft/world/level/levelgen/structure/structures/NetherFortressPieces$1;
[04:23:44] [main/DEBUG]: Skipping Lnet/minecraft/world/level/levelgen/structure/structures/MineshaftStructure;
[04:23:44] [main/DEBUG]: Skipping Lnet/minecraft/world/level/levelgen/structure/structures/MineshaftStructure$Type;
[04:23:44] [main/DEBUG]: Skipping Lnet/minecraft/world/level/levelgen/structure/structures/MineshaftPieces;
[04:23:44] [main/DEBUG]: Skipping Lnet/minecraft/world/level/levelgen/structure/structures/MineshaftPieces$MineShaftStairs;
[04:23:44] [main/DEBUG]: Skipping Lnet/minecraft/world/level/levelgen/structure/structures/MineshaftPieces$MineShaftRoom;
[04:23:44] [main/DEBUG]: Skipping Lnet/minecraft/world/level/levelgen/structure/structures/MineshaftPieces$MineShaftPiece;
[04:23:44] [main/DEBUG]: Skipping Lnet/minecraft/world/level/levelgen/structure/structures/MineshaftPieces$MineShaftCrossing;
[04:23:44] [main/DEBUG]: Skipping Lnet/minecraft/world/level/levelgen/structure/structures/MineshaftPieces$MineShaftCorridor;
[04:23:44] [main/DEBUG]: Skipping Lnet/minecraft/world/level/levelgen/structure/structures/MineshaftPieces$1;
[04:23:44] [main/DEBUG]: Skipping Lnet/minecraft/world/level/levelgen/structure/structures/JungleTempleStructure;
[04:23:44] [main/DEBUG]: Skipping Lnet/minecraft/world/level/levelgen/structure/structures/JungleTemplePiece;
[04:23:44] [main/DEBUG]: Skipping Lnet/minecraft/world/level/levelgen/structure/structures/JungleTemplePiece$MossStoneSelector;
[04:23:44] [main/DEBUG]: Skipping Lnet/minecraft/world/level/levelgen/structure/structures/JigsawStructure;
[04:23:44] [main/DEBUG]: Skipping Lnet/minecraft/world/level/levelgen/structure/structures/JigsawStructure$1;
[04:23:44] [main/DEBUG]: Skipping Lnet/minecraft/world/level/levelgen/structure/structures/IglooStructure;
[04:23:44] [main/DEBUG]: Skipping Lnet/minecraft/world/level/levelgen/structure/structures/IglooPieces;
[04:23:44] [main/DEBUG]: Skipping Lnet/minecraft/world/level/levelgen/structure/structures/IglooPieces$IglooPiece;
[04:23:44] [main/DEBUG]: Skipping Lnet/minecraft/world/level/levelgen/structure/structures/EndCityStructure;
[04:23:44] [main/DEBUG]: Skipping Lnet/minecraft/world/level/levelgen/structure/structures/EndCityPieces;
[04:23:44] [main/DEBUG]: Skipping Lnet/minecraft/world/level/levelgen/structure/structures/EndCityPieces$SectionGenerator;
[04:23:44] [main/DEBUG]: Skipping Lnet/minecraft/world/level/levelgen/structure/structures/EndCityPieces$EndCityPiece;
[04:23:44] [main/DEBUG]: Skipping Lnet/minecraft/world/level/levelgen/structure/structures/EndCityPieces$4;
[04:23:44] [main/DEBUG]: Skipping Lnet/minecraft/world/level/levelgen/structure/structures/EndCityPieces$3;
[04:23:44] [main/DEBUG]: Skipping Lnet/minecraft/world/level/levelgen/structure/structures/EndCityPieces$2;
[04:23:44] [main/DEBUG]: Skipping Lnet/minecraft/world/level/levelgen/structure/structures/EndCityPieces$1;
[04:23:44] [main/DEBUG]: Skipping Lnet/minecraft/world/level/levelgen/structure/structures/DesertPyramidStructure;
[04:23:44] [main/DEBUG]: Skipping Lnet/minecraft/world/level/levelgen/structure/structures/DesertPyramidPiece;
[04:23:44] [main/DEBUG]: Skipping Lnet/minecraft/world/level/levelgen/structure/structures/BuriedTreasureStructure;
[04:23:44] [main/DEBUG]: Skipping Lnet/minecraft/world/level/levelgen/structure/structures/BuriedTreasurePieces;
[04:23:44] [main/DEBUG]: Skipping Lnet/minecraft/world/level/levelgen/structure/structures/BuriedTreasurePieces$BuriedTreasurePiece;
[04:23:44] [main/DEBUG]: Skipping Lnet/minecraft/world/level/levelgen/structure/pools/package-info;
[04:23:44] [main/DEBUG]: Skipping Lnet/minecraft/world/level/levelgen/structure/pools/alias/package-info;
[04:23:44] [main/DEBUG]: Skipping Lnet/minecraft/world/level/levelgen/structure/pools/alias/RandomGroup;
[04:23:44] [main/DEBUG]: Skipping Lnet/minecraft/world/level/levelgen/structure/pools/alias/Random;
[04:23:44] [main/DEBUG]: Skipping Lnet/minecraft/world/level/levelgen/structure/pools/alias/PoolAliasLookup;
[04:23:44] [main/DEBUG]: Skipping Lnet/minecraft/world/level/levelgen/structure/pools/alias/PoolAliasBindings;
[04:23:44] [main/DEBUG]: Skipping Lnet/minecraft/world/level/levelgen/structure/pools/alias/PoolAliasBinding;
[04:23:44] [main/DEBUG]: Skipping Lnet/minecraft/world/level/levelgen/structure/pools/alias/Direct;
[04:23:44] [main/DEBUG]: Skipping Lnet/minecraft/world/level/levelgen/structure/pools/StructureTemplatePool;
[04:23:44] [main/DEBUG]: Skipping Lnet/minecraft/world/level/levelgen/structure/pools/StructureTemplatePool$Projection;
[04:23:44] [main/DEBUG]: Skipping Lnet/minecraft/world/level/levelgen/structure/pools/StructurePoolElementType;
[04:23:44] [main/DEBUG]: Skipping Lnet/minecraft/world/level/levelgen/structure/pools/StructurePoolElement;
[04:23:44] [main/DEBUG]: Skipping Lnet/minecraft/world/level/levelgen/structure/pools/SinglePoolElement;
[04:23:44] [main/DEBUG]: Skipping Lnet/minecraft/world/level/levelgen/structure/pools/ListPoolElement;
[04:23:44] [main/DEBUG]: Skipping Lnet/minecraft/world/level/levelgen/structure/pools/LegacySinglePoolElement;
[04:23:44] [main/DEBUG]: Skipping Lnet/minecraft/world/level/levelgen/structure/pools/JigsawPlacement;
[04:23:44] [main/DEBUG]: Skipping Lnet/minecraft/world/level/levelgen/structure/pools/JigsawPlacement$Placer;
[04:23:44] [main/DEBUG]: Skipping Lnet/minecraft/world/level/levelgen/structure/pools/JigsawPlacement$PieceState;
[04:23:44] [main/DEBUG]: Skipping Lnet/minecraft/world/level/levelgen/structure/pools/JigsawJunction;
[04:23:44] [main/DEBUG]: Skipping Lnet/minecraft/world/level/levelgen/structure/pools/FeaturePoolElement;
[04:23:44] [main/DEBUG]: Skipping Lnet/minecraft/world/level/levelgen/structure/pools/EmptyPoolElement;
[04:23:44] [main/DEBUG]: Skipping Lnet/minecraft/world/level/levelgen/structure/placement/package-info;
[04:23:44] [main/DEBUG]: Skipping Lnet/minecraft/world/level/levelgen/structure/placement/StructurePlacementType;
[04:23:44] [main/DEBUG]: Skipping Lnet/minecraft/world/level/levelgen/structure/placement/StructurePlacement;
[04:23:44] [main/DEBUG]: Skipping Lnet/minecraft/world/level/levelgen/structure/placement/StructurePlacement$FrequencyReductionMethod;
[04:23:44] [main/DEBUG]: Skipping Lnet/minecraft/world/level/levelgen/structure/placement/StructurePlacement$FrequencyReducer;
[04:23:44] [main/DEBUG]: Skipping Lnet/minecraft/world/level/levelgen/structure/placement/StructurePlacement$ExclusionZone;
[04:23:44] [main/DEBUG]: Skipping Lnet/minecraft/world/level/levelgen/structure/placement/RandomSpreadType;
[04:23:44] [main/DEBUG]: Skipping Lnet/minecraft/world/level/levelgen/structure/placement/RandomSpreadType$1;
[04:23:44] [main/DEBUG]: Skipping Lnet/minecraft/world/level/levelgen/structure/placement/RandomSpreadStructurePlacement;
[04:23:44] [main/DEBUG]: Skipping Lnet/minecraft/world/level/levelgen/structure/placement/ConcentricRingsStructurePlacement;
[04:23:44] [main/DEBUG]: Skipping Lnet/minecraft/world/level/levelgen/structure/pieces/package-info;
[04:23:44] [main/DEBUG]: Skipping Lnet/minecraft/world/level/levelgen/structure/pieces/StructurePiecesBuilder;
[04:23:44] [main/DEBUG]: Skipping Lnet/minecraft/world/level/levelgen/structure/pieces/StructurePieceType;
[04:23:44] [main/DEBUG]: Skipping Lnet/minecraft/world/level/levelgen/structure/pieces/StructurePieceType$StructureTemplateType;
[04:23:44] [main/DEBUG]: Skipping Lnet/minecraft/world/level/levelgen/structure/pieces/StructurePieceType$ContextlessType;
[04:23:44] [main/DEBUG]: Skipping Lnet/minecraft/world/level/levelgen/structure/pieces/StructurePieceSerializationContext;
[04:23:44] [main/DEBUG]: Skipping Lnet/minecraft/world/level/levelgen/structure/pieces/PiecesContainer;
[04:23:44] [main/DEBUG]: Skipping Lnet/minecraft/world/level/levelgen/structure/pieces/PieceGeneratorSupplier;
[04:23:44] [main/DEBUG]: Skipping Lnet/minecraft/world/level/levelgen/structure/pieces/PieceGeneratorSupplier$Context;
[04:23:44] [main/DEBUG]: Skipping Lnet/minecraft/world/level/levelgen/structure/pieces/PieceGenerator;
[04:23:44] [main/DEBUG]: Skipping Lnet/minecraft/world/level/levelgen/structure/pieces/PieceGenerator$Context;
[04:23:44] [main/DEBUG]: Skipping Lnet/minecraft/world/level/levelgen/structure/package-info;
[04:23:44] [main/DEBUG]: Skipping Lnet/minecraft/world/level/levelgen/structure/TerrainAdjustment;
[04:23:44] [main/DEBUG]: Skipping Lnet/minecraft/world/level/levelgen/structure/TemplateStructurePiece;
[04:23:44] [main/DEBUG]: Skipping Lnet/minecraft/world/level/levelgen/structure/StructureType;
[04:23:44] [main/DEBUG]: Skipping Lnet/minecraft/world/level/levelgen/structure/StructureSpawnOverride;
[04:23:44] [main/DEBUG]: Skipping Lnet/minecraft/world/level/levelgen/structure/StructureSpawnOverride$BoundingBoxType;
[04:23:44] [main/DEBUG]: Skipping Lnet/minecraft/world/level/levelgen/structure/StructureSet;
[04:23:44] [main/DEBUG]: Skipping Lnet/minecraft/world/level/levelgen/structure/StructureSet$StructureSelectionEntry;
[04:23:44] [main/DEBUG]: Skipping Lnet/minecraft/world/level/levelgen/structure/StructurePieceAccessor;
[04:23:44] [main/DEBUG]: Skipping Lnet/minecraft/world/level/levelgen/structure/StructureFeatureIndexSavedData;
[04:23:44] [main/DEBUG]: Skipping Lnet/minecraft/world/level/levelgen/structure/StructureCheckResult;
[04:23:44] [main/DEBUG]: Skipping Lnet/minecraft/world/level/levelgen/structure/StructureCheck;
[04:23:44] [main/DEBUG]: Skipping Lnet/minecraft/world/level/levelgen/structure/SinglePieceStructure;
[04:23:44] [main/DEBUG]: Skipping Lnet/minecraft/world/level/levelgen/structure/SinglePieceStructure$PieceConstructor;
[04:23:44] [main/DEBUG]: Skipping Lnet/minecraft/world/level/levelgen/structure/ScatteredFeaturePiece;
[04:23:44] [main/DEBUG]: Skipping Lnet/minecraft/world/level/levelgen/structure/PostPlacementProcessor;
[04:23:44] [main/DEBUG]: Skipping Lnet/minecraft/world/level/levelgen/structure/PoolElementStructurePiece;
[04:23:44] [main/DEBUG]: Skipping Lnet/minecraft/world/level/levelgen/structure/LegacyStructureDataHandler;
[04:23:44] [main/DEBUG]: Skipping Lnet/minecraft/world/level/levelgen/structure/BuiltinStructures;
[04:23:44] [main/DEBUG]: Skipping Lnet/minecraft/world/level/levelgen/structure/BuiltinStructureSets;
[04:23:44] [main/DEBUG]: Skipping Lnet/minecraft/world/level/levelgen/structure/BoundingBox;
[04:23:44] [main/DEBUG]: Skipping Lnet/minecraft/world/level/levelgen/structure/BoundingBox$1;
[04:23:44] [main/DEBUG]: Skipping Lnet/minecraft/world/level/levelgen/structure/StructureStart;
[04:23:44] [main/DEBUG]: Skipping Lnet/minecraft/world/level/levelgen/structure/StructurePiece;
[04:23:44] [main/DEBUG]: Skipping Lnet/minecraft/world/level/levelgen/structure/StructurePiece$BlockSelector;
[04:23:44] [main/DEBUG]: Skipping Lnet/minecraft/world/level/levelgen/structure/StructurePiece$1;
[04:23:44] [main/DEBUG]: Skipping Lnet/minecraft/world/level/levelgen/structure/Structure;
[04:23:44] [main/DEBUG]: Skipping Lnet/minecraft/world/level/levelgen/structure/Structure$StructureSettings;
[04:23:44] [main/DEBUG]: Skipping Lnet/minecraft/world/level/levelgen/structure/Structure$GenerationStub;
[04:23:44] [main/DEBUG]: Skipping Lnet/minecraft/world/level/levelgen/structure/Structure$GenerationContext;
[04:23:44] [main/DEBUG]: Skipping Lnet/minecraft/world/level/levelgen/presets/package-info;
[04:23:44] [main/DEBUG]: Skipping Lnet/minecraft/world/level/levelgen/presets/WorldPresets;
[04:23:44] [main/DEBUG]: Skipping Lnet/minecraft/world/level/levelgen/presets/WorldPresets$Bootstrap;
[04:23:44] [main/DEBUG]: Skipping Lnet/minecraft/world/level/levelgen/presets/WorldPreset;
[04:23:44] [main/DEBUG]: Skipping Lnet/minecraft/world/level/levelgen/placement/package-info;
[04:23:44] [main/DEBUG]: Skipping Lnet/minecraft/world/level/levelgen/placement/SurfaceWaterDepthFilter;
[04:23:44] [main/DEBUG]: Skipping Lnet/minecraft/world/level/levelgen/placement/SurfaceRelativeThresholdFilter;
[04:23:44] [main/DEBUG]: Skipping Lnet/minecraft/world/level/levelgen/placement/RepeatingPlacement;
[04:23:44] [main/DEBUG]: Skipping Lnet/minecraft/world/level/levelgen/placement/RarityFilter;
[04:23:44] [main/DEBUG]: Skipping Lnet/minecraft/world/level/levelgen/placement/RandomOffsetPlacement;
[04:23:44] [main/DEBUG]: Skipping Lnet/minecraft/world/level/levelgen/placement/PlacementModifierType;
[04:23:44] [main/DEBUG]: Skipping Lnet/minecraft/world/level/levelgen/placement/PlacementModifier;
[04:23:44] [main/DEBUG]: Skipping Lnet/minecraft/world/level/levelgen/placement/PlacementFilter;
[04:23:44] [main/DEBUG]: Skipping Lnet/minecraft/world/level/levelgen/placement/PlacementContext;
[04:23:44] [main/DEBUG]: Skipping Lnet/minecraft/world/level/levelgen/placement/PlacedFeature;
[04:23:44] [main/DEBUG]: Skipping Lnet/minecraft/world/level/levelgen/placement/NoiseThresholdCountPlacement;
[04:23:44] [main/DEBUG]: Skipping Lnet/minecraft/world/level/levelgen/placement/NoiseBasedCountPlacement;
[04:23:44] [main/DEBUG]: Skipping Lnet/minecraft/world/level/levelgen/placement/InSquarePlacement;
[04:23:44] [main/DEBUG]: Skipping Lnet/minecraft/world/level/levelgen/placement/HeightmapPlacement;
[04:23:44] [main/DEBUG]: Skipping Lnet/minecraft/world/level/levelgen/placement/HeightRangePlacement;
[04:23:44] [main/DEBUG]: Skipping Lnet/minecraft/world/level/levelgen/placement/EnvironmentScanPlacement;
[04:23:44] [main/DEBUG]: Skipping Lnet/minecraft/world/level/levelgen/placement/CountPlacement;
[04:23:44] [main/DEBUG]: Skipping Lnet/minecraft/world/level/levelgen/placement/CountOnEveryLayerPlacement;
[04:23:44] [main/DEBUG]: Skipping Lnet/minecraft/world/level/levelgen/placement/CaveSurface;
[04:23:44] [main/DEBUG]: Skipping Lnet/minecraft/world/level/levelgen/placement/CarvingMaskPlacement;
[04:23:44] [main/DEBUG]: Skipping Lnet/minecraft/world/level/levelgen/placement/BlockPredicateFilter;
[04:23:44] [main/DEBUG]: Skipping Lnet/minecraft/world/level/levelgen/placement/BiomeFilter;
[04:23:44] [main/DEBUG]: Skipping Lnet/minecraft/world/level/levelgen/package-info;
[04:23:44] [main/DEBUG]: Skipping Lnet/minecraft/world/level/levelgen/material/package-info;
[04:23:44] [main/DEBUG]: Skipping Lnet/minecraft/world/level/levelgen/material/WorldGenMaterialRule;
[04:23:44] [main/DEBUG]: Skipping Lnet/minecraft/world/level/levelgen/material/MaterialRuleList;
[04:23:44] [main/DEBUG]: Skipping Lnet/minecraft/world/level/levelgen/heightproviders/package-info;
[04:23:44] [main/DEBUG]: Skipping Lnet/minecraft/world/level/levelgen/heightproviders/WeightedListHeight;
[04:23:44] [main/DEBUG]: Skipping Lnet/minecraft/world/level/levelgen/heightproviders/VeryBiasedToBottomHeight;
[04:23:44] [main/DEBUG]: Skipping Lnet/minecraft/world/level/levelgen/heightproviders/UniformHeight;
[04:23:44] [main/DEBUG]: Skipping Lnet/minecraft/world/level/levelgen/heightproviders/TrapezoidHeight;
[04:23:44] [main/DEBUG]: Skipping Lnet/minecraft/world/level/levelgen/heightproviders/HeightProviderType;
[04:23:44] [main/DEBUG]: Skipping Lnet/minecraft/world/level/levelgen/heightproviders/HeightProvider;
[04:23:44] [main/DEBUG]: Skipping Lnet/minecraft/world/level/levelgen/heightproviders/ConstantHeight;
[04:23:44] [main/DEBUG]: Skipping Lnet/minecraft/world/level/levelgen/heightproviders/BiasedToBottomHeight;
[04:23:44] [main/DEBUG]: Skipping Lnet/minecraft/world/level/levelgen/flat/package-info;
[04:23:44] [main/DEBUG]: Skipping Lnet/minecraft/world/level/levelgen/flat/FlatLevelGeneratorSettings;
[04:23:44] [main/DEBUG]: Skipping Lnet/minecraft/world/level/levelgen/flat/FlatLevelGeneratorPresets;
[04:23:44] [main/DEBUG]: Skipping Lnet/minecraft/world/level/levelgen/flat/FlatLevelGeneratorPresets$Bootstrap;
[04:23:44] [main/DEBUG]: Skipping Lnet/minecraft/world/level/levelgen/flat/FlatLevelGeneratorPreset;
[04:23:44] [main/DEBUG]: Skipping Lnet/minecraft/world/level/levelgen/flat/FlatLayerInfo;
[04:23:44] [main/DEBUG]: Skipping Lnet/minecraft/world/level/levelgen/feature/trunkplacers/package-info;
[04:23:44] [main/DEBUG]: Skipping Lnet/minecraft/world/level/levelgen/feature/trunkplacers/UpwardsBranchingTrunkPlacer;
[04:23:44] [main/DEBUG]: Transforming class Lnet/minecraft/world/level/levelgen/feature/trunkplacers/TrunkPlacerType;
[04:23:44] [main/DEBUG]: Transforming net/minecraft/world/level/levelgen/feature/trunkplacers/TrunkPlacerType METHOD <init>(Lcom/mojang/serialization/Codec;)V to access PUBLIC and LEAVE
[04:23:44] [main/DEBUG]: Skipping Lnet/minecraft/world/level/levelgen/feature/trunkplacers/StraightTrunkPlacer;
[04:23:44] [main/DEBUG]: Skipping Lnet/minecraft/world/level/levelgen/feature/trunkplacers/MegaJungleTrunkPlacer;
[04:23:44] [main/DEBUG]: Skipping Lnet/minecraft/world/level/levelgen/feature/trunkplacers/GiantTrunkPlacer;
[04:23:44] [main/DEBUG]: Skipping Lnet/minecraft/world/level/levelgen/feature/trunkplacers/ForkingTrunkPlacer;
[04:23:44] [main/DEBUG]: Skipping Lnet/minecraft/world/level/levelgen/feature/trunkplacers/FancyTrunkPlacer;
[04:23:44] [main/DEBUG]: Skipping Lnet/minecraft/world/level/levelgen/feature/trunkplacers/FancyTrunkPlacer$FoliageCoords;
[04:23:44] [main/DEBUG]: Skipping Lnet/minecraft/world/level/levelgen/feature/trunkplacers/DarkOakTrunkPlacer;
[04:23:44] [main/DEBUG]: Skipping Lnet/minecraft/world/level/levelgen/feature/trunkplacers/CherryTrunkPlacer;
[04:23:44] [main/DEBUG]: Skipping Lnet/minecraft/world/level/levelgen/feature/trunkplacers/BendingTrunkPlacer;
[04:23:44] [main/DEBUG]: Skipping Lnet/minecraft/world/level/levelgen/feature/trunkplacers/TrunkPlacer;
[04:23:44] [main/DEBUG]: Skipping Lnet/minecraft/world/level/levelgen/feature/treedecorators/package-info;
[04:23:44] [main/DEBUG]: Skipping Lnet/minecraft/world/level/levelgen/feature/treedecorators/TrunkVineDecorator;
[04:23:44] [main/DEBUG]: Transforming class Lnet/minecraft/world/level/levelgen/feature/treedecorators/TreeDecoratorType;
[04:23:44] [main/DEBUG]: Transforming net/minecraft/world/level/levelgen/feature/treedecorators/TreeDecoratorType METHOD <init>(Lcom/mojang/serialization/Codec;)V to access PUBLIC and LEAVE
[04:23:44] [main/DEBUG]: Skipping Lnet/minecraft/world/level/levelgen/feature/treedecorators/TreeDecorator;
[04:23:44] [main/DEBUG]: Skipping Lnet/minecraft/world/level/levelgen/feature/treedecorators/TreeDecorator$Context;
[04:23:44] [main/DEBUG]: Skipping Lnet/minecraft/world/level/levelgen/feature/treedecorators/LeaveVineDecorator;
[04:23:44] [main/DEBUG]: Skipping Lnet/minecraft/world/level/levelgen/feature/treedecorators/CocoaDecorator;
[04:23:44] [main/DEBUG]: Skipping Lnet/minecraft/world/level/levelgen/feature/treedecorators/BeehiveDecorator;
[04:23:44] [main/DEBUG]: Skipping Lnet/minecraft/world/level/levelgen/feature/treedecorators/AttachedToLeavesDecorator;
[04:23:44] [main/DEBUG]: Skipping Lnet/minecraft/world/level/levelgen/feature/treedecorators/AlterGroundDecorator;
[04:23:44] [main/DEBUG]: Skipping Lnet/minecraft/world/level/levelgen/feature/stateproviders/package-info;
[04:23:44] [main/DEBUG]: Skipping Lnet/minecraft/world/level/levelgen/feature/stateproviders/WeightedStateProvider;
[04:23:44] [main/DEBUG]: Skipping Lnet/minecraft/world/level/levelgen/feature/stateproviders/SimpleStateProvider;
[04:23:44] [main/DEBUG]: Skipping Lnet/minecraft/world/level/levelgen/feature/stateproviders/RuleBasedBlockStateProvider;
[04:23:44] [main/DEBUG]: Skipping Lnet/minecraft/world/level/levelgen/feature/stateproviders/RuleBasedBlockStateProvider$Rule;
[04:23:44] [main/DEBUG]: Skipping Lnet/minecraft/world/level/levelgen/feature/stateproviders/RotatedBlockProvider;
[04:23:44] [main/DEBUG]: Skipping Lnet/minecraft/world/level/levelgen/feature/stateproviders/RandomizedIntStateProvider;
[04:23:44] [main/DEBUG]: Skipping Lnet/minecraft/world/level/levelgen/feature/stateproviders/NoiseThresholdProvider;
[04:23:44] [main/DEBUG]: Skipping Lnet/minecraft/world/level/levelgen/feature/stateproviders/NoiseProvider;
[04:23:44] [main/DEBUG]: Skipping Lnet/minecraft/world/level/levelgen/feature/stateproviders/NoiseBasedStateProvider;
[04:23:44] [main/DEBUG]: Skipping Lnet/minecraft/world/level/levelgen/feature/stateproviders/DualNoiseProvider;
[04:23:44] [main/DEBUG]: Transforming class Lnet/minecraft/world/level/levelgen/feature/stateproviders/BlockStateProviderType;
[04:23:44] [main/DEBUG]: Transforming net/minecraft/world/level/levelgen/feature/stateproviders/BlockStateProviderType METHOD <init>(Lcom/mojang/serialization/Codec;)V to access PUBLIC and LEAVE
[04:23:44] [main/DEBUG]: Skipping Lnet/minecraft/world/level/levelgen/feature/stateproviders/BlockStateProvider;
[04:23:44] [main/DEBUG]: Skipping Lnet/minecraft/world/level/levelgen/feature/rootplacers/package-info;
[04:23:44] [main/DEBUG]: Transforming class Lnet/minecraft/world/level/levelgen/feature/rootplacers/RootPlacerType;
[04:23:44] [main/DEBUG]: Transforming net/minecraft/world/level/levelgen/feature/rootplacers/RootPlacerType METHOD <init>(Lcom/mojang/serialization/Codec;)V to access PUBLIC and LEAVE
[04:23:44] [main/DEBUG]: Skipping Lnet/minecraft/world/level/levelgen/feature/rootplacers/RootPlacer;
[04:23:44] [main/DEBUG]: Skipping Lnet/minecraft/world/level/levelgen/feature/rootplacers/MangroveRootPlacer;
[04:23:44] [main/DEBUG]: Skipping Lnet/minecraft/world/level/levelgen/feature/rootplacers/MangroveRootPlacement;
[04:23:44] [main/DEBUG]: Skipping Lnet/minecraft/world/level/levelgen/feature/rootplacers/AboveRootPlacement;
[04:23:44] [main/DEBUG]: Skipping Lnet/minecraft/world/level/levelgen/feature/package-info;
[04:23:44] [main/DEBUG]: Skipping Lnet/minecraft/world/level/levelgen/feature/foliageplacers/package-info;
[04:23:44] [main/DEBUG]: Skipping Lnet/minecraft/world/level/levelgen/feature/foliageplacers/SpruceFoliagePlacer;
[04:23:44] [main/DEBUG]: Skipping Lnet/minecraft/world/level/levelgen/feature/foliageplacers/RandomSpreadFoliagePlacer;
[04:23:44] [main/DEBUG]: Skipping Lnet/minecraft/world/level/levelgen/feature/foliageplacers/PineFoliagePlacer;
[04:23:44] [main/DEBUG]: Skipping Lnet/minecraft/world/level/levelgen/feature/foliageplacers/MegaPineFoliagePlacer;
[04:23:44] [main/DEBUG]: Skipping Lnet/minecraft/world/level/levelgen/feature/foliageplacers/MegaJungleFoliagePlacer;
[04:23:44] [main/DEBUG]: Transforming class Lnet/minecraft/world/level/levelgen/feature/foliageplacers/FoliagePlacerType;
[04:23:44] [main/DEBUG]: Transforming net/minecraft/world/level/levelgen/feature/foliageplacers/FoliagePlacerType METHOD <init>(Lcom/mojang/serialization/Codec;)V to access PUBLIC and LEAVE
[04:23:44] [main/DEBUG]: Skipping Lnet/minecraft/world/level/levelgen/feature/foliageplacers/FoliagePlacer;
[04:23:44] [main/DEBUG]: Skipping Lnet/minecraft/world/level/levelgen/feature/foliageplacers/FoliagePlacer$FoliageSetter;
[04:23:44] [main/DEBUG]: Skipping Lnet/minecraft/world/level/levelgen/feature/foliageplacers/FoliagePlacer$FoliageAttachment;
[04:23:44] [main/DEBUG]: Skipping Lnet/minecraft/world/level/levelgen/feature/foliageplacers/FancyFoliagePlacer;
[04:23:44] [main/DEBUG]: Skipping Lnet/minecraft/world/level/levelgen/feature/foliageplacers/DarkOakFoliagePlacer;
[04:23:44] [main/DEBUG]: Skipping Lnet/minecraft/world/level/levelgen/feature/foliageplacers/CherryFoliagePlacer;
[04:23:44] [main/DEBUG]: Skipping Lnet/minecraft/world/level/levelgen/feature/foliageplacers/BushFoliagePlacer;
[04:23:44] [main/DEBUG]: Skipping Lnet/minecraft/world/level/levelgen/feature/foliageplacers/BlobFoliagePlacer;
[04:23:44] [main/DEBUG]: Skipping Lnet/minecraft/world/level/levelgen/feature/foliageplacers/AcaciaFoliagePlacer;
[04:23:44] [main/DEBUG]: Skipping Lnet/minecraft/world/level/levelgen/feature/featuresize/package-info;
[04:23:44] [main/DEBUG]: Skipping Lnet/minecraft/world/level/levelgen/feature/featuresize/TwoLayersFeatureSize;
[04:23:44] [main/DEBUG]: Skipping Lnet/minecraft/world/level/levelgen/feature/featuresize/ThreeLayersFeatureSize;
[04:23:44] [main/DEBUG]: Transforming class Lnet/minecraft/world/level/levelgen/feature/featuresize/FeatureSizeType;
[04:23:44] [main/DEBUG]: Transforming net/minecraft/world/level/levelgen/feature/featuresize/FeatureSizeType METHOD <init>(Lcom/mojang/serialization/Codec;)V to access PUBLIC and LEAVE
[04:23:44] [main/DEBUG]: Skipping Lnet/minecraft/world/level/levelgen/feature/featuresize/FeatureSize;
[04:23:44] [main/DEBUG]: Skipping Lnet/minecraft/world/level/levelgen/feature/configurations/package-info;
[04:23:44] [main/DEBUG]: Skipping Lnet/minecraft/world/level/levelgen/feature/configurations/VegetationPatchConfiguration;
[04:23:44] [main/DEBUG]: Skipping Lnet/minecraft/world/level/levelgen/feature/configurations/UnderwaterMagmaConfiguration;
[04:23:44] [main/DEBUG]: Skipping Lnet/minecraft/world/level/levelgen/feature/configurations/TwistingVinesConfig;
[04:23:44] [main/DEBUG]: Skipping Lnet/minecraft/world/level/levelgen/feature/configurations/SpringConfiguration;
[04:23:44] [main/DEBUG]: Skipping Lnet/minecraft/world/level/levelgen/feature/configurations/SpikeConfiguration;
[04:23:44] [main/DEBUG]: Skipping Lnet/minecraft/world/level/levelgen/feature/configurations/SimpleRandomFeatureConfiguration;
[04:23:44] [main/DEBUG]: Skipping Lnet/minecraft/world/level/levelgen/feature/configurations/SimpleBlockConfiguration;
[04:23:44] [main/DEBUG]: Skipping Lnet/minecraft/world/level/levelgen/feature/configurations/SculkPatchConfiguration;
[04:23:44] [main/DEBUG]: Skipping Lnet/minecraft/world/level/levelgen/feature/configurations/RootSystemConfiguration;
[04:23:44] [main/DEBUG]: Skipping Lnet/minecraft/world/level/levelgen/feature/configurations/ReplaceSphereConfiguration;
[04:23:44] [main/DEBUG]: Skipping Lnet/minecraft/world/level/levelgen/feature/configurations/ReplaceBlockConfiguration;
[04:23:44] [main/DEBUG]: Skipping Lnet/minecraft/world/level/levelgen/feature/configurations/RandomPatchConfiguration;
[04:23:44] [main/DEBUG]: Skipping Lnet/minecraft/world/level/levelgen/feature/configurations/RandomFeatureConfiguration;
[04:23:44] [main/DEBUG]: Skipping Lnet/minecraft/world/level/levelgen/feature/configurations/RandomBooleanFeatureConfiguration;
[04:23:44] [main/DEBUG]: Skipping Lnet/minecraft/world/level/levelgen/feature/configurations/ProbabilityFeatureConfiguration;
[04:23:44] [main/DEBUG]: Skipping Lnet/minecraft/world/level/levelgen/feature/configurations/PointedDripstoneConfiguration;
[04:23:44] [main/DEBUG]: Skipping Lnet/minecraft/world/level/levelgen/feature/configurations/OreConfiguration;
[04:23:44] [main/DEBUG]: Skipping Lnet/minecraft/world/level/levelgen/feature/configurations/OreConfiguration$TargetBlockState;
[04:23:44] [main/DEBUG]: Skipping Lnet/minecraft/world/level/levelgen/feature/configurations/NoneFeatureConfiguration;
[04:23:44] [main/DEBUG]: Skipping Lnet/minecraft/world/level/levelgen/feature/configurations/NetherForestVegetationConfig;
[04:23:44] [main/DEBUG]: Skipping Lnet/minecraft/world/level/levelgen/feature/configurations/MultifaceGrowthConfiguration;
[04:23:44] [main/DEBUG]: Skipping Lnet/minecraft/world/level/levelgen/feature/configurations/LayerConfiguration;
[04:23:44] [main/DEBUG]: Skipping Lnet/minecraft/world/level/levelgen/feature/configurations/LargeDripstoneConfiguration;
[04:23:44] [main/DEBUG]: Skipping Lnet/minecraft/world/level/levelgen/feature/configurations/HugeMushroomFeatureConfiguration;
[04:23:44] [main/DEBUG]: Skipping Lnet/minecraft/world/level/levelgen/feature/configurations/GeodeConfiguration;
[04:23:44] [main/DEBUG]: Skipping Lnet/minecraft/world/level/levelgen/feature/configurations/FeatureConfiguration;
[04:23:44] [main/DEBUG]: Skipping Lnet/minecraft/world/level/levelgen/feature/configurations/EndGatewayConfiguration;
[04:23:44] [main/DEBUG]: Skipping Lnet/minecraft/world/level/levelgen/feature/configurations/DripstoneClusterConfiguration;
[04:23:44] [main/DEBUG]: Skipping Lnet/minecraft/world/level/levelgen/feature/configurations/DiskConfiguration;
[04:23:44] [main/DEBUG]: Skipping Lnet/minecraft/world/level/levelgen/feature/configurations/DeltaFeatureConfiguration;
[04:23:44] [main/DEBUG]: Skipping Lnet/minecraft/world/level/levelgen/feature/configurations/CountConfiguration;
[04:23:44] [main/DEBUG]: Skipping Lnet/minecraft/world/level/levelgen/feature/configurations/ColumnFeatureConfiguration;
[04:23:44] [main/DEBUG]: Skipping Lnet/minecraft/world/level/levelgen/feature/configurations/BlockStateConfiguration;
[04:23:44] [main/DEBUG]: Skipping Lnet/minecraft/world/level/levelgen/feature/configurations/BlockPileConfiguration;
[04:23:44] [main/DEBUG]: Skipping Lnet/minecraft/world/level/levelgen/feature/configurations/BlockColumnConfiguration;
[04:23:44] [main/DEBUG]: Skipping Lnet/minecraft/world/level/levelgen/feature/configurations/BlockColumnConfiguration$Layer;
[04:23:44] [main/DEBUG]: Skipping Lnet/minecraft/world/level/levelgen/feature/configurations/TreeConfiguration;
[04:23:44] [main/DEBUG]: Skipping Lnet/minecraft/world/level/levelgen/feature/configurations/TreeConfiguration$TreeConfigurationBuilder;
[04:23:44] [main/DEBUG]: Skipping Lnet/minecraft/world/level/levelgen/feature/WeightedPlacedFeature;
[04:23:44] [main/DEBUG]: Skipping Lnet/minecraft/world/level/levelgen/feature/WeepingVinesFeature;
[04:23:44] [main/DEBUG]: Skipping Lnet/minecraft/world/level/levelgen/feature/WaterloggedVegetationPatchFeature;
[04:23:44] [main/DEBUG]: Skipping Lnet/minecraft/world/level/levelgen/feature/VoidStartPlatformFeature;
[04:23:44] [main/DEBUG]: Skipping Lnet/minecraft/world/level/levelgen/feature/VinesFeature;
[04:23:44] [main/DEBUG]: Skipping Lnet/minecraft/world/level/levelgen/feature/VegetationPatchFeature;
[04:23:44] [main/DEBUG]: Skipping Lnet/minecraft/world/level/levelgen/feature/UnderwaterMagmaFeature;
[04:23:44] [main/DEBUG]: Skipping Lnet/minecraft/world/level/levelgen/feature/TwistingVinesFeature;
[04:23:44] [main/DEBUG]: Skipping Lnet/minecraft/world/level/levelgen/feature/TreeFeature;
[04:23:44] [main/DEBUG]: Skipping Lnet/minecraft/world/level/levelgen/feature/TreeFeature$1;
[04:23:44] [main/DEBUG]: Skipping Lnet/minecraft/world/level/levelgen/feature/SpringFeature;
[04:23:44] [main/DEBUG]: Skipping Lnet/minecraft/world/level/levelgen/feature/SpikeFeature;
[04:23:44] [main/DEBUG]: Skipping Lnet/minecraft/world/level/levelgen/feature/SpikeFeature$SpikeCacheLoader;
[04:23:44] [main/DEBUG]: Skipping Lnet/minecraft/world/level/levelgen/feature/SpikeFeature$EndSpike;
[04:23:44] [main/DEBUG]: Skipping Lnet/minecraft/world/level/levelgen/feature/SnowAndFreezeFeature;
[04:23:44] [main/DEBUG]: Skipping Lnet/minecraft/world/level/levelgen/feature/SimpleRandomSelectorFeature;
[04:23:44] [main/DEBUG]: Skipping Lnet/minecraft/world/level/levelgen/feature/SimpleBlockFeature;
[04:23:44] [main/DEBUG]: Skipping Lnet/minecraft/world/level/levelgen/feature/SeagrassFeature;
[04:23:44] [main/DEBUG]: Skipping Lnet/minecraft/world/level/levelgen/feature/SeaPickleFeature;
[04:23:44] [main/DEBUG]: Skipping Lnet/minecraft/world/level/levelgen/feature/SculkPatchFeature;
[04:23:44] [main/DEBUG]: Skipping Lnet/minecraft/world/level/levelgen/feature/ScatteredOreFeature;
[04:23:44] [main/DEBUG]: Skipping Lnet/minecraft/world/level/levelgen/feature/RootSystemFeature;
[04:23:44] [main/DEBUG]: Skipping Lnet/minecraft/world/level/levelgen/feature/ReplaceBlockFeature;
[04:23:44] [main/DEBUG]: Skipping Lnet/minecraft/world/level/levelgen/feature/ReplaceBlobsFeature;
[04:23:44] [main/DEBUG]: Skipping Lnet/minecraft/world/level/levelgen/feature/RandomSelectorFeature;
[04:23:44] [main/DEBUG]: Skipping Lnet/minecraft/world/level/levelgen/feature/RandomPatchFeature;
[04:23:44] [main/DEBUG]: Skipping Lnet/minecraft/world/level/levelgen/feature/RandomBooleanSelectorFeature;
[04:23:44] [main/DEBUG]: Skipping Lnet/minecraft/world/level/levelgen/feature/PointedDripstoneFeature;
[04:23:44] [main/DEBUG]: Skipping Lnet/minecraft/world/level/levelgen/feature/OreFeature;
[04:23:44] [main/DEBUG]: Skipping Lnet/minecraft/world/level/levelgen/feature/NoOpFeature;
[04:23:44] [main/DEBUG]: Skipping Lnet/minecraft/world/level/levelgen/feature/NetherForestVegetationFeature;
[04:23:44] [main/DEBUG]: Skipping Lnet/minecraft/world/level/levelgen/feature/MultifaceGrowthFeature;
[04:23:44] [main/DEBUG]: Skipping Lnet/minecraft/world/level/levelgen/feature/LargeDripstoneFeature;
[04:23:44] [main/DEBUG]: Skipping Lnet/minecraft/world/level/levelgen/feature/LargeDripstoneFeature$WindOffsetter;
[04:23:44] [main/DEBUG]: Skipping Lnet/minecraft/world/level/levelgen/feature/LargeDripstoneFeature$LargeDripstone;
[04:23:44] [main/DEBUG]: Skipping Lnet/minecraft/world/level/levelgen/feature/LakeFeature;
[04:23:44] [main/DEBUG]: Skipping Lnet/minecraft/world/level/levelgen/feature/LakeFeature$Configuration;
[04:23:44] [main/DEBUG]: Skipping Lnet/minecraft/world/level/levelgen/feature/KelpFeature;
[04:23:44] [main/DEBUG]: Skipping Lnet/minecraft/world/level/levelgen/feature/IcebergFeature;
[04:23:44] [main/DEBUG]: Skipping Lnet/minecraft/world/level/levelgen/feature/IceSpikeFeature;
[04:23:44] [main/DEBUG]: Skipping Lnet/minecraft/world/level/levelgen/feature/HugeRedMushroomFeature;
[04:23:44] [main/DEBUG]: Skipping Lnet/minecraft/world/level/levelgen/feature/HugeFungusFeature;
[04:23:44] [main/DEBUG]: Skipping Lnet/minecraft/world/level/levelgen/feature/HugeFungusConfiguration;
[04:23:44] [main/DEBUG]: Skipping Lnet/minecraft/world/level/levelgen/feature/HugeBrownMushroomFeature;
[04:23:44] [main/DEBUG]: Skipping Lnet/minecraft/world/level/levelgen/feature/GlowstoneFeature;
[04:23:44] [main/DEBUG]: Skipping Lnet/minecraft/world/level/levelgen/feature/GeodeFeature;
[04:23:44] [main/DEBUG]: Skipping Lnet/minecraft/world/level/levelgen/feature/FossilFeatureConfiguration;
[04:23:44] [main/DEBUG]: Skipping Lnet/minecraft/world/level/levelgen/feature/FossilFeature;
[04:23:44] [main/DEBUG]: Skipping Lnet/minecraft/world/level/levelgen/feature/FillLayerFeature;
[04:23:44] [main/DEBUG]: Skipping Lnet/minecraft/world/level/levelgen/feature/FeaturePlaceContext;
[04:23:44] [main/DEBUG]: Skipping Lnet/minecraft/world/level/levelgen/feature/FeatureCountTracker;
[04:23:44] [main/DEBUG]: Skipping Lnet/minecraft/world/level/levelgen/feature/FeatureCountTracker$LevelData;
[04:23:44] [main/DEBUG]: Skipping Lnet/minecraft/world/level/levelgen/feature/FeatureCountTracker$FeatureData;
[04:23:44] [main/DEBUG]: Skipping Lnet/minecraft/world/level/levelgen/feature/FeatureCountTracker$1;
[04:23:44] [main/DEBUG]: Skipping Lnet/minecraft/world/level/levelgen/feature/EndPodiumFeature;
[04:23:44] [main/DEBUG]: Skipping Lnet/minecraft/world/level/levelgen/feature/EndIslandFeature;
[04:23:44] [main/DEBUG]: Skipping Lnet/minecraft/world/level/levelgen/feature/EndGatewayFeature;
[04:23:44] [main/DEBUG]: Skipping Lnet/minecraft/world/level/levelgen/feature/DripstoneUtils;
[04:23:44] [main/DEBUG]: Skipping Lnet/minecraft/world/level/levelgen/feature/DripstoneClusterFeature;
[04:23:44] [main/DEBUG]: Skipping Lnet/minecraft/world/level/levelgen/feature/DiskFeature;
[04:23:44] [main/DEBUG]: Skipping Lnet/minecraft/world/level/levelgen/feature/DesertWellFeature;
[04:23:44] [main/DEBUG]: Skipping Lnet/minecraft/world/level/levelgen/feature/DeltaFeature;
[04:23:44] [main/DEBUG]: Skipping Lnet/minecraft/world/level/levelgen/feature/CoralTreeFeature;
[04:23:44] [main/DEBUG]: Skipping Lnet/minecraft/world/level/levelgen/feature/CoralMushroomFeature;
[04:23:44] [main/DEBUG]: Skipping Lnet/minecraft/world/level/levelgen/feature/CoralFeature;
[04:23:44] [main/DEBUG]: Skipping Lnet/minecraft/world/level/levelgen/feature/CoralClawFeature;
[04:23:44] [main/DEBUG]: Skipping Lnet/minecraft/world/level/levelgen/feature/ConfiguredFeature;
[04:23:44] [main/DEBUG]: Skipping Lnet/minecraft/world/level/levelgen/feature/ChorusPlantFeature;
[04:23:44] [main/DEBUG]: Skipping Lnet/minecraft/world/level/levelgen/feature/BonusChestFeature;
[04:23:44] [main/DEBUG]: Skipping Lnet/minecraft/world/level/levelgen/feature/BlueIceFeature;
[04:23:44] [main/DEBUG]: Skipping Lnet/minecraft/world/level/levelgen/feature/BlockPileFeature;
[04:23:44] [main/DEBUG]: Skipping Lnet/minecraft/world/level/levelgen/feature/BlockColumnFeature;
[04:23:44] [main/DEBUG]: Skipping Lnet/minecraft/world/level/levelgen/feature/BlockBlobFeature;
[04:23:44] [main/DEBUG]: Skipping Lnet/minecraft/world/level/levelgen/feature/BasaltPillarFeature;
[04:23:44] [main/DEBUG]: Skipping Lnet/minecraft/world/level/levelgen/feature/BasaltColumnsFeature;
[04:23:44] [main/DEBUG]: Skipping Lnet/minecraft/world/level/levelgen/feature/BambooFeature;
[04:23:44] [main/DEBUG]: Skipping Lnet/minecraft/world/level/levelgen/feature/AbstractHugeMushroomFeature;
[04:23:44] [main/DEBUG]: Skipping Lnet/minecraft/world/level/levelgen/feature/MonsterRoomFeature;
[04:23:44] [main/DEBUG]: Skipping Lnet/minecraft/world/level/levelgen/feature/Feature;
[04:23:45] [main/DEBUG]: Skipping Lnet/minecraft/world/level/levelgen/carver/package-info;
[04:23:45] [main/DEBUG]: Skipping Lnet/minecraft/world/level/levelgen/carver/WorldCarver;
[04:23:45] [main/DEBUG]: Skipping Lnet/minecraft/world/level/levelgen/carver/WorldCarver$CarveSkipChecker;
[04:23:45] [main/DEBUG]: Skipping Lnet/minecraft/world/level/levelgen/carver/NetherWorldCarver;
[04:23:45] [main/DEBUG]: Skipping Lnet/minecraft/world/level/levelgen/carver/ConfiguredWorldCarver;
[04:23:45] [main/DEBUG]: Skipping Lnet/minecraft/world/level/levelgen/carver/CaveWorldCarver;
[04:23:45] [main/DEBUG]: Skipping Lnet/minecraft/world/level/levelgen/carver/CaveCarverConfiguration;
[04:23:45] [main/DEBUG]: Skipping Lnet/minecraft/world/level/levelgen/carver/CarvingContext;
[04:23:45] [main/DEBUG]: Skipping Lnet/minecraft/world/level/levelgen/carver/CarverDebugSettings;
[04:23:45] [main/DEBUG]: Skipping Lnet/minecraft/world/level/levelgen/carver/CarverConfiguration;
[04:23:45] [main/DEBUG]: Skipping Lnet/minecraft/world/level/levelgen/carver/CanyonWorldCarver;
[04:23:45] [main/DEBUG]: Skipping Lnet/minecraft/world/level/levelgen/carver/CanyonCarverConfiguration;
[04:23:45] [main/DEBUG]: Skipping Lnet/minecraft/world/level/levelgen/carver/CanyonCarverConfiguration$CanyonShapeConfiguration;
[04:23:45] [main/DEBUG]: Skipping Lnet/minecraft/world/level/levelgen/blockpredicates/package-info;
[04:23:45] [main/DEBUG]: Skipping Lnet/minecraft/world/level/levelgen/blockpredicates/WouldSurvivePredicate;
[04:23:45] [main/DEBUG]: Skipping Lnet/minecraft/world/level/levelgen/blockpredicates/TrueBlockPredicate;
[04:23:45] [main/DEBUG]: Skipping Lnet/minecraft/world/level/levelgen/blockpredicates/StateTestingPredicate;
[04:23:45] [main/DEBUG]: Skipping Lnet/minecraft/world/level/levelgen/blockpredicates/SolidPredicate;
[04:23:45] [main/DEBUG]: Skipping Lnet/minecraft/world/level/levelgen/blockpredicates/ReplaceablePredicate;
[04:23:45] [main/DEBUG]: Skipping Lnet/minecraft/world/level/levelgen/blockpredicates/NotPredicate;
[04:23:45] [main/DEBUG]: Skipping Lnet/minecraft/world/level/levelgen/blockpredicates/MatchingFluidsPredicate;
[04:23:45] [main/DEBUG]: Skipping Lnet/minecraft/world/level/levelgen/blockpredicates/MatchingBlocksPredicate;
[04:23:45] [main/DEBUG]: Skipping Lnet/minecraft/world/level/levelgen/blockpredicates/MatchingBlockTagPredicate;
[04:23:45] [main/DEBUG]: Skipping Lnet/minecraft/world/level/levelgen/blockpredicates/InsideWorldBoundsPredicate;
[04:23:45] [main/DEBUG]: Skipping Lnet/minecraft/world/level/levelgen/blockpredicates/HasSturdyFacePredicate;
[04:23:45] [main/DEBUG]: Skipping Lnet/minecraft/world/level/levelgen/blockpredicates/CombiningPredicate;
[04:23:45] [main/DEBUG]: Skipping Lnet/minecraft/world/level/levelgen/blockpredicates/BlockPredicateType;
[04:23:45] [main/DEBUG]: Skipping Lnet/minecraft/world/level/levelgen/blockpredicates/BlockPredicate;
[04:23:45] [main/DEBUG]: Skipping Lnet/minecraft/world/level/levelgen/blockpredicates/AnyOfPredicate;
[04:23:45] [main/DEBUG]: Skipping Lnet/minecraft/world/level/levelgen/blockpredicates/AllOfPredicate;
[04:23:45] [main/DEBUG]: Skipping Lnet/minecraft/world/level/levelgen/blending/package-info;
[04:23:45] [main/DEBUG]: Skipping Lnet/minecraft/world/level/levelgen/blending/BlendingData;
[04:23:45] [main/DEBUG]: Skipping Lnet/minecraft/world/level/levelgen/blending/BlendingData$HeightConsumer;
[04:23:45] [main/DEBUG]: Skipping Lnet/minecraft/world/level/levelgen/blending/BlendingData$DensityConsumer;
[04:23:45] [main/DEBUG]: Skipping Lnet/minecraft/world/level/levelgen/blending/BlendingData$BiomeConsumer;
[04:23:45] [main/DEBUG]: Skipping Lnet/minecraft/world/level/levelgen/blending/Blender;
[04:23:45] [main/DEBUG]: Skipping Lnet/minecraft/world/level/levelgen/blending/Blender$DistanceGetter;
[04:23:45] [main/DEBUG]: Skipping Lnet/minecraft/world/level/levelgen/blending/Blender$CellValueGetter;
[04:23:45] [main/DEBUG]: Skipping Lnet/minecraft/world/level/levelgen/blending/Blender$BlendingOutput;
[04:23:45] [main/DEBUG]: Skipping Lnet/minecraft/world/level/levelgen/blending/Blender$1;
[04:23:45] [main/DEBUG]: Skipping Lnet/minecraft/world/level/levelgen/XoroshiroRandomSource;
[04:23:45] [main/DEBUG]: Skipping Lnet/minecraft/world/level/levelgen/XoroshiroRandomSource$XoroshiroPositionalRandomFactory;
[04:23:45] [main/DEBUG]: Skipping Lnet/minecraft/world/level/levelgen/Xoroshiro128PlusPlus;
[04:23:45] [main/DEBUG]: Skipping Lnet/minecraft/world/level/levelgen/WorldgenRandom;
[04:23:45] [main/DEBUG]: Skipping Lnet/minecraft/world/level/levelgen/WorldgenRandom$Algorithm;
[04:23:45] [main/DEBUG]: Skipping Lnet/minecraft/world/level/levelgen/WorldOptions;
[04:23:45] [main/DEBUG]: Skipping Lnet/minecraft/world/level/levelgen/WorldGenerationContext;
[04:23:45] [main/DEBUG]: Skipping Lnet/minecraft/world/level/levelgen/WorldGenSettings;
[04:23:45] [main/DEBUG]: Skipping Lnet/minecraft/world/level/levelgen/WorldDimensions;
[04:23:45] [main/DEBUG]: Skipping Lnet/minecraft/world/level/levelgen/WorldDimensions$Complete;
[04:23:45] [main/DEBUG]: Skipping Lnet/minecraft/world/level/levelgen/WorldDimensions$1Entry;
[04:23:45] [main/DEBUG]: Skipping Lnet/minecraft/world/level/levelgen/VerticalAnchor;
[04:23:45] [main/DEBUG]: Skipping Lnet/minecraft/world/level/levelgen/VerticalAnchor$BelowTop;
[04:23:45] [main/DEBUG]: Skipping Lnet/minecraft/world/level/levelgen/VerticalAnchor$Absolute;
[04:23:45] [main/DEBUG]: Skipping Lnet/minecraft/world/level/levelgen/VerticalAnchor$AboveBottom;
[04:23:45] [main/DEBUG]: Skipping Lnet/minecraft/world/level/levelgen/ThreadSafeLegacyRandomSource;
[04:23:45] [main/DEBUG]: Skipping Lnet/minecraft/world/level/levelgen/SurfaceSystem;
[04:23:45] [main/DEBUG]: Skipping Lnet/minecraft/world/level/levelgen/SurfaceSystem$1;
[04:23:45] [main/DEBUG]: Skipping Lnet/minecraft/world/level/levelgen/SurfaceRules;
[04:23:45] [main/DEBUG]: Skipping Lnet/minecraft/world/level/levelgen/SurfaceRules$YConditionSource;
[04:23:45] [main/DEBUG]: Skipping Lnet/minecraft/world/level/levelgen/SurfaceRules$YConditionSource$1YCondition;
[04:23:45] [main/DEBUG]: Skipping Lnet/minecraft/world/level/levelgen/SurfaceRules$WaterConditionSource;
[04:23:45] [main/DEBUG]: Skipping Lnet/minecraft/world/level/levelgen/SurfaceRules$WaterConditionSource$1WaterCondition;
[04:23:45] [main/DEBUG]: Skipping Lnet/minecraft/world/level/levelgen/SurfaceRules$VerticalGradientConditionSource;
[04:23:45] [main/DEBUG]: Skipping Lnet/minecraft/world/level/levelgen/SurfaceRules$VerticalGradientConditionSource$1VerticalGradientCondition;
[04:23:45] [main/DEBUG]: Skipping Lnet/minecraft/world/level/levelgen/SurfaceRules$TestRuleSource;
[04:23:45] [main/DEBUG]: Skipping Lnet/minecraft/world/level/levelgen/SurfaceRules$TestRule;
[04:23:45] [main/DEBUG]: Skipping Lnet/minecraft/world/level/levelgen/SurfaceRules$Temperature;
[04:23:45] [main/DEBUG]: Skipping Lnet/minecraft/world/level/levelgen/SurfaceRules$SurfaceRule;
[04:23:45] [main/DEBUG]: Skipping Lnet/minecraft/world/level/levelgen/SurfaceRules$StoneDepthCheck;
[04:23:45] [main/DEBUG]: Skipping Lnet/minecraft/world/level/levelgen/SurfaceRules$StoneDepthCheck$1StoneDepthCondition;
[04:23:45] [main/DEBUG]: Skipping Lnet/minecraft/world/level/levelgen/SurfaceRules$Steep;
[04:23:45] [main/DEBUG]: Skipping Lnet/minecraft/world/level/levelgen/SurfaceRules$StateRule;
[04:23:45] [main/DEBUG]: Skipping Lnet/minecraft/world/level/levelgen/SurfaceRules$SequenceRuleSource;
[04:23:45] [main/DEBUG]: Skipping Lnet/minecraft/world/level/levelgen/SurfaceRules$SequenceRule;
[04:23:45] [main/DEBUG]: Skipping Lnet/minecraft/world/level/levelgen/SurfaceRules$RuleSource;
[04:23:45] [main/DEBUG]: Skipping Lnet/minecraft/world/level/levelgen/SurfaceRules$NotConditionSource;
[04:23:45] [main/DEBUG]: Skipping Lnet/minecraft/world/level/levelgen/SurfaceRules$NotCondition;
[04:23:45] [main/DEBUG]: Skipping Lnet/minecraft/world/level/levelgen/SurfaceRules$NoiseThresholdConditionSource;
[04:23:45] [main/DEBUG]: Skipping Lnet/minecraft/world/level/levelgen/SurfaceRules$NoiseThresholdConditionSource$1NoiseThresholdCondition;
[04:23:45] [main/DEBUG]: Skipping Lnet/minecraft/world/level/levelgen/SurfaceRules$LazyYCondition;
[04:23:45] [main/DEBUG]: Skipping Lnet/minecraft/world/level/levelgen/SurfaceRules$LazyXZCondition;
[04:23:45] [main/DEBUG]: Skipping Lnet/minecraft/world/level/levelgen/SurfaceRules$LazyCondition;
[04:23:45] [main/DEBUG]: Skipping Lnet/minecraft/world/level/levelgen/SurfaceRules$Hole;
[04:23:45] [main/DEBUG]: Skipping Lnet/minecraft/world/level/levelgen/SurfaceRules$Context;
[04:23:45] [main/DEBUG]: Skipping Lnet/minecraft/world/level/levelgen/SurfaceRules$Context$TemperatureHelperCondition;
[04:23:45] [main/DEBUG]: Skipping Lnet/minecraft/world/level/levelgen/SurfaceRules$Context$SteepMaterialCondition;
[04:23:45] [main/DEBUG]: Skipping Lnet/minecraft/world/level/levelgen/SurfaceRules$Context$HoleCondition;
[04:23:45] [main/DEBUG]: Skipping Lnet/minecraft/world/level/levelgen/SurfaceRules$Context$AbovePreliminarySurfaceCondition;
[04:23:45] [main/DEBUG]: Skipping Lnet/minecraft/world/level/levelgen/SurfaceRules$ConditionSource;
[04:23:45] [main/DEBUG]: Skipping Lnet/minecraft/world/level/levelgen/SurfaceRules$Condition;
[04:23:45] [main/DEBUG]: Skipping Lnet/minecraft/world/level/levelgen/SurfaceRules$BlockRuleSource;
[04:23:45] [main/DEBUG]: Skipping Lnet/minecraft/world/level/levelgen/SurfaceRules$BiomeConditionSource;
[04:23:45] [main/DEBUG]: Skipping Lnet/minecraft/world/level/levelgen/SurfaceRules$BiomeConditionSource$1BiomeCondition;
[04:23:45] [main/DEBUG]: Skipping Lnet/minecraft/world/level/levelgen/SurfaceRules$Bandlands;
[04:23:45] [main/DEBUG]: Skipping Lnet/minecraft/world/level/levelgen/SurfaceRules$AbovePreliminarySurface;
[04:23:45] [main/DEBUG]: Skipping Lnet/minecraft/world/level/levelgen/SingleThreadedRandomSource;
[04:23:45] [main/DEBUG]: Skipping Lnet/minecraft/world/level/levelgen/RandomSupport;
[04:23:45] [main/DEBUG]: Skipping Lnet/minecraft/world/level/levelgen/RandomSupport$Seed128bit;
[04:23:45] [main/DEBUG]: Skipping Lnet/minecraft/world/level/levelgen/RandomState;
[04:23:45] [main/DEBUG]: Skipping Lnet/minecraft/world/level/levelgen/RandomState$1NoiseWiringHelper;
[04:23:45] [main/DEBUG]: Skipping Lnet/minecraft/world/level/levelgen/RandomState$1;
[04:23:45] [main/DEBUG]: Skipping Lnet/minecraft/world/level/levelgen/PositionalRandomFactory;
[04:23:45] [main/DEBUG]: Skipping Lnet/minecraft/world/level/levelgen/PatrolSpawner;
[04:23:45] [main/DEBUG]: Skipping Lnet/minecraft/world/level/levelgen/OreVeinifier;
[04:23:45] [main/DEBUG]: Skipping Lnet/minecraft/world/level/levelgen/OreVeinifier$VeinType;
[04:23:45] [main/DEBUG]: Skipping Lnet/minecraft/world/level/levelgen/Noises;
[04:23:45] [main/DEBUG]: Skipping Lnet/minecraft/world/level/levelgen/NoiseSettings;
[04:23:45] [main/DEBUG]: Skipping Lnet/minecraft/world/level/levelgen/NoiseRouterData;
[04:23:45] [main/DEBUG]: Skipping Lnet/minecraft/world/level/levelgen/NoiseRouterData$QuantizedSpaghettiRarity;
[04:23:45] [main/DEBUG]: Skipping Lnet/minecraft/world/level/levelgen/NoiseRouter;
[04:23:45] [main/DEBUG]: Transforming class Lnet/minecraft/world/level/levelgen/NoiseGeneratorSettings;
[04:23:45] [main/DEBUG]: Transforming net/minecraft/world/level/levelgen/NoiseGeneratorSettings METHOD m_255186_(Lnet/minecraft/data/worldgen/BootstapContext;)Lnet/minecraft/world/level/levelgen/NoiseGeneratorSettings; to access PUBLIC and LEAVE
[04:23:45] [main/DEBUG]: Transforming net/minecraft/world/level/levelgen/NoiseGeneratorSettings METHOD m_255410_(Lnet/minecraft/data/worldgen/BootstapContext;)Lnet/minecraft/world/level/levelgen/NoiseGeneratorSettings; to access PUBLIC and LEAVE
[04:23:45] [main/DEBUG]: Transforming net/minecraft/world/level/levelgen/NoiseGeneratorSettings METHOD m_255226_(Lnet/minecraft/data/worldgen/BootstapContext;ZZ)Lnet/minecraft/world/level/levelgen/NoiseGeneratorSettings; to access PUBLIC and LEAVE
[04:23:45] [main/DEBUG]: Transforming net/minecraft/world/level/levelgen/NoiseGeneratorSettings METHOD m_255038_(Lnet/minecraft/data/worldgen/BootstapContext;)Lnet/minecraft/world/level/levelgen/NoiseGeneratorSettings; to access PUBLIC and LEAVE
[04:23:45] [main/DEBUG]: Transforming net/minecraft/world/level/levelgen/NoiseGeneratorSettings METHOD m_255230_(Lnet/minecraft/data/worldgen/BootstapContext;)Lnet/minecraft/world/level/levelgen/NoiseGeneratorSettings; to access PUBLIC and LEAVE
[04:23:45] [main/DEBUG]: Transforming net/minecraft/world/level/levelgen/NoiseGeneratorSettings METHOD m_64474_(Lcom/mojang/serialization/codecs/RecordCodecBuilder$Instance;)Lcom/mojang/datafixers/kinds/App; to access PUBLIC and LEAVE
[04:23:45] [main/DEBUG]: Skipping Lnet/minecraft/world/level/levelgen/NoiseChunk;
[04:23:45] [main/DEBUG]: Skipping Lnet/minecraft/world/level/levelgen/NoiseChunk$NoiseInterpolator;
[04:23:45] [main/DEBUG]: Skipping Lnet/minecraft/world/level/levelgen/NoiseChunk$NoiseChunkDensityFunction;
[04:23:45] [main/DEBUG]: Skipping Lnet/minecraft/world/level/levelgen/NoiseChunk$FlatCache;
[04:23:45] [main/DEBUG]: Skipping Lnet/minecraft/world/level/levelgen/NoiseChunk$CacheOnce;
[04:23:45] [main/DEBUG]: Skipping Lnet/minecraft/world/level/levelgen/NoiseChunk$CacheAllInCell;
[04:23:45] [main/DEBUG]: Skipping Lnet/minecraft/world/level/levelgen/NoiseChunk$Cache2D;
[04:23:45] [main/DEBUG]: Skipping Lnet/minecraft/world/level/levelgen/NoiseChunk$BlockStateFiller;
[04:23:45] [main/DEBUG]: Skipping Lnet/minecraft/world/level/levelgen/NoiseChunk$BlendOffset;
[04:23:45] [main/DEBUG]: Skipping Lnet/minecraft/world/level/levelgen/NoiseChunk$BlendAlpha;
[04:23:45] [main/DEBUG]: Skipping Lnet/minecraft/world/level/levelgen/NoiseChunk$2;
[04:23:45] [main/DEBUG]: Skipping Lnet/minecraft/world/level/levelgen/NoiseChunk$1;
[04:23:45] [main/DEBUG]: Transforming class Lnet/minecraft/world/level/levelgen/NoiseBasedChunkGenerator;
[04:23:45] [main/DEBUG]: Transforming net/minecraft/world/level/levelgen/NoiseBasedChunkGenerator CLASS to access PUBLIC and REMOVEFINAL
[04:23:45] [main/DEBUG]: Transforming net/minecraft/world/level/levelgen/NoiseBasedChunkGenerator METHOD m_224239_(Lnet/minecraft/world/level/LevelHeightAccessor;Lnet/minecraft/world/level/levelgen/RandomState;IILorg/apache/commons/lang3/mutable/MutableObject;Ljava/util/function/Predicate;)Ljava/util/OptionalInt; to access PROTECTED and LEAVE
[04:23:45] [main/DEBUG]: Skipping Lnet/minecraft/world/level/levelgen/MarsagliaPolarGaussian;
[04:23:45] [main/DEBUG]: Skipping Lnet/minecraft/world/level/levelgen/LegacyRandomSource;
[04:23:45] [main/DEBUG]: Skipping Lnet/minecraft/world/level/levelgen/LegacyRandomSource$LegacyPositionalRandomFactory;
[04:23:45] [main/DEBUG]: Skipping Lnet/minecraft/world/level/levelgen/Heightmap;
[04:23:45] [main/DEBUG]: Skipping Lnet/minecraft/world/level/levelgen/Heightmap$Usage;
[04:23:45] [main/DEBUG]: Skipping Lnet/minecraft/world/level/levelgen/Heightmap$Types;
[04:23:45] [main/DEBUG]: Skipping Lnet/minecraft/world/level/levelgen/GeodeLayerSettings;
[04:23:45] [main/DEBUG]: Skipping Lnet/minecraft/world/level/levelgen/GeodeCrackSettings;
[04:23:45] [main/DEBUG]: Skipping Lnet/minecraft/world/level/levelgen/GeodeBlockSettings;
[04:23:45] [main/DEBUG]: Skipping Lnet/minecraft/world/level/levelgen/GenerationStep;
[04:23:45] [main/DEBUG]: Skipping Lnet/minecraft/world/level/levelgen/GenerationStep$Decoration;
[04:23:45] [main/DEBUG]: Skipping Lnet/minecraft/world/level/levelgen/GenerationStep$Carving;
[04:23:45] [main/DEBUG]: Skipping Lnet/minecraft/world/level/levelgen/FlatLevelSource;
[04:23:45] [main/DEBUG]: Skipping Lnet/minecraft/world/level/levelgen/DensityFunctions;
[04:23:45] [main/DEBUG]: Skipping Lnet/minecraft/world/level/levelgen/DensityFunctions$YClampedGradient;
[04:23:45] [main/DEBUG]: Skipping Lnet/minecraft/world/level/levelgen/DensityFunctions$WeirdScaledSampler;
[04:23:45] [main/DEBUG]: Skipping Lnet/minecraft/world/level/levelgen/DensityFunctions$WeirdScaledSampler$RarityValueMapper;
[04:23:45] [main/DEBUG]: Skipping Lnet/minecraft/world/level/levelgen/DensityFunctions$TwoArgumentSimpleFunction;
[04:23:45] [main/DEBUG]: Skipping Lnet/minecraft/world/level/levelgen/DensityFunctions$TwoArgumentSimpleFunction$Type;
[04:23:45] [main/DEBUG]: Skipping Lnet/minecraft/world/level/levelgen/DensityFunctions$TransformerWithContext;
[04:23:45] [main/DEBUG]: Skipping Lnet/minecraft/world/level/levelgen/DensityFunctions$Spline;
[04:23:45] [main/DEBUG]: Skipping Lnet/minecraft/world/level/levelgen/DensityFunctions$Spline$Point;
[04:23:45] [main/DEBUG]: Skipping Lnet/minecraft/world/level/levelgen/DensityFunctions$Spline$Coordinate;
[04:23:45] [main/DEBUG]: Skipping Lnet/minecraft/world/level/levelgen/DensityFunctions$ShiftedNoise;
[04:23:45] [main/DEBUG]: Skipping Lnet/minecraft/world/level/levelgen/DensityFunctions$ShiftNoise;
[04:23:45] [main/DEBUG]: Skipping Lnet/minecraft/world/level/levelgen/DensityFunctions$ShiftB;
[04:23:45] [main/DEBUG]: Skipping Lnet/minecraft/world/level/levelgen/DensityFunctions$ShiftA;
[04:23:45] [main/DEBUG]: Skipping Lnet/minecraft/world/level/levelgen/DensityFunctions$Shift;
[04:23:45] [main/DEBUG]: Skipping Lnet/minecraft/world/level/levelgen/DensityFunctions$RangeChoice;
[04:23:45] [main/DEBUG]: Skipping Lnet/minecraft/world/level/levelgen/DensityFunctions$PureTransformer;
[04:23:45] [main/DEBUG]: Skipping Lnet/minecraft/world/level/levelgen/DensityFunctions$Noise;
[04:23:45] [main/DEBUG]: Skipping Lnet/minecraft/world/level/levelgen/DensityFunctions$MulOrAdd;
[04:23:45] [main/DEBUG]: Skipping Lnet/minecraft/world/level/levelgen/DensityFunctions$MulOrAdd$Type;
[04:23:45] [main/DEBUG]: Skipping Lnet/minecraft/world/level/levelgen/DensityFunctions$MarkerOrMarked;
[04:23:45] [main/DEBUG]: Skipping Lnet/minecraft/world/level/levelgen/DensityFunctions$Marker;
[04:23:45] [main/DEBUG]: Skipping Lnet/minecraft/world/level/levelgen/DensityFunctions$Marker$Type;
[04:23:45] [main/DEBUG]: Skipping Lnet/minecraft/world/level/levelgen/DensityFunctions$Mapped;
[04:23:45] [main/DEBUG]: Skipping Lnet/minecraft/world/level/levelgen/DensityFunctions$Mapped$Type;
[04:23:45] [main/DEBUG]: Skipping Lnet/minecraft/world/level/levelgen/DensityFunctions$HolderHolder;
[04:23:45] [main/DEBUG]: Skipping Lnet/minecraft/world/level/levelgen/DensityFunctions$EndIslandDensityFunction;
[04:23:45] [main/DEBUG]: Skipping Lnet/minecraft/world/level/levelgen/DensityFunctions$Constant;
[04:23:45] [main/DEBUG]: Skipping Lnet/minecraft/world/level/levelgen/DensityFunctions$Clamp;
[04:23:45] [main/DEBUG]: Skipping Lnet/minecraft/world/level/levelgen/DensityFunctions$BlendOffset;
[04:23:45] [main/DEBUG]: Skipping Lnet/minecraft/world/level/levelgen/DensityFunctions$BlendDensity;
[04:23:45] [main/DEBUG]: Skipping Lnet/minecraft/world/level/levelgen/DensityFunctions$BlendAlpha;
[04:23:45] [main/DEBUG]: Skipping Lnet/minecraft/world/level/levelgen/DensityFunctions$BeardifierOrMarker;
[04:23:45] [main/DEBUG]: Skipping Lnet/minecraft/world/level/levelgen/DensityFunctions$BeardifierMarker;
[04:23:45] [main/DEBUG]: Skipping Lnet/minecraft/world/level/levelgen/DensityFunctions$Ap2;
[04:23:45] [main/DEBUG]: Skipping Lnet/minecraft/world/level/levelgen/DensityFunctions$1;
[04:23:45] [main/DEBUG]: Skipping Lnet/minecraft/world/level/levelgen/DensityFunction;
[04:23:45] [main/DEBUG]: Skipping Lnet/minecraft/world/level/levelgen/DensityFunction$Visitor;
[04:23:45] [main/DEBUG]: Skipping Lnet/minecraft/world/level/levelgen/DensityFunction$SinglePointContext;
[04:23:45] [main/DEBUG]: Skipping Lnet/minecraft/world/level/levelgen/DensityFunction$SimpleFunction;
[04:23:45] [main/DEBUG]: Skipping Lnet/minecraft/world/level/levelgen/DensityFunction$NoiseHolder;
[04:23:45] [main/DEBUG]: Skipping Lnet/minecraft/world/level/levelgen/DensityFunction$FunctionContext;
[04:23:45] [main/DEBUG]: Skipping Lnet/minecraft/world/level/levelgen/DensityFunction$ContextProvider;
[04:23:45] [main/DEBUG]: Skipping Lnet/minecraft/world/level/levelgen/Density;
[04:23:45] [main/DEBUG]: Skipping Lnet/minecraft/world/level/levelgen/Column;
[04:23:45] [main/DEBUG]: Skipping Lnet/minecraft/world/level/levelgen/Column$Ray;
[04:23:45] [main/DEBUG]: Skipping Lnet/minecraft/world/level/levelgen/Column$Range;
[04:23:45] [main/DEBUG]: Skipping Lnet/minecraft/world/level/levelgen/Column$Line;
[04:23:45] [main/DEBUG]: Skipping Lnet/minecraft/world/level/levelgen/BitRandomSource;
[04:23:45] [main/DEBUG]: Skipping Lnet/minecraft/world/level/levelgen/BelowZeroRetrogen;
[04:23:45] [main/DEBUG]: Skipping Lnet/minecraft/world/level/levelgen/BelowZeroRetrogen$1;
[04:23:45] [main/DEBUG]: Skipping Lnet/minecraft/world/level/levelgen/Aquifer;
[04:23:45] [main/DEBUG]: Transforming class Lnet/minecraft/world/level/levelgen/Aquifer$NoiseBasedAquifer;
[04:23:45] [main/DEBUG]: Transforming net/minecraft/world/level/levelgen/Aquifer$NoiseBasedAquifer FIELD f_157994_ to access PROTECTED and LEAVE
[04:23:45] [main/DEBUG]: Transforming net/minecraft/world/level/levelgen/Aquifer$NoiseBasedAquifer FIELD f_157996_ to access PROTECTED and LEAVE
[04:23:45] [main/DEBUG]: Transforming net/minecraft/world/level/levelgen/Aquifer$NoiseBasedAquifer FIELD f_157998_ to access PROTECTED and LEAVE
[04:23:45] [main/DEBUG]: Transforming net/minecraft/world/level/levelgen/Aquifer$NoiseBasedAquifer FIELD f_157999_ to access PROTECTED and LEAVE
[04:23:45] [main/DEBUG]: Transforming net/minecraft/world/level/levelgen/Aquifer$NoiseBasedAquifer FIELD f_158000_ to access PROTECTED and LEAVE
[04:23:45] [main/DEBUG]: Transforming net/minecraft/world/level/levelgen/Aquifer$NoiseBasedAquifer FIELD f_158002_ to access PROTECTED and LEAVE
[04:23:45] [main/DEBUG]: Transforming net/minecraft/world/level/levelgen/Aquifer$NoiseBasedAquifer FIELD f_158003_ to access PROTECTED and LEAVE
[04:23:45] [main/DEBUG]: Transforming net/minecraft/world/level/levelgen/Aquifer$NoiseBasedAquifer FIELD f_158004_ to access PROTECTED and LEAVE
[04:23:45] [main/DEBUG]: Transforming net/minecraft/world/level/levelgen/Aquifer$NoiseBasedAquifer FIELD f_158005_ to access PROTECTED and LEAVE
[04:23:45] [main/DEBUG]: Transforming net/minecraft/world/level/levelgen/Aquifer$NoiseBasedAquifer FIELD f_158006_ to access PROTECTED and LEAVE
[04:23:45] [main/DEBUG]: Transforming net/minecraft/world/level/levelgen/Aquifer$NoiseBasedAquifer METHOD m_158027_(III)I to access PROTECTED and LEAVE
[04:23:45] [main/DEBUG]: Transforming net/minecraft/world/level/levelgen/Aquifer$NoiseBasedAquifer METHOD m_158024_(II)D to access PROTECTED and LEAVE
[04:23:45] [main/DEBUG]: Transforming net/minecraft/world/level/levelgen/Aquifer$NoiseBasedAquifer METHOD m_158039_(I)I to access PROTECTED and LEAVE
[04:23:45] [main/DEBUG]: Transforming net/minecraft/world/level/levelgen/Aquifer$NoiseBasedAquifer METHOD m_158045_(I)I to access PROTECTED and LEAVE
[04:23:45] [main/DEBUG]: Transforming net/minecraft/world/level/levelgen/Aquifer$NoiseBasedAquifer METHOD m_158047_(I)I to access PROTECTED and LEAVE
[04:23:45] [main/DEBUG]: Skipping Lnet/minecraft/world/level/levelgen/Aquifer$FluidStatus;
[04:23:45] [main/DEBUG]: Skipping Lnet/minecraft/world/level/levelgen/Aquifer$FluidPicker;
[04:23:45] [main/DEBUG]: Skipping Lnet/minecraft/world/level/levelgen/Aquifer$1;
[04:23:45] [main/DEBUG]: Skipping Lnet/minecraft/world/level/levelgen/PhantomSpawner;
[04:23:45] [main/DEBUG]: Transforming class Lnet/minecraft/world/level/levelgen/DebugLevelSource;
[04:23:45] [main/DEBUG]: Transforming net/minecraft/world/level/levelgen/DebugLevelSource FIELD f_64114_ to access PRIVATE and REMOVEFINAL
[04:23:45] [main/DEBUG]: Transforming net/minecraft/world/level/levelgen/DebugLevelSource FIELD f_64115_ to access PRIVATE and REMOVEFINAL
[04:23:45] [main/DEBUG]: Transforming net/minecraft/world/level/levelgen/DebugLevelSource FIELD f_64116_ to access PRIVATE and REMOVEFINAL
[04:23:45] [main/DEBUG]: Transforming class Lnet/minecraft/world/level/levelgen/Beardifier;
[04:23:45] [main/DEBUG]: Transforming net/minecraft/world/level/levelgen/Beardifier FIELD f_158065_ to access PROTECTED and LEAVE
[04:23:45] [main/DEBUG]: Transforming net/minecraft/world/level/levelgen/Beardifier FIELD f_158066_ to access PROTECTED and LEAVE
[04:23:45] [main/DEBUG]: Transforming net/minecraft/world/level/levelgen/Beardifier METHOD m_158083_(III)D to access PROTECTED and LEAVE
[04:23:45] [main/DEBUG]: Transforming net/minecraft/world/level/levelgen/Beardifier METHOD m_223925_(IIII)D to access PROTECTED and LEAVE
[04:23:45] [main/DEBUG]: Skipping Lnet/minecraft/world/level/levelgen/Beardifier$Rigid;
[04:23:45] [main/DEBUG]: Skipping Lnet/minecraft/world/level/levelgen/Beardifier$1;
[04:23:45] [main/DEBUG]: Skipping Lnet/minecraft/world/level/gameevent/vibrations/package-info;
[04:23:45] [main/DEBUG]: Skipping Lnet/minecraft/world/level/gameevent/vibrations/VibrationSystem;
[04:23:45] [main/DEBUG]: Skipping Lnet/minecraft/world/level/gameevent/vibrations/VibrationSystem$User;
[04:23:45] [main/DEBUG]: Skipping Lnet/minecraft/world/level/gameevent/vibrations/VibrationSystem$Ticker;
[04:23:45] [main/DEBUG]: Skipping Lnet/minecraft/world/level/gameevent/vibrations/VibrationSystem$Listener;
[04:23:45] [main/DEBUG]: Skipping Lnet/minecraft/world/level/gameevent/vibrations/VibrationSystem$Data;
[04:23:45] [main/DEBUG]: Skipping Lnet/minecraft/world/level/gameevent/vibrations/VibrationSelector;
[04:23:45] [main/DEBUG]: Skipping Lnet/minecraft/world/level/gameevent/vibrations/VibrationInfo;
[04:23:45] [main/DEBUG]: Skipping Lnet/minecraft/world/level/gameevent/package-info;
[04:23:45] [main/DEBUG]: Skipping Lnet/minecraft/world/level/gameevent/PositionSourceType;
[04:23:45] [main/DEBUG]: Skipping Lnet/minecraft/world/level/gameevent/PositionSource;
[04:23:45] [main/DEBUG]: Skipping Lnet/minecraft/world/level/gameevent/GameEventListenerRegistry;
[04:23:45] [main/DEBUG]: Skipping Lnet/minecraft/world/level/gameevent/GameEventListenerRegistry$ListenerVisitor;
[04:23:45] [main/DEBUG]: Skipping Lnet/minecraft/world/level/gameevent/GameEventListenerRegistry$1;
[04:23:45] [main/DEBUG]: Skipping Lnet/minecraft/world/level/gameevent/GameEventListener;
[04:23:45] [main/DEBUG]: Skipping Lnet/minecraft/world/level/gameevent/GameEventListener$Holder;
[04:23:45] [main/DEBUG]: Skipping Lnet/minecraft/world/level/gameevent/GameEventListener$DeliveryMode;
[04:23:45] [main/DEBUG]: Skipping Lnet/minecraft/world/level/gameevent/GameEventDispatcher;
[04:23:45] [main/DEBUG]: Skipping Lnet/minecraft/world/level/gameevent/GameEvent;
[04:23:45] [main/DEBUG]: Skipping Lnet/minecraft/world/level/gameevent/GameEvent$ListenerInfo;
[04:23:45] [main/DEBUG]: Skipping Lnet/minecraft/world/level/gameevent/GameEvent$Context;
[04:23:45] [main/DEBUG]: Skipping Lnet/minecraft/world/level/gameevent/EuclideanGameEventListenerRegistry;
[04:23:45] [main/DEBUG]: Skipping Lnet/minecraft/world/level/gameevent/EuclideanGameEventListenerRegistry$OnEmptyAction;
[04:23:45] [main/DEBUG]: Skipping Lnet/minecraft/world/level/gameevent/EntityPositionSource;
[04:23:45] [main/DEBUG]: Skipping Lnet/minecraft/world/level/gameevent/EntityPositionSource$Type;
[04:23:45] [main/DEBUG]: Skipping Lnet/minecraft/world/level/gameevent/DynamicGameEventListener;
[04:23:45] [main/DEBUG]: Skipping Lnet/minecraft/world/level/gameevent/BlockPositionSource;
[04:23:45] [main/DEBUG]: Skipping Lnet/minecraft/world/level/gameevent/BlockPositionSource$Type;
[04:23:45] [main/DEBUG]: Skipping Lnet/minecraft/world/level/entity/package-info;
[04:23:45] [main/DEBUG]: Skipping Lnet/minecraft/world/level/entity/Visibility;
[04:23:45] [main/DEBUG]: Skipping Lnet/minecraft/world/level/entity/LevelEntityGetterAdapter;
[04:23:45] [main/DEBUG]: Skipping Lnet/minecraft/world/level/entity/LevelEntityGetter;
[04:23:45] [main/DEBUG]: Skipping Lnet/minecraft/world/level/entity/LevelCallback;
[04:23:45] [main/DEBUG]: Skipping Lnet/minecraft/world/level/entity/EntityTypeTest;
[04:23:45] [main/DEBUG]: Skipping Lnet/minecraft/world/level/entity/EntityTypeTest$2;
[04:23:45] [main/DEBUG]: Skipping Lnet/minecraft/world/level/entity/EntityTypeTest$1;
[04:23:45] [main/DEBUG]: Skipping Lnet/minecraft/world/level/entity/EntityTickList;
[04:23:45] [main/DEBUG]: Skipping Lnet/minecraft/world/level/entity/EntitySectionStorage;
[04:23:45] [main/DEBUG]: Skipping Lnet/minecraft/world/level/entity/EntitySection;
[04:23:45] [main/DEBUG]: Skipping Lnet/minecraft/world/level/entity/EntityPersistentStorage;
[04:23:45] [main/DEBUG]: Skipping Lnet/minecraft/world/level/entity/EntityLookup;
[04:23:45] [main/DEBUG]: Skipping Lnet/minecraft/world/level/entity/EntityInLevelCallback;
[04:23:45] [main/DEBUG]: Skipping Lnet/minecraft/world/level/entity/EntityInLevelCallback$1;
[04:23:45] [main/DEBUG]: Skipping Lnet/minecraft/world/level/entity/EntityAccess;
[04:23:45] [main/DEBUG]: Skipping Lnet/minecraft/world/level/entity/ChunkStatusUpdateListener;
[04:23:45] [main/DEBUG]: Skipping Lnet/minecraft/world/level/entity/ChunkEntities;
[04:23:45] [main/DEBUG]: Skipping Lnet/minecraft/world/level/entity/TransientEntitySectionManager;
[04:23:45] [main/DEBUG]: Skipping Lnet/minecraft/world/level/entity/TransientEntitySectionManager$Callback;
[04:23:45] [main/DEBUG]: Skipping Lnet/minecraft/world/level/entity/PersistentEntitySectionManager;
[04:23:45] [main/DEBUG]: Skipping Lnet/minecraft/world/level/entity/PersistentEntitySectionManager$ChunkLoadStatus;
[04:23:45] [main/DEBUG]: Skipping Lnet/minecraft/world/level/entity/PersistentEntitySectionManager$Callback;
[04:23:45] [main/DEBUG]: Skipping Lnet/minecraft/world/level/dimension/package-info;
[04:23:45] [main/DEBUG]: Skipping Lnet/minecraft/world/level/dimension/end/package-info;
[04:23:45] [main/DEBUG]: Skipping Lnet/minecraft/world/level/dimension/end/DragonRespawnAnimation;
[04:23:45] [main/DEBUG]: Skipping Lnet/minecraft/world/level/dimension/end/DragonRespawnAnimation$5;
[04:23:45] [main/DEBUG]: Skipping Lnet/minecraft/world/level/dimension/end/DragonRespawnAnimation$4;
[04:23:45] [main/DEBUG]: Skipping Lnet/minecraft/world/level/dimension/end/DragonRespawnAnimation$3;
[04:23:45] [main/DEBUG]: Skipping Lnet/minecraft/world/level/dimension/end/DragonRespawnAnimation$2;
[04:23:45] [main/DEBUG]: Skipping Lnet/minecraft/world/level/dimension/end/DragonRespawnAnimation$1;
[04:23:45] [main/DEBUG]: Skipping Lnet/minecraft/world/level/dimension/end/EndDragonFight;
[04:23:45] [main/DEBUG]: Skipping Lnet/minecraft/world/level/dimension/end/EndDragonFight$Data;
[04:23:45] [main/DEBUG]: Skipping Lnet/minecraft/world/level/dimension/LevelStem;
[04:23:45] [main/DEBUG]: Skipping Lnet/minecraft/world/level/dimension/DimensionType;
[04:23:45] [main/DEBUG]: Skipping Lnet/minecraft/world/level/dimension/DimensionType$MonsterSettings;
[04:23:45] [main/DEBUG]: Skipping Lnet/minecraft/world/level/dimension/DimensionDefaults;
[04:23:45] [main/DEBUG]: Skipping Lnet/minecraft/world/level/dimension/BuiltinDimensionTypes;
[04:23:45] [main/DEBUG]: Skipping Lnet/minecraft/world/level/chunk/storage/package-info;
[04:23:45] [main/DEBUG]: Skipping Lnet/minecraft/world/level/chunk/storage/SectionStorage;
[04:23:45] [main/DEBUG]: Skipping Lnet/minecraft/world/level/chunk/storage/RegionFileVersion;
[04:23:45] [main/DEBUG]: Skipping Lnet/minecraft/world/level/chunk/storage/RegionFileVersion$StreamWrapper;
[04:23:45] [main/DEBUG]: Skipping Lnet/minecraft/world/level/chunk/storage/RegionFileStorage;
[04:23:45] [main/DEBUG]: Skipping Lnet/minecraft/world/level/chunk/storage/RegionFile;
[04:23:45] [main/DEBUG]: Skipping Lnet/minecraft/world/level/chunk/storage/RegionFile$CommitOp;
[04:23:45] [main/DEBUG]: Skipping Lnet/minecraft/world/level/chunk/storage/RegionFile$ChunkBuffer;
[04:23:45] [main/DEBUG]: Skipping Lnet/minecraft/world/level/chunk/storage/RegionBitmap;
[04:23:45] [main/DEBUG]: Skipping Lnet/minecraft/world/level/chunk/storage/IOWorker;
[04:23:45] [main/DEBUG]: Skipping Lnet/minecraft/world/level/chunk/storage/IOWorker$Priority;
[04:23:45] [main/DEBUG]: Skipping Lnet/minecraft/world/level/chunk/storage/IOWorker$PendingStore;
[04:23:45] [main/DEBUG]: Skipping Lnet/minecraft/world/level/chunk/storage/ChunkStorage;
[04:23:45] [main/DEBUG]: Skipping Lnet/minecraft/world/level/chunk/storage/ChunkScanAccess;
[04:23:45] [main/DEBUG]: Skipping Lnet/minecraft/world/level/chunk/storage/EntityStorage;
[04:23:45] [main/DEBUG]: Skipping Lnet/minecraft/world/level/chunk/storage/ChunkSerializer;
[04:23:45] [main/DEBUG]: Skipping Lnet/minecraft/world/level/chunk/package-info;
[04:23:45] [main/DEBUG]: Skipping Lnet/minecraft/world/level/chunk/UpgradeData;
[04:23:45] [main/DEBUG]: Skipping Lnet/minecraft/world/level/chunk/UpgradeData$BlockFixers;
[04:23:45] [main/DEBUG]: Skipping Lnet/minecraft/world/level/chunk/UpgradeData$BlockFixers$5;
[04:23:45] [main/DEBUG]: Skipping Lnet/minecraft/world/level/chunk/UpgradeData$BlockFixers$4;
[04:23:45] [main/DEBUG]: Skipping Lnet/minecraft/world/level/chunk/UpgradeData$BlockFixers$3;
[04:23:45] [main/DEBUG]: Skipping Lnet/minecraft/world/level/chunk/UpgradeData$BlockFixers$2;
[04:23:45] [main/DEBUG]: Skipping Lnet/minecraft/world/level/chunk/UpgradeData$BlockFixers$1;
[04:23:45] [main/DEBUG]: Skipping Lnet/minecraft/world/level/chunk/UpgradeData$BlockFixer;
[04:23:45] [main/DEBUG]: Skipping Lnet/minecraft/world/level/chunk/StructureAccess;
[04:23:45] [main/DEBUG]: Skipping Lnet/minecraft/world/level/chunk/SingleValuePalette;
[04:23:45] [main/DEBUG]: Skipping Lnet/minecraft/world/level/chunk/ProtoChunk;
[04:23:45] [main/DEBUG]: Skipping Lnet/minecraft/world/level/chunk/PalettedContainerRO;
[04:23:45] [main/DEBUG]: Skipping Lnet/minecraft/world/level/chunk/PalettedContainerRO$Unpacker;
[04:23:45] [main/DEBUG]: Skipping Lnet/minecraft/world/level/chunk/PalettedContainerRO$PackedData;
[04:23:45] [main/DEBUG]: Skipping Lnet/minecraft/world/level/chunk/PaletteResize;
[04:23:45] [main/DEBUG]: Skipping Lnet/minecraft/world/level/chunk/Palette;
[04:23:45] [main/DEBUG]: Skipping Lnet/minecraft/world/level/chunk/Palette$Factory;
[04:23:45] [main/DEBUG]: Skipping Lnet/minecraft/world/level/chunk/MissingPaletteEntryException;
[04:23:45] [main/DEBUG]: Skipping Lnet/minecraft/world/level/chunk/LinearPalette;
[04:23:45] [main/DEBUG]: Skipping Lnet/minecraft/world/level/chunk/LightChunkGetter;
[04:23:45] [main/DEBUG]: Skipping Lnet/minecraft/world/level/chunk/LightChunk;
[04:23:45] [main/DEBUG]: Skipping Lnet/minecraft/world/level/chunk/LevelChunkSection;
[04:23:45] [main/DEBUG]: Skipping Lnet/minecraft/world/level/chunk/LevelChunkSection$1BlockCounter;
[04:23:45] [main/DEBUG]: Skipping Lnet/minecraft/world/level/chunk/HashMapPalette;
[04:23:45] [main/DEBUG]: Skipping Lnet/minecraft/world/level/chunk/GlobalPalette;
[04:23:45] [main/DEBUG]: Skipping Lnet/minecraft/world/level/chunk/EmptyLevelChunk;
[04:23:45] [main/DEBUG]: Skipping Lnet/minecraft/world/level/chunk/DataLayer;
[04:23:45] [main/DEBUG]: Transforming class Lnet/minecraft/world/level/chunk/ChunkStatus;
[04:23:45] [main/DEBUG]: Transforming net/minecraft/world/level/chunk/ChunkStatus METHOD <init>(Lnet/minecraft/world/level/chunk/ChunkStatus;IZLjava/util/EnumSet;Lnet/minecraft/world/level/chunk/ChunkStatus$ChunkType;Lnet/minecraft/world/level/chunk/ChunkStatus$GenerationTask;Lnet/minecraft/world/level/chunk/ChunkStatus$LoadingTask;)V to access PUBLIC and LEAVE
[04:23:45] [main/DEBUG]: Skipping Lnet/minecraft/world/level/chunk/ChunkStatus$SimpleGenerationTask;
[04:23:45] [main/DEBUG]: Skipping Lnet/minecraft/world/level/chunk/ChunkStatus$LoadingTask;
[04:23:45] [main/DEBUG]: Skipping Lnet/minecraft/world/level/chunk/ChunkStatus$GenerationTask;
[04:23:45] [main/DEBUG]: Skipping Lnet/minecraft/world/level/chunk/ChunkStatus$ChunkType;
[04:23:45] [main/DEBUG]: Skipping Lnet/minecraft/world/level/chunk/ChunkSource;
[04:23:45] [main/DEBUG]: Skipping Lnet/minecraft/world/level/chunk/ChunkGenerators;
[04:23:45] [main/DEBUG]: Skipping Lnet/minecraft/world/level/chunk/ChunkGeneratorStructureState;
[04:23:45] [main/DEBUG]: Skipping Lnet/minecraft/world/level/chunk/ChunkGenerator;
[04:23:45] [main/DEBUG]: Skipping Lnet/minecraft/world/level/chunk/CarvingMask;
[04:23:45] [main/DEBUG]: Skipping Lnet/minecraft/world/level/chunk/CarvingMask$Mask;
[04:23:45] [main/DEBUG]: Skipping Lnet/minecraft/world/level/chunk/BulkSectionAccess;
[04:23:45] [main/DEBUG]: Skipping Lnet/minecraft/world/level/chunk/BlockColumn;
[04:23:45] [main/DEBUG]: Skipping Lnet/minecraft/world/level/chunk/PalettedContainer;
[04:23:45] [main/DEBUG]: Skipping Lnet/minecraft/world/level/chunk/PalettedContainer$Strategy;
[04:23:45] [main/DEBUG]: Skipping Lnet/minecraft/world/level/chunk/PalettedContainer$Strategy$2;
[04:23:45] [main/DEBUG]: Skipping Lnet/minecraft/world/level/chunk/PalettedContainer$Strategy$1;
[04:23:45] [main/DEBUG]: Skipping Lnet/minecraft/world/level/chunk/PalettedContainer$Data;
[04:23:45] [main/DEBUG]: Skipping Lnet/minecraft/world/level/chunk/PalettedContainer$CountConsumer;
[04:23:45] [main/DEBUG]: Skipping Lnet/minecraft/world/level/chunk/PalettedContainer$Configuration;
[04:23:45] [main/DEBUG]: Skipping Lnet/minecraft/world/level/chunk/LevelChunk;
[04:23:45] [main/DEBUG]: Skipping Lnet/minecraft/world/level/chunk/LevelChunk$RebindableTickingBlockEntityWrapper;
[04:23:45] [main/DEBUG]: Skipping Lnet/minecraft/world/level/chunk/LevelChunk$PostLoadProcessor;
[04:23:45] [main/DEBUG]: Skipping Lnet/minecraft/world/level/chunk/LevelChunk$EntityCreationType;
[04:23:45] [main/DEBUG]: Skipping Lnet/minecraft/world/level/chunk/LevelChunk$BoundTickingBlockEntity;
[04:23:45] [main/DEBUG]: Skipping Lnet/minecraft/world/level/chunk/LevelChunk$1;
[04:23:45] [main/DEBUG]: Skipping Lnet/minecraft/world/level/chunk/ImposterProtoChunk;
[04:23:45] [main/DEBUG]: Skipping Lnet/minecraft/world/level/chunk/ChunkAccess;
[04:23:45] [main/DEBUG]: Skipping Lnet/minecraft/world/level/chunk/ChunkAccess$TicksToSave;
[04:23:45] [main/DEBUG]: Skipping Lnet/minecraft/world/level/border/package-info;
[04:23:45] [main/DEBUG]: Skipping Lnet/minecraft/world/level/border/WorldBorder;
[04:23:45] [main/DEBUG]: Skipping Lnet/minecraft/world/level/border/WorldBorder$StaticBorderExtent;
[04:23:45] [main/DEBUG]: Skipping Lnet/minecraft/world/level/border/WorldBorder$Settings;
[04:23:45] [main/DEBUG]: Skipping Lnet/minecraft/world/level/border/WorldBorder$MovingBorderExtent;
[04:23:45] [main/DEBUG]: Skipping Lnet/minecraft/world/level/border/WorldBorder$BorderExtent;
[04:23:45] [main/DEBUG]: Skipping Lnet/minecraft/world/level/border/BorderStatus;
[04:23:45] [main/DEBUG]: Skipping Lnet/minecraft/world/level/border/BorderChangeListener;
[04:23:45] [main/DEBUG]: Skipping Lnet/minecraft/world/level/border/BorderChangeListener$DelegateBorderChangeListener;
[04:23:45] [main/DEBUG]: Skipping Lnet/minecraft/world/level/block/state/properties/package-info;
[04:23:45] [main/DEBUG]: Transforming class Lnet/minecraft/world/level/block/state/properties/WoodType;
[04:23:45] [main/DEBUG]: Transforming net/minecraft/world/level/block/state/properties/WoodType METHOD m_61844_(Lnet/minecraft/world/level/block/state/properties/WoodType;)Lnet/minecraft/world/level/block/state/properties/WoodType; to access PUBLIC and LEAVE
[04:23:45] [main/DEBUG]: Skipping Lnet/minecraft/world/level/block/state/properties/WallSide;
[04:23:45] [main/DEBUG]: Skipping Lnet/minecraft/world/level/block/state/properties/Tilt;
[04:23:45] [main/DEBUG]: Skipping Lnet/minecraft/world/level/block/state/properties/StructureMode;
[04:23:45] [main/DEBUG]: Skipping Lnet/minecraft/world/level/block/state/properties/StairsShape;
[04:23:45] [main/DEBUG]: Skipping Lnet/minecraft/world/level/block/state/properties/SlabType;
[04:23:45] [main/DEBUG]: Skipping Lnet/minecraft/world/level/block/state/properties/SculkSensorPhase;
[04:23:45] [main/DEBUG]: Skipping Lnet/minecraft/world/level/block/state/properties/RotationSegment;
[04:23:45] [main/DEBUG]: Skipping Lnet/minecraft/world/level/block/state/properties/RedstoneSide;
[04:23:45] [main/DEBUG]: Skipping Lnet/minecraft/world/level/block/state/properties/RailShape;
[04:23:45] [main/DEBUG]: Skipping Lnet/minecraft/world/level/block/state/properties/Property;
[04:23:45] [main/DEBUG]: Skipping Lnet/minecraft/world/level/block/state/properties/Property$Value;
[04:23:45] [main/DEBUG]: Skipping Lnet/minecraft/world/level/block/state/properties/PistonType;
[04:23:45] [main/DEBUG]: Skipping Lnet/minecraft/world/level/block/state/properties/NoteBlockInstrument;
[04:23:45] [main/DEBUG]: Skipping Lnet/minecraft/world/level/block/state/properties/NoteBlockInstrument$Type;
[04:23:45] [main/DEBUG]: Skipping Lnet/minecraft/world/level/block/state/properties/IntegerProperty;
[04:23:45] [main/DEBUG]: Skipping Lnet/minecraft/world/level/block/state/properties/Half;
[04:23:45] [main/DEBUG]: Skipping Lnet/minecraft/world/level/block/state/properties/EnumProperty;
[04:23:45] [main/DEBUG]: Skipping Lnet/minecraft/world/level/block/state/properties/DripstoneThickness;
[04:23:45] [main/DEBUG]: Skipping Lnet/minecraft/world/level/block/state/properties/DoubleBlockHalf;
[04:23:45] [main/DEBUG]: Skipping Lnet/minecraft/world/level/block/state/properties/DoorHingeSide;
[04:23:45] [main/DEBUG]: Skipping Lnet/minecraft/world/level/block/state/properties/DirectionProperty;
[04:23:45] [main/DEBUG]: Skipping Lnet/minecraft/world/level/block/state/properties/ComparatorMode;
[04:23:45] [main/DEBUG]: Skipping Lnet/minecraft/world/level/block/state/properties/ChestType;
[04:23:45] [main/DEBUG]: Skipping Lnet/minecraft/world/level/block/state/properties/ChestType$1;
[04:23:45] [main/DEBUG]: Skipping Lnet/minecraft/world/level/block/state/properties/BooleanProperty;
[04:23:45] [main/DEBUG]: Skipping Lnet/minecraft/world/level/block/state/properties/BlockStateProperties;
[04:23:45] [main/DEBUG]: Transforming class Lnet/minecraft/world/level/block/state/properties/BlockSetType;
[04:23:45] [main/DEBUG]: Transforming net/minecraft/world/level/block/state/properties/BlockSetType METHOD m_272115_(Lnet/minecraft/world/level/block/state/properties/BlockSetType;)Lnet/minecraft/world/level/block/state/properties/BlockSetType; to access PUBLIC and LEAVE
[04:23:45] [main/DEBUG]: Skipping Lnet/minecraft/world/level/block/state/properties/BlockSetType$PressurePlateSensitivity;
[04:23:45] [main/DEBUG]: Skipping Lnet/minecraft/world/level/block/state/properties/BellAttachType;
[04:23:45] [main/DEBUG]: Skipping Lnet/minecraft/world/level/block/state/properties/BedPart;
[04:23:45] [main/DEBUG]: Skipping Lnet/minecraft/world/level/block/state/properties/BambooLeaves;
[04:23:45] [main/DEBUG]: Skipping Lnet/minecraft/world/level/block/state/properties/AttachFace;
[04:23:45] [main/DEBUG]: Skipping Lnet/minecraft/world/level/block/state/predicate/package-info;
[04:23:45] [main/DEBUG]: Skipping Lnet/minecraft/world/level/block/state/predicate/BlockStatePredicate;
[04:23:45] [main/DEBUG]: Skipping Lnet/minecraft/world/level/block/state/predicate/BlockPredicate;
[04:23:45] [main/DEBUG]: Skipping Lnet/minecraft/world/level/block/state/pattern/package-info;
[04:23:45] [main/DEBUG]: Skipping Lnet/minecraft/world/level/block/state/pattern/BlockPatternBuilder;
[04:23:45] [main/DEBUG]: Skipping Lnet/minecraft/world/level/block/state/pattern/BlockPattern;
[04:23:45] [main/DEBUG]: Skipping Lnet/minecraft/world/level/block/state/pattern/BlockPattern$BlockPatternMatch;
[04:23:45] [main/DEBUG]: Skipping Lnet/minecraft/world/level/block/state/pattern/BlockPattern$BlockCacheLoader;
[04:23:45] [main/DEBUG]: Skipping Lnet/minecraft/world/level/block/state/pattern/BlockInWorld;
[04:23:45] [main/DEBUG]: Skipping Lnet/minecraft/world/level/block/state/package-info;
[04:23:45] [main/DEBUG]: Skipping Lnet/minecraft/world/level/block/state/StateHolder;
[04:23:45] [main/DEBUG]: Skipping Lnet/minecraft/world/level/block/state/StateHolder$1;
[04:23:45] [main/DEBUG]: Skipping Lnet/minecraft/world/level/block/state/StateDefinition;
[04:23:45] [main/DEBUG]: Skipping Lnet/minecraft/world/level/block/state/StateDefinition$Factory;
[04:23:45] [main/DEBUG]: Skipping Lnet/minecraft/world/level/block/state/StateDefinition$Builder;
[04:23:45] [main/DEBUG]: Skipping Lnet/minecraft/world/level/block/state/BlockState;
[04:23:45] [main/DEBUG]: Skipping Lnet/minecraft/world/level/block/state/BlockBehaviour;
[04:23:45] [main/DEBUG]: Skipping Lnet/minecraft/world/level/block/state/BlockBehaviour$StatePredicate;
[04:23:45] [main/DEBUG]: Skipping Lnet/minecraft/world/level/block/state/BlockBehaviour$StateArgumentPredicate;
[04:23:45] [main/DEBUG]: Skipping Lnet/minecraft/world/level/block/state/BlockBehaviour$Properties;
[04:23:45] [main/DEBUG]: Skipping Lnet/minecraft/world/level/block/state/BlockBehaviour$OffsetType;
[04:23:45] [main/DEBUG]: Skipping Lnet/minecraft/world/level/block/state/BlockBehaviour$OffsetFunction;
[04:23:45] [main/DEBUG]: Skipping Lnet/minecraft/world/level/block/state/BlockBehaviour$BlockStateBase;
[04:23:45] [main/DEBUG]: Skipping Lnet/minecraft/world/level/block/state/BlockBehaviour$BlockStateBase$Cache;
[04:23:45] [main/DEBUG]: Skipping Lnet/minecraft/world/level/block/state/BlockBehaviour$1;
[04:23:45] [main/DEBUG]: Skipping Lnet/minecraft/world/level/block/piston/package-info;
[04:23:45] [main/DEBUG]: Skipping Lnet/minecraft/world/level/block/piston/PistonMath;
[04:23:45] [main/DEBUG]: Skipping Lnet/minecraft/world/level/block/piston/PistonMath$1;
[04:23:45] [main/DEBUG]: Skipping Lnet/minecraft/world/level/block/piston/PistonHeadBlock;
[04:23:45] [main/DEBUG]: Skipping Lnet/minecraft/world/level/block/piston/PistonHeadBlock$1;
[04:23:45] [main/DEBUG]: Skipping Lnet/minecraft/world/level/block/piston/MovingPistonBlock;
[04:23:45] [main/DEBUG]: Skipping Lnet/minecraft/world/level/block/piston/PistonStructureResolver;
[04:23:45] [main/DEBUG]: Skipping Lnet/minecraft/world/level/block/piston/PistonMovingBlockEntity;
[04:23:45] [main/DEBUG]: Skipping Lnet/minecraft/world/level/block/piston/PistonMovingBlockEntity$1;
[04:23:45] [main/DEBUG]: Skipping Lnet/minecraft/world/level/block/piston/PistonBaseBlock;
[04:23:45] [main/DEBUG]: Skipping Lnet/minecraft/world/level/block/piston/PistonBaseBlock$1;
[04:23:45] [main/DEBUG]: Skipping Lnet/minecraft/world/level/block/package-info;
[04:23:45] [main/DEBUG]: Skipping Lnet/minecraft/world/level/block/grower/package-info;
[04:23:45] [main/DEBUG]: Skipping Lnet/minecraft/world/level/block/grower/TreeGrower;
[04:23:45] [main/DEBUG]: Skipping Lnet/minecraft/world/level/block/entity/trialspawner/package-info;
[04:23:45] [main/DEBUG]: Skipping Lnet/minecraft/world/level/block/entity/trialspawner/TrialSpawnerState;
[04:23:45] [main/DEBUG]: Skipping Lnet/minecraft/world/level/block/entity/trialspawner/TrialSpawnerState$SpinningMob;
[04:23:45] [main/DEBUG]: Skipping Lnet/minecraft/world/level/block/entity/trialspawner/TrialSpawnerState$ParticleEmission;
[04:23:45] [main/DEBUG]: Skipping Lnet/minecraft/world/level/block/entity/trialspawner/TrialSpawnerState$LightLevel;
[04:23:45] [main/DEBUG]: Skipping Lnet/minecraft/world/level/block/entity/trialspawner/TrialSpawnerState$1;
[04:23:45] [main/DEBUG]: Skipping Lnet/minecraft/world/level/block/entity/trialspawner/TrialSpawnerData;
[04:23:45] [main/DEBUG]: Skipping Lnet/minecraft/world/level/block/entity/trialspawner/TrialSpawnerConfig;
[04:23:45] [main/DEBUG]: Skipping Lnet/minecraft/world/level/block/entity/trialspawner/TrialSpawner;
[04:23:45] [main/DEBUG]: Skipping Lnet/minecraft/world/level/block/entity/trialspawner/TrialSpawner$StateAccessor;
[04:23:45] [main/DEBUG]: Skipping Lnet/minecraft/world/level/block/entity/trialspawner/PlayerDetector;
[04:23:45] [main/DEBUG]: Skipping Lnet/minecraft/world/level/block/entity/package-info;
[04:23:45] [main/DEBUG]: Skipping Lnet/minecraft/world/level/block/entity/TrialSpawnerBlockEntity;
[04:23:45] [main/DEBUG]: Skipping Lnet/minecraft/world/level/block/entity/TrappedChestBlockEntity;
[04:23:45] [main/DEBUG]: Skipping Lnet/minecraft/world/level/block/entity/TickingBlockEntity;
[04:23:45] [main/DEBUG]: Skipping Lnet/minecraft/world/level/block/entity/TheEndPortalBlockEntity;
[04:23:45] [main/DEBUG]: Skipping Lnet/minecraft/world/level/block/entity/TheEndGatewayBlockEntity;
[04:23:45] [main/DEBUG]: Skipping Lnet/minecraft/world/level/block/entity/StructureBlockEntity;
[04:23:45] [main/DEBUG]: Skipping Lnet/minecraft/world/level/block/entity/StructureBlockEntity$UpdateType;
[04:23:45] [main/DEBUG]: Skipping Lnet/minecraft/world/level/block/entity/SmokerBlockEntity;
[04:23:45] [main/DEBUG]: Skipping Lnet/minecraft/world/level/block/entity/SkullBlockEntity;
[04:23:45] [main/DEBUG]: Skipping Lnet/minecraft/world/level/block/entity/SkullBlockEntity$1;
[04:23:45] [main/DEBUG]: Skipping Lnet/minecraft/world/level/block/entity/SignText;
[04:23:45] [main/DEBUG]: Skipping Lnet/minecraft/world/level/block/entity/SculkShriekerBlockEntity;
[04:23:45] [main/DEBUG]: Skipping Lnet/minecraft/world/level/block/entity/SculkShriekerBlockEntity$VibrationUser;
[04:23:45] [main/DEBUG]: Skipping Lnet/minecraft/world/level/block/entity/SculkSensorBlockEntity;
[04:23:45] [main/DEBUG]: Skipping Lnet/minecraft/world/level/block/entity/SculkSensorBlockEntity$VibrationUser;
[04:23:45] [main/DEBUG]: Skipping Lnet/minecraft/world/level/block/entity/SculkCatalystBlockEntity;
[04:23:45] [main/DEBUG]: Skipping Lnet/minecraft/world/level/block/entity/SculkCatalystBlockEntity$CatalystListener;
[04:23:45] [main/DEBUG]: Skipping Lnet/minecraft/world/level/block/entity/RandomizableContainerBlockEntity;
[04:23:45] [main/DEBUG]: Skipping Lnet/minecraft/world/level/block/entity/LidBlockEntity;
[04:23:45] [main/DEBUG]: Skipping Lnet/minecraft/world/level/block/entity/LecternBlockEntity;
[04:23:45] [main/DEBUG]: Skipping Lnet/minecraft/world/level/block/entity/LecternBlockEntity$2;
[04:23:45] [main/DEBUG]: Skipping Lnet/minecraft/world/level/block/entity/LecternBlockEntity$1;
[04:23:45] [main/DEBUG]: Skipping Lnet/minecraft/world/level/block/entity/JukeboxBlockEntity;
[04:23:45] [main/DEBUG]: Skipping Lnet/minecraft/world/level/block/entity/JigsawBlockEntity;
[04:23:45] [main/DEBUG]: Skipping Lnet/minecraft/world/level/block/entity/JigsawBlockEntity$JointType;
[04:23:45] [main/DEBUG]: Skipping Lnet/minecraft/world/level/block/entity/Hopper;
[04:23:45] [main/DEBUG]: Skipping Lnet/minecraft/world/level/block/entity/FurnaceBlockEntity;
[04:23:45] [main/DEBUG]: Skipping Lnet/minecraft/world/level/block/entity/EnderChestBlockEntity;
[04:23:45] [main/DEBUG]: Skipping Lnet/minecraft/world/level/block/entity/EnderChestBlockEntity$1;
[04:23:45] [main/DEBUG]: Skipping Lnet/minecraft/world/level/block/entity/EnchantmentTableBlockEntity;
[04:23:45] [main/DEBUG]: Skipping Lnet/minecraft/world/level/block/entity/DropperBlockEntity;
[04:23:45] [main/DEBUG]: Skipping Lnet/minecraft/world/level/block/entity/DispenserBlockEntity;
[04:23:45] [main/DEBUG]: Skipping Lnet/minecraft/world/level/block/entity/DecoratedPotPatterns;
[04:23:45] [main/DEBUG]: Skipping Lnet/minecraft/world/level/block/entity/DecoratedPotBlockEntity;
[04:23:45] [main/DEBUG]: Skipping Lnet/minecraft/world/level/block/entity/DecoratedPotBlockEntity$WobbleStyle;
[04:23:45] [main/DEBUG]: Skipping Lnet/minecraft/world/level/block/entity/DecoratedPotBlockEntity$Decorations;
[04:23:45] [main/DEBUG]: Skipping Lnet/minecraft/world/level/block/entity/DaylightDetectorBlockEntity;
[04:23:45] [main/DEBUG]: Skipping Lnet/minecraft/world/level/block/entity/CrafterBlockEntity;
[04:23:45] [main/DEBUG]: Skipping Lnet/minecraft/world/level/block/entity/CrafterBlockEntity$1;
[04:23:45] [main/DEBUG]: Skipping Lnet/minecraft/world/level/block/entity/ContainerOpenersCounter;
[04:23:45] [main/DEBUG]: Skipping Lnet/minecraft/world/level/block/entity/ComparatorBlockEntity;
[04:23:45] [main/DEBUG]: Skipping Lnet/minecraft/world/level/block/entity/CommandBlockEntity;
[04:23:45] [main/DEBUG]: Skipping Lnet/minecraft/world/level/block/entity/CommandBlockEntity$Mode;
[04:23:45] [main/DEBUG]: Skipping Lnet/minecraft/world/level/block/entity/CommandBlockEntity$1;
[04:23:45] [main/DEBUG]: Skipping Lnet/minecraft/world/level/block/entity/ChestLidController;
[04:23:45] [main/DEBUG]: Skipping Lnet/minecraft/world/level/block/entity/CampfireBlockEntity;
[04:23:45] [main/DEBUG]: Skipping Lnet/minecraft/world/level/block/entity/CalibratedSculkSensorBlockEntity;
[04:23:45] [main/DEBUG]: Skipping Lnet/minecraft/world/level/block/entity/CalibratedSculkSensorBlockEntity$VibrationUser;
[04:23:45] [main/DEBUG]: Skipping Lnet/minecraft/world/level/block/entity/BrushableBlockEntity;
[04:23:45] [main/DEBUG]: Transforming class Lnet/minecraft/world/level/block/entity/BlockEntityType;
[04:23:45] [main/DEBUG]: Transforming net/minecraft/world/level/block/entity/BlockEntityType INNERCLASS BlockEntitySupplier to access PUBLIC and LEAVE
[04:23:45] [main/DEBUG]: Skipping Lnet/minecraft/world/level/block/entity/BlockEntityType$Builder;
[04:23:45] [main/DEBUG]: Transforming class Lnet/minecraft/world/level/block/entity/BlockEntityType$BlockEntitySupplier;
[04:23:45] [main/DEBUG]: Transforming net/minecraft/world/level/block/entity/BlockEntityType$BlockEntitySupplier CLASS to access PUBLIC and LEAVE
[04:23:45] [main/DEBUG]: Skipping Lnet/minecraft/world/level/block/entity/BlockEntityTicker;
[04:23:45] [main/DEBUG]: Skipping Lnet/minecraft/world/level/block/entity/BlastFurnaceBlockEntity;
[04:23:45] [main/DEBUG]: Skipping Lnet/minecraft/world/level/block/entity/BellBlockEntity;
[04:23:45] [main/DEBUG]: Skipping Lnet/minecraft/world/level/block/entity/BellBlockEntity$ResonationEndAction;
[04:23:45] [main/DEBUG]: Skipping Lnet/minecraft/world/level/block/entity/BeehiveBlockEntity;
[04:23:45] [main/DEBUG]: Skipping Lnet/minecraft/world/level/block/entity/BeehiveBlockEntity$BeeReleaseStatus;
[04:23:45] [main/DEBUG]: Skipping Lnet/minecraft/world/level/block/entity/BeehiveBlockEntity$BeeData;
[04:23:45] [main/DEBUG]: Skipping Lnet/minecraft/world/level/block/entity/BedBlockEntity;
[04:23:45] [main/DEBUG]: Skipping Lnet/minecraft/world/level/block/entity/BarrelBlockEntity;
[04:23:45] [main/DEBUG]: Skipping Lnet/minecraft/world/level/block/entity/BarrelBlockEntity$1;
[04:23:45] [main/DEBUG]: Skipping Lnet/minecraft/world/level/block/entity/BannerPatterns;
[04:23:45] [main/DEBUG]: Skipping Lnet/minecraft/world/level/block/entity/BannerPattern;
[04:23:45] [main/DEBUG]: Skipping Lnet/minecraft/world/level/block/entity/BannerPattern$Builder;
[04:23:45] [main/DEBUG]: Skipping Lnet/minecraft/world/level/block/entity/BannerBlockEntity;
[04:23:45] [main/DEBUG]: Skipping Lnet/minecraft/world/level/block/entity/BrewingStandBlockEntity$2;
[04:23:45] [main/DEBUG]: Skipping Lnet/minecraft/world/level/block/entity/AbstractFurnaceBlockEntity$2;
[04:23:45] [main/DEBUG]: Skipping Lnet/minecraft/world/level/block/entity/SpawnerBlockEntity;
[04:23:45] [main/DEBUG]: Skipping Lnet/minecraft/world/level/block/entity/SpawnerBlockEntity$1;
[04:23:45] [main/DEBUG]: Skipping Lnet/minecraft/world/level/block/entity/SignBlockEntity;
[04:23:45] [main/DEBUG]: Skipping Lnet/minecraft/world/level/block/entity/ShulkerBoxBlockEntity;
[04:23:45] [main/DEBUG]: Skipping Lnet/minecraft/world/level/block/entity/ShulkerBoxBlockEntity$AnimationStatus;
[04:23:45] [main/DEBUG]: Skipping Lnet/minecraft/world/level/block/entity/ShulkerBoxBlockEntity$1;
[04:23:45] [main/DEBUG]: Transforming class Lnet/minecraft/world/level/block/entity/HopperBlockEntity;
[04:23:45] [main/DEBUG]: Transforming net/minecraft/world/level/block/entity/HopperBlockEntity METHOD m_59395_(I)V to access PUBLIC and LEAVE
[04:23:45] [main/DEBUG]: Transforming net/minecraft/world/level/block/entity/HopperBlockEntity METHOD m_59409_()Z to access PUBLIC and LEAVE
[04:23:45] [main/DEBUG]: Skipping Lnet/minecraft/world/level/block/entity/HangingSignBlockEntity;
[04:23:45] [main/DEBUG]: Skipping Lnet/minecraft/world/level/block/entity/ConduitBlockEntity;
[04:23:45] [main/DEBUG]: Skipping Lnet/minecraft/world/level/block/entity/ChiseledBookShelfBlockEntity;
[04:23:45] [main/DEBUG]: Skipping Lnet/minecraft/world/level/block/entity/ChestBlockEntity;
[04:23:45] [main/DEBUG]: Skipping Lnet/minecraft/world/level/block/entity/ChestBlockEntity$1;
[04:23:45] [main/DEBUG]: Skipping Lnet/minecraft/world/level/block/entity/BrewingStandBlockEntity;
[04:23:45] [main/DEBUG]: Skipping Lnet/minecraft/world/level/block/entity/BrewingStandBlockEntity$1;
[04:23:45] [main/DEBUG]: Skipping Lnet/minecraft/world/level/block/entity/BlockEntity;
[04:23:45] [main/DEBUG]: Skipping Lnet/minecraft/world/level/block/entity/BeaconBlockEntity;
[04:23:45] [main/DEBUG]: Skipping Lnet/minecraft/world/level/block/entity/BeaconBlockEntity$BeaconBeamSection;
[04:23:45] [main/DEBUG]: Skipping Lnet/minecraft/world/level/block/entity/BeaconBlockEntity$1;
[04:23:45] [main/DEBUG]: Skipping Lnet/minecraft/world/level/block/entity/BaseContainerBlockEntity;
[04:23:45] [main/DEBUG]: Skipping Lnet/minecraft/world/level/block/entity/AbstractFurnaceBlockEntity;
[04:23:45] [main/DEBUG]: Skipping Lnet/minecraft/world/level/block/entity/AbstractFurnaceBlockEntity$1;
[04:23:45] [main/DEBUG]: Transforming class Lnet/minecraft/world/level/block/WoolCarpetBlock;
[04:23:45] [main/DEBUG]: Transforming net/minecraft/world/level/block/WoolCarpetBlock METHOD <init>(Lnet/minecraft/world/item/DyeColor;Lnet/minecraft/world/level/block/state/BlockBehaviour$Properties;)V to access PUBLIC and LEAVE
[04:23:45] [main/DEBUG]: Transforming class Lnet/minecraft/world/level/block/WitherWallSkullBlock;
[04:23:45] [main/DEBUG]: Transforming net/minecraft/world/level/block/WitherWallSkullBlock METHOD <init>(Lnet/minecraft/world/level/block/state/BlockBehaviour$Properties;)V to access PUBLIC and LEAVE
[04:23:45] [main/DEBUG]: Transforming class Lnet/minecraft/world/level/block/WitherSkullBlock;
[04:23:45] [main/DEBUG]: Transforming net/minecraft/world/level/block/WitherSkullBlock METHOD <init>(Lnet/minecraft/world/level/block/state/BlockBehaviour$Properties;)V to access PUBLIC and LEAVE
[04:23:45] [main/DEBUG]: Skipping Lnet/minecraft/world/level/block/WitherRoseBlock;
[04:23:45] [main/DEBUG]: Transforming class Lnet/minecraft/world/level/block/WetSpongeBlock;
[04:23:45] [main/DEBUG]: Transforming net/minecraft/world/level/block/WetSpongeBlock METHOD <init>(Lnet/minecraft/world/level/block/state/BlockBehaviour$Properties;)V to access PUBLIC and LEAVE
[04:23:45] [main/DEBUG]: Transforming class Lnet/minecraft/world/level/block/WeightedPressurePlateBlock;
[04:23:45] [main/DEBUG]: Transforming net/minecraft/world/level/block/WeightedPressurePlateBlock METHOD <init>(ILnet/minecraft/world/level/block/state/properties/BlockSetType;Lnet/minecraft/world/level/block/state/BlockBehaviour$Properties;)V to access PUBLIC and LEAVE
[04:23:45] [main/DEBUG]: Skipping Lnet/minecraft/world/level/block/WeepingVinesPlantBlock;
[04:23:45] [main/DEBUG]: Skipping Lnet/minecraft/world/level/block/WeepingVinesBlock;
[04:23:45] [main/DEBUG]: Transforming class Lnet/minecraft/world/level/block/WeatheringCopperTrapDoorBlock;
[04:23:45] [main/DEBUG]: Transforming net/minecraft/world/level/block/WeatheringCopperTrapDoorBlock METHOD <init>(Lnet/minecraft/world/level/block/state/properties/BlockSetType;Lnet/minecraft/world/level/block/WeatheringCopper$WeatherState;Lnet/minecraft/world/level/block/state/BlockBehaviour$Properties;)V to access PUBLIC and LEAVE
[04:23:45] [main/DEBUG]: Skipping Lnet/minecraft/world/level/block/WeatheringCopperStairBlock;
[04:23:45] [main/DEBUG]: Skipping Lnet/minecraft/world/level/block/WeatheringCopperSlabBlock;
[04:23:45] [main/DEBUG]: Transforming class Lnet/minecraft/world/level/block/WeatheringCopperGrateBlock;
[04:23:45] [main/DEBUG]: Transforming net/minecraft/world/level/block/WeatheringCopperGrateBlock METHOD <init>(Lnet/minecraft/world/level/block/WeatheringCopper$WeatherState;Lnet/minecraft/world/level/block/state/BlockBehaviour$Properties;)V to access PUBLIC and LEAVE
[04:23:45] [main/DEBUG]: Skipping Lnet/minecraft/world/level/block/WeatheringCopperFullBlock;
[04:23:45] [main/DEBUG]: Transforming class Lnet/minecraft/world/level/block/WeatheringCopperDoorBlock;
[04:23:45] [main/DEBUG]: Transforming net/minecraft/world/level/block/WeatheringCopperDoorBlock METHOD <init>(Lnet/minecraft/world/level/block/state/properties/BlockSetType;Lnet/minecraft/world/level/block/WeatheringCopper$WeatherState;Lnet/minecraft/world/level/block/state/BlockBehaviour$Properties;)V to access PUBLIC and LEAVE
[04:23:45] [main/DEBUG]: Skipping Lnet/minecraft/world/level/block/WeatheringCopperBulbBlock;
[04:23:45] [main/DEBUG]: Skipping Lnet/minecraft/world/level/block/WeatheringCopper;
[04:23:45] [main/DEBUG]: Skipping Lnet/minecraft/world/level/block/WeatheringCopper$WeatherState;
[04:23:45] [main/DEBUG]: Transforming class Lnet/minecraft/world/level/block/WaterloggedTransparentBlock;
[04:23:45] [main/DEBUG]: Transforming net/minecraft/world/level/block/WaterloggedTransparentBlock METHOD <init>(Lnet/minecraft/world/level/block/state/BlockBehaviour$Properties;)V to access PUBLIC and LEAVE
[04:23:45] [main/DEBUG]: Transforming class Lnet/minecraft/world/level/block/WaterlilyBlock;
[04:23:45] [main/DEBUG]: Transforming net/minecraft/world/level/block/WaterlilyBlock METHOD <init>(Lnet/minecraft/world/level/block/state/BlockBehaviour$Properties;)V to access PUBLIC and LEAVE
[04:23:45] [main/DEBUG]: Transforming class Lnet/minecraft/world/level/block/WallTorchBlock;
[04:23:45] [main/DEBUG]: Transforming net/minecraft/world/level/block/WallTorchBlock METHOD <init>(Lnet/minecraft/core/particles/SimpleParticleType;Lnet/minecraft/world/level/block/state/BlockBehaviour$Properties;)V to access PUBLIC and LEAVE
[04:23:45] [main/DEBUG]: Transforming class Lnet/minecraft/world/level/block/WallSkullBlock;
[04:23:45] [main/DEBUG]: Transforming net/minecraft/world/level/block/WallSkullBlock METHOD <init>(Lnet/minecraft/world/level/block/SkullBlock$Type;Lnet/minecraft/world/level/block/state/BlockBehaviour$Properties;)V to access PUBLIC and LEAVE
[04:23:45] [main/DEBUG]: Skipping Lnet/minecraft/world/level/block/WallSignBlock;
[04:23:45] [main/DEBUG]: Skipping Lnet/minecraft/world/level/block/WallHangingSignBlock;
[04:23:45] [main/DEBUG]: Skipping Lnet/minecraft/world/level/block/WallHangingSignBlock$1;
[04:23:45] [main/DEBUG]: Skipping Lnet/minecraft/world/level/block/WallBlock;
[04:23:45] [main/DEBUG]: Skipping Lnet/minecraft/world/level/block/WallBlock$1;
[04:23:45] [main/DEBUG]: Skipping Lnet/minecraft/world/level/block/WallBannerBlock;
[04:23:45] [main/DEBUG]: Skipping Lnet/minecraft/world/level/block/TwistingVinesPlantBlock;
[04:23:45] [main/DEBUG]: Skipping Lnet/minecraft/world/level/block/TwistingVinesBlock;
[04:23:45] [main/DEBUG]: Skipping Lnet/minecraft/world/level/block/TrialSpawnerBlock;
[04:23:45] [main/DEBUG]: Skipping Lnet/minecraft/world/level/block/TrappedChestBlock;
[04:23:45] [main/DEBUG]: Transforming class Lnet/minecraft/world/level/block/TransparentBlock;
[04:23:45] [main/DEBUG]: Transforming net/minecraft/world/level/block/TransparentBlock METHOD <init>(Lnet/minecraft/world/level/block/state/BlockBehaviour$Properties;)V to access PUBLIC and LEAVE
[04:23:45] [main/DEBUG]: Skipping Lnet/minecraft/world/level/block/TorchflowerCropBlock;
[04:23:45] [main/DEBUG]: Transforming class Lnet/minecraft/world/level/block/TorchBlock;
[04:23:45] [main/DEBUG]: Transforming net/minecraft/world/level/block/TorchBlock METHOD <init>(Lnet/minecraft/core/particles/SimpleParticleType;Lnet/minecraft/world/level/block/state/BlockBehaviour$Properties;)V to access PUBLIC and LEAVE
[04:23:45] [main/DEBUG]: Skipping Lnet/minecraft/world/level/block/TintedGlassBlock;
[04:23:45] [main/DEBUG]: Skipping Lnet/minecraft/world/level/block/TargetBlock;
[04:23:45] [main/DEBUG]: Skipping Lnet/minecraft/world/level/block/TallSeagrassBlock;
[04:23:45] [main/DEBUG]: Skipping Lnet/minecraft/world/level/block/TallFlowerBlock;
[04:23:45] [main/DEBUG]: Skipping Lnet/minecraft/world/level/block/SuspiciousEffectHolder;
[04:23:45] [main/DEBUG]: Skipping Lnet/minecraft/world/level/block/SuspiciousEffectHolder$EffectEntry;
[04:23:45] [main/DEBUG]: Skipping Lnet/minecraft/world/level/block/SupportType;
[04:23:45] [main/DEBUG]: Skipping Lnet/minecraft/world/level/block/SupportType$3;
[04:23:45] [main/DEBUG]: Skipping Lnet/minecraft/world/level/block/SupportType$2;
[04:23:45] [main/DEBUG]: Skipping Lnet/minecraft/world/level/block/SupportType$1;
[04:23:45] [main/DEBUG]: Transforming class Lnet/minecraft/world/level/block/StructureVoidBlock;
[04:23:45] [main/DEBUG]: Transforming net/minecraft/world/level/block/StructureVoidBlock METHOD <init>(Lnet/minecraft/world/level/block/state/BlockBehaviour$Properties;)V to access PUBLIC and LEAVE
[04:23:45] [main/DEBUG]: Transforming class Lnet/minecraft/world/level/block/StructureBlock;
[04:23:45] [main/DEBUG]: Transforming net/minecraft/world/level/block/StructureBlock METHOD <init>(Lnet/minecraft/world/level/block/state/BlockBehaviour$Properties;)V to access PUBLIC and LEAVE
[04:23:45] [main/DEBUG]: Skipping Lnet/minecraft/world/level/block/StructureBlock$1;
[04:23:45] [main/DEBUG]: Skipping Lnet/minecraft/world/level/block/StonecutterBlock;
[04:23:45] [main/DEBUG]: Skipping Lnet/minecraft/world/level/block/StandingSignBlock;
[04:23:45] [main/DEBUG]: Transforming class Lnet/minecraft/world/level/block/StairBlock;
[04:23:45] [main/DEBUG]: Transforming net/minecraft/world/level/block/StairBlock METHOD <init>(Lnet/minecraft/world/level/block/state/BlockState;Lnet/minecraft/world/level/block/state/BlockBehaviour$Properties;)V to access PUBLIC and LEAVE
[04:23:45] [main/DEBUG]: Skipping Lnet/minecraft/world/level/block/StairBlock$1;
[04:23:45] [main/DEBUG]: Skipping Lnet/minecraft/world/level/block/StainedGlassPaneBlock;
[04:23:45] [main/DEBUG]: Skipping Lnet/minecraft/world/level/block/StainedGlassBlock;
[04:23:45] [main/DEBUG]: Skipping Lnet/minecraft/world/level/block/SporeBlossomBlock;
[04:23:45] [main/DEBUG]: Skipping Lnet/minecraft/world/level/block/SoulSandBlock;
[04:23:45] [main/DEBUG]: Skipping Lnet/minecraft/world/level/block/SoulFireBlock;
[04:23:45] [main/DEBUG]: Transforming class Lnet/minecraft/world/level/block/SnowyDirtBlock;
[04:23:45] [main/DEBUG]: Transforming net/minecraft/world/level/block/SnowyDirtBlock METHOD <init>(Lnet/minecraft/world/level/block/state/BlockBehaviour$Properties;)V to access PUBLIC and LEAVE
[04:23:45] [main/DEBUG]: Transforming class Lnet/minecraft/world/level/block/SnowLayerBlock;
[04:23:45] [main/DEBUG]: Transforming net/minecraft/world/level/block/SnowLayerBlock METHOD <init>(Lnet/minecraft/world/level/block/state/BlockBehaviour$Properties;)V to access PUBLIC and LEAVE
[04:23:45] [main/DEBUG]: Skipping Lnet/minecraft/world/level/block/SnowLayerBlock$1;
[04:23:45] [main/DEBUG]: Skipping Lnet/minecraft/world/level/block/SnifferEggBlock;
[04:23:45] [main/DEBUG]: Transforming class Lnet/minecraft/world/level/block/SmokerBlock;
[04:23:45] [main/DEBUG]: Transforming net/minecraft/world/level/block/SmokerBlock METHOD <init>(Lnet/minecraft/world/level/block/state/BlockBehaviour$Properties;)V to access PUBLIC and LEAVE
[04:23:45] [main/DEBUG]: Transforming class Lnet/minecraft/world/level/block/SmithingTableBlock;
[04:23:45] [main/DEBUG]: Transforming net/minecraft/world/level/block/SmithingTableBlock METHOD <init>(Lnet/minecraft/world/level/block/state/BlockBehaviour$Properties;)V to access PUBLIC and LEAVE
[04:23:45] [main/DEBUG]: Skipping Lnet/minecraft/world/level/block/SmallDripleafBlock;
[04:23:45] [main/DEBUG]: Skipping Lnet/minecraft/world/level/block/SlimeBlock;
[04:23:45] [main/DEBUG]: Skipping Lnet/minecraft/world/level/block/SlabBlock;
[04:23:45] [main/DEBUG]: Skipping Lnet/minecraft/world/level/block/SlabBlock$1;
[04:23:45] [main/DEBUG]: Transforming class Lnet/minecraft/world/level/block/SkullBlock;
[04:23:45] [main/DEBUG]: Transforming net/minecraft/world/level/block/SkullBlock METHOD <init>(Lnet/minecraft/world/level/block/SkullBlock$Type;Lnet/minecraft/world/level/block/state/BlockBehaviour$Properties;)V to access PUBLIC and LEAVE
[04:23:45] [main/DEBUG]: Skipping Lnet/minecraft/world/level/block/SkullBlock$Types;
[04:23:45] [main/DEBUG]: Skipping Lnet/minecraft/world/level/block/SkullBlock$Type;
[04:23:45] [main/DEBUG]: Skipping Lnet/minecraft/world/level/block/SimpleWaterloggedBlock;
[04:23:45] [main/DEBUG]: Skipping Lnet/minecraft/world/level/block/SignBlock;
[04:23:45] [main/DEBUG]: Skipping Lnet/minecraft/world/level/block/ShulkerBoxBlock;
[04:23:45] [main/DEBUG]: Skipping Lnet/minecraft/world/level/block/ShulkerBoxBlock$1;
[04:23:45] [main/DEBUG]: Transforming class Lnet/minecraft/world/level/block/SeaPickleBlock;
[04:23:45] [main/DEBUG]: Transforming net/minecraft/world/level/block/SeaPickleBlock METHOD <init>(Lnet/minecraft/world/level/block/state/BlockBehaviour$Properties;)V to access PUBLIC and LEAVE
[04:23:45] [main/DEBUG]: Skipping Lnet/minecraft/world/level/block/SculkVeinBlock;
[04:23:45] [main/DEBUG]: Skipping Lnet/minecraft/world/level/block/SculkVeinBlock$SculkVeinSpreaderConfig;
[04:23:45] [main/DEBUG]: Skipping Lnet/minecraft/world/level/block/SculkSpreader;
[04:23:45] [main/DEBUG]: Skipping Lnet/minecraft/world/level/block/SculkSpreader$ChargeCursor;
[04:23:45] [main/DEBUG]: Skipping Lnet/minecraft/world/level/block/SculkBlock;
[04:23:45] [main/DEBUG]: Skipping Lnet/minecraft/world/level/block/SculkBehaviour;
[04:23:45] [main/DEBUG]: Skipping Lnet/minecraft/world/level/block/SculkBehaviour$1;
[04:23:45] [main/DEBUG]: Transforming class Lnet/minecraft/world/level/block/ScaffoldingBlock;
[04:23:45] [main/DEBUG]: Transforming net/minecraft/world/level/block/ScaffoldingBlock METHOD <init>(Lnet/minecraft/world/level/block/state/BlockBehaviour$Properties;)V to access PUBLIC and LEAVE
[04:23:45] [main/DEBUG]: Skipping Lnet/minecraft/world/level/block/Rotation;
[04:23:45] [main/DEBUG]: Skipping Lnet/minecraft/world/level/block/Rotation$1;
[04:23:45] [main/DEBUG]: Skipping Lnet/minecraft/world/level/block/RotatedPillarBlock;
[04:23:45] [main/DEBUG]: Skipping Lnet/minecraft/world/level/block/RotatedPillarBlock$1;
[04:23:45] [main/DEBUG]: Transforming class Lnet/minecraft/world/level/block/RootsBlock;
[04:23:45] [main/DEBUG]: Transforming net/minecraft/world/level/block/RootsBlock METHOD <init>(Lnet/minecraft/world/level/block/state/BlockBehaviour$Properties;)V to access PUBLIC and LEAVE
[04:23:45] [main/DEBUG]: Skipping Lnet/minecraft/world/level/block/RootedDirtBlock;
[04:23:45] [main/DEBUG]: Skipping Lnet/minecraft/world/level/block/RodBlock;
[04:23:45] [main/DEBUG]: Skipping Lnet/minecraft/world/level/block/RodBlock$1;
[04:23:45] [main/DEBUG]: Skipping Lnet/minecraft/world/level/block/RespawnAnchorBlock;
[04:23:45] [main/DEBUG]: Skipping Lnet/minecraft/world/level/block/RespawnAnchorBlock$1;
[04:23:45] [main/DEBUG]: Transforming class Lnet/minecraft/world/level/block/RepeaterBlock;
[04:23:45] [main/DEBUG]: Transforming net/minecraft/world/level/block/RepeaterBlock METHOD <init>(Lnet/minecraft/world/level/block/state/BlockBehaviour$Properties;)V to access PUBLIC and LEAVE
[04:23:45] [main/DEBUG]: Skipping Lnet/minecraft/world/level/block/RenderShape;
[04:23:45] [main/DEBUG]: Transforming class Lnet/minecraft/world/level/block/RedstoneWallTorchBlock;
[04:23:45] [main/DEBUG]: Transforming net/minecraft/world/level/block/RedstoneWallTorchBlock METHOD <init>(Lnet/minecraft/world/level/block/state/BlockBehaviour$Properties;)V to access PUBLIC and LEAVE
[04:23:45] [main/DEBUG]: Transforming class Lnet/minecraft/world/level/block/RedstoneTorchBlock;
[04:23:45] [main/DEBUG]: Transforming net/minecraft/world/level/block/RedstoneTorchBlock METHOD <init>(Lnet/minecraft/world/level/block/state/BlockBehaviour$Properties;)V to access PUBLIC and LEAVE
[04:23:45] [main/DEBUG]: Skipping Lnet/minecraft/world/level/block/RedstoneTorchBlock$Toggle;
[04:23:45] [main/DEBUG]: Skipping Lnet/minecraft/world/level/block/RedstoneLampBlock;
[04:23:45] [main/DEBUG]: Transforming class Lnet/minecraft/world/level/block/RailBlock;
[04:23:45] [main/DEBUG]: Transforming net/minecraft/world/level/block/RailBlock METHOD <init>(Lnet/minecraft/world/level/block/state/BlockBehaviour$Properties;)V to access PUBLIC and LEAVE
[04:23:45] [main/DEBUG]: Skipping Lnet/minecraft/world/level/block/RailBlock$1;
[04:23:45] [main/DEBUG]: Transforming class Lnet/minecraft/world/level/block/PressurePlateBlock;
[04:23:45] [main/DEBUG]: Transforming net/minecraft/world/level/block/PressurePlateBlock METHOD <init>(Lnet/minecraft/world/level/block/state/properties/BlockSetType;Lnet/minecraft/world/level/block/state/BlockBehaviour$Properties;)V to access PUBLIC and LEAVE
[04:23:45] [main/DEBUG]: Skipping Lnet/minecraft/world/level/block/PressurePlateBlock$1;
[04:23:45] [main/DEBUG]: Skipping Lnet/minecraft/world/level/block/PoweredBlock;
[04:23:45] [main/DEBUG]: Skipping Lnet/minecraft/world/level/block/PotatoBlock;
[04:23:45] [main/DEBUG]: Skipping Lnet/minecraft/world/level/block/PointedDripstoneBlock;
[04:23:45] [main/DEBUG]: Skipping Lnet/minecraft/world/level/block/PointedDripstoneBlock$FluidInfo;
[04:23:45] [main/DEBUG]: Transforming class Lnet/minecraft/world/level/block/PlayerWallHeadBlock;
[04:23:45] [main/DEBUG]: Transforming net/minecraft/world/level/block/PlayerWallHeadBlock METHOD <init>(Lnet/minecraft/world/level/block/state/BlockBehaviour$Properties;)V to access PUBLIC and LEAVE
[04:23:45] [main/DEBUG]: Transforming class Lnet/minecraft/world/level/block/PlayerHeadBlock;
[04:23:45] [main/DEBUG]: Transforming net/minecraft/world/level/block/PlayerHeadBlock METHOD <init>(Lnet/minecraft/world/level/block/state/BlockBehaviour$Properties;)V to access PUBLIC and LEAVE
[04:23:45] [main/DEBUG]: Skipping Lnet/minecraft/world/level/block/PitcherCropBlock;
[04:23:45] [main/DEBUG]: Skipping Lnet/minecraft/world/level/block/PitcherCropBlock$PosAndState;
[04:23:45] [main/DEBUG]: Skipping Lnet/minecraft/world/level/block/PipeBlock;
[04:23:45] [main/DEBUG]: Transforming class Lnet/minecraft/world/level/block/PinkPetalsBlock;
[04:23:45] [main/DEBUG]: Transforming net/minecraft/world/level/block/PinkPetalsBlock METHOD <init>(Lnet/minecraft/world/level/block/state/BlockBehaviour$Properties;)V to access PUBLIC and LEAVE
[04:23:45] [main/DEBUG]: Skipping Lnet/minecraft/world/level/block/PiglinWallSkullBlock;
[04:23:45] [main/DEBUG]: Skipping Lnet/minecraft/world/level/block/ObserverBlock;
[04:23:45] [main/DEBUG]: Transforming class Lnet/minecraft/world/level/block/NyliumBlock;
[04:23:45] [main/DEBUG]: Transforming net/minecraft/world/level/block/NyliumBlock METHOD <init>(Lnet/minecraft/world/level/block/state/BlockBehaviour$Properties;)V to access PUBLIC and LEAVE
[04:23:45] [main/DEBUG]: Skipping Lnet/minecraft/world/level/block/NetherrackBlock;
[04:23:45] [main/DEBUG]: Skipping Lnet/minecraft/world/level/block/NetherVines;
[04:23:45] [main/DEBUG]: Skipping Lnet/minecraft/world/level/block/NetherSproutsBlock;
[04:23:45] [main/DEBUG]: Skipping Lnet/minecraft/world/level/block/NetherPortalBlock;
[04:23:45] [main/DEBUG]: Skipping Lnet/minecraft/world/level/block/NetherPortalBlock$1;
[04:23:45] [main/DEBUG]: Skipping Lnet/minecraft/world/level/block/MyceliumBlock;
[04:23:45] [main/DEBUG]: Skipping Lnet/minecraft/world/level/block/MultifaceSpreader;
[04:23:45] [main/DEBUG]: Skipping Lnet/minecraft/world/level/block/MultifaceSpreader$SpreadType;
[04:23:45] [main/DEBUG]: Skipping Lnet/minecraft/world/level/block/MultifaceSpreader$SpreadType$3;
[04:23:45] [main/DEBUG]: Skipping Lnet/minecraft/world/level/block/MultifaceSpreader$SpreadType$2;
[04:23:45] [main/DEBUG]: Skipping Lnet/minecraft/world/level/block/MultifaceSpreader$SpreadType$1;
[04:23:45] [main/DEBUG]: Skipping Lnet/minecraft/world/level/block/MultifaceSpreader$SpreadPredicate;
[04:23:45] [main/DEBUG]: Skipping Lnet/minecraft/world/level/block/MultifaceSpreader$SpreadPos;
[04:23:45] [main/DEBUG]: Skipping Lnet/minecraft/world/level/block/MultifaceSpreader$SpreadConfig;
[04:23:45] [main/DEBUG]: Skipping Lnet/minecraft/world/level/block/MultifaceSpreader$DefaultSpreaderConfig;
[04:23:45] [main/DEBUG]: Skipping Lnet/minecraft/world/level/block/MultifaceBlock;
[04:23:45] [main/DEBUG]: Skipping Lnet/minecraft/world/level/block/MudBlock;
[04:23:45] [main/DEBUG]: Skipping Lnet/minecraft/world/level/block/MossBlock;
[04:23:45] [main/DEBUG]: Skipping Lnet/minecraft/world/level/block/Mirror;
[04:23:45] [main/DEBUG]: Skipping Lnet/minecraft/world/level/block/Mirror$1;
[04:23:45] [main/DEBUG]: Transforming class Lnet/minecraft/world/level/block/MangroveRootsBlock;
[04:23:45] [main/DEBUG]: Transforming net/minecraft/world/level/block/MangroveRootsBlock METHOD <init>(Lnet/minecraft/world/level/block/state/BlockBehaviour$Properties;)V to access PUBLIC and LEAVE
[04:23:45] [main/DEBUG]: Skipping Lnet/minecraft/world/level/block/MangrovePropaguleBlock;
[04:23:45] [main/DEBUG]: Skipping Lnet/minecraft/world/level/block/MangroveLeavesBlock;
[04:23:45] [main/DEBUG]: Skipping Lnet/minecraft/world/level/block/MagmaBlock;
[04:23:45] [main/DEBUG]: Transforming class Lnet/minecraft/world/level/block/LoomBlock;
[04:23:45] [main/DEBUG]: Transforming net/minecraft/world/level/block/LoomBlock METHOD <init>(Lnet/minecraft/world/level/block/state/BlockBehaviour$Properties;)V to access PUBLIC and LEAVE
[04:23:45] [main/DEBUG]: Skipping Lnet/minecraft/world/level/block/LiquidBlockContainer;
[04:23:45] [main/DEBUG]: Skipping Lnet/minecraft/world/level/block/LightningRodBlock;
[04:23:45] [main/DEBUG]: Skipping Lnet/minecraft/world/level/block/LightBlock;
[04:23:45] [main/DEBUG]: Transforming class Lnet/minecraft/world/level/block/LeverBlock;
[04:23:45] [main/DEBUG]: Transforming net/minecraft/world/level/block/LeverBlock METHOD <init>(Lnet/minecraft/world/level/block/state/BlockBehaviour$Properties;)V to access PUBLIC and LEAVE
[04:23:45] [main/DEBUG]: Skipping Lnet/minecraft/world/level/block/LeverBlock$1;
[04:23:45] [main/DEBUG]: Skipping Lnet/minecraft/world/level/block/LevelEvent;
[04:23:45] [main/DEBUG]: Transforming class Lnet/minecraft/world/level/block/LecternBlock;
[04:23:45] [main/DEBUG]: Transforming net/minecraft/world/level/block/LecternBlock METHOD <init>(Lnet/minecraft/world/level/block/state/BlockBehaviour$Properties;)V to access PUBLIC and LEAVE
[04:23:45] [main/DEBUG]: Skipping Lnet/minecraft/world/level/block/LecternBlock$1;
[04:23:45] [main/DEBUG]: Skipping Lnet/minecraft/world/level/block/LayeredCauldronBlock;
[04:23:45] [main/DEBUG]: Skipping Lnet/minecraft/world/level/block/LavaCauldronBlock;
[04:23:45] [main/DEBUG]: Skipping Lnet/minecraft/world/level/block/LanternBlock;
[04:23:45] [main/DEBUG]: Transforming class Lnet/minecraft/world/level/block/LadderBlock;
[04:23:45] [main/DEBUG]: Transforming net/minecraft/world/level/block/LadderBlock METHOD <init>(Lnet/minecraft/world/level/block/state/BlockBehaviour$Properties;)V to access PUBLIC and LEAVE
[04:23:45] [main/DEBUG]: Skipping Lnet/minecraft/world/level/block/LadderBlock$1;
[04:23:45] [main/DEBUG]: Transforming class Lnet/minecraft/world/level/block/KelpPlantBlock;
[04:23:45] [main/DEBUG]: Transforming net/minecraft/world/level/block/KelpPlantBlock METHOD <init>(Lnet/minecraft/world/level/block/state/BlockBehaviour$Properties;)V to access PUBLIC and LEAVE
[04:23:45] [main/DEBUG]: Transforming class Lnet/minecraft/world/level/block/KelpBlock;
[04:23:45] [main/DEBUG]: Transforming net/minecraft/world/level/block/KelpBlock METHOD <init>(Lnet/minecraft/world/level/block/state/BlockBehaviour$Properties;)V to access PUBLIC and LEAVE
[04:23:45] [main/DEBUG]: Transforming class Lnet/minecraft/world/level/block/JukeboxBlock;
[04:23:45] [main/DEBUG]: Transforming net/minecraft/world/level/block/JukeboxBlock METHOD <init>(Lnet/minecraft/world/level/block/state/BlockBehaviour$Properties;)V to access PUBLIC and LEAVE
[04:23:45] [main/DEBUG]: Transforming class Lnet/minecraft/world/level/block/JigsawBlock;
[04:23:45] [main/DEBUG]: Transforming net/minecraft/world/level/block/JigsawBlock METHOD <init>(Lnet/minecraft/world/level/block/state/BlockBehaviour$Properties;)V to access PUBLIC and LEAVE
[04:23:45] [main/DEBUG]: Transforming class Lnet/minecraft/world/level/block/IronBarsBlock;
[04:23:45] [main/DEBUG]: Transforming net/minecraft/world/level/block/IronBarsBlock METHOD <init>(Lnet/minecraft/world/level/block/state/BlockBehaviour$Properties;)V to access PUBLIC and LEAVE
[04:23:45] [main/DEBUG]: Skipping Lnet/minecraft/world/level/block/InfestedRotatedPillarBlock;
[04:23:45] [main/DEBUG]: Skipping Lnet/minecraft/world/level/block/InfestedBlock;
[04:23:45] [main/DEBUG]: Skipping Lnet/minecraft/world/level/block/IceBlock;
[04:23:45] [main/DEBUG]: Skipping Lnet/minecraft/world/level/block/HugeMushroomBlock;
[04:23:45] [main/DEBUG]: Skipping Lnet/minecraft/world/level/block/HorizontalDirectionalBlock;
[04:23:45] [main/DEBUG]: Skipping Lnet/minecraft/world/level/block/HopperBlock;
[04:23:45] [main/DEBUG]: Skipping Lnet/minecraft/world/level/block/HopperBlock$1;
[04:23:45] [main/DEBUG]: Skipping Lnet/minecraft/world/level/block/HoneyBlock;
[04:23:45] [main/DEBUG]: Skipping Lnet/minecraft/world/level/block/HayBlock;
[04:23:45] [main/DEBUG]: Transforming class Lnet/minecraft/world/level/block/HangingRootsBlock;
[04:23:45] [main/DEBUG]: Transforming net/minecraft/world/level/block/HangingRootsBlock METHOD <init>(Lnet/minecraft/world/level/block/state/BlockBehaviour$Properties;)V to access PUBLIC and LEAVE
[04:23:45] [main/DEBUG]: Transforming class Lnet/minecraft/world/level/block/HalfTransparentBlock;
[04:23:45] [main/DEBUG]: Transforming net/minecraft/world/level/block/HalfTransparentBlock METHOD <init>(Lnet/minecraft/world/level/block/state/BlockBehaviour$Properties;)V to access PUBLIC and LEAVE
[04:23:45] [main/DEBUG]: Skipping Lnet/minecraft/world/level/block/GrowingPlantBodyBlock;
[04:23:45] [main/DEBUG]: Skipping Lnet/minecraft/world/level/block/GrowingPlantBlock;
[04:23:45] [main/DEBUG]: Transforming class Lnet/minecraft/world/level/block/GrindstoneBlock;
[04:23:45] [main/DEBUG]: Transforming net/minecraft/world/level/block/GrindstoneBlock METHOD <init>(Lnet/minecraft/world/level/block/state/BlockBehaviour$Properties;)V to access PUBLIC and LEAVE
[04:23:45] [main/DEBUG]: Skipping Lnet/minecraft/world/level/block/GrindstoneBlock$1;
[04:23:45] [main/DEBUG]: Skipping Lnet/minecraft/world/level/block/GrassBlock;
[04:23:45] [main/DEBUG]: Skipping Lnet/minecraft/world/level/block/GlowLichenBlock;
[04:23:45] [main/DEBUG]: Skipping Lnet/minecraft/world/level/block/GlazedTerracottaBlock;
[04:23:45] [main/DEBUG]: Skipping Lnet/minecraft/world/level/block/GameMasterBlock;
[04:23:45] [main/DEBUG]: Transforming class Lnet/minecraft/world/level/block/FurnaceBlock;
[04:23:45] [main/DEBUG]: Transforming net/minecraft/world/level/block/FurnaceBlock METHOD <init>(Lnet/minecraft/world/level/block/state/BlockBehaviour$Properties;)V to access PUBLIC and LEAVE
[04:23:45] [main/DEBUG]: Skipping Lnet/minecraft/world/level/block/FrostedIceBlock;
[04:23:45] [main/DEBUG]: Skipping Lnet/minecraft/world/level/block/FrogspawnBlock;
[04:23:45] [main/DEBUG]: Skipping Lnet/minecraft/world/level/block/FlowerBlock;
[04:23:45] [main/DEBUG]: Transforming class Lnet/minecraft/world/level/block/FletchingTableBlock;
[04:23:45] [main/DEBUG]: Transforming net/minecraft/world/level/block/FletchingTableBlock METHOD <init>(Lnet/minecraft/world/level/block/state/BlockBehaviour$Properties;)V to access PUBLIC and LEAVE
[04:23:45] [main/DEBUG]: Skipping Lnet/minecraft/world/level/block/FenceBlock;
[04:23:45] [main/DEBUG]: Skipping Lnet/minecraft/world/level/block/FallingBlock;
[04:23:45] [main/DEBUG]: Skipping Lnet/minecraft/world/level/block/Fallable;
[04:23:45] [main/DEBUG]: Skipping Lnet/minecraft/world/level/block/FaceAttachedHorizontalDirectionalBlock;
[04:23:45] [main/DEBUG]: Skipping Lnet/minecraft/world/level/block/FaceAttachedHorizontalDirectionalBlock$1;
[04:23:45] [main/DEBUG]: Transforming class Lnet/minecraft/world/level/block/EquipableCarvedPumpkinBlock;
[04:23:45] [main/DEBUG]: Transforming net/minecraft/world/level/block/EquipableCarvedPumpkinBlock METHOD <init>(Lnet/minecraft/world/level/block/state/BlockBehaviour$Properties;)V to access PUBLIC and LEAVE
[04:23:45] [main/DEBUG]: Skipping Lnet/minecraft/world/level/block/EntityBlock;
[04:23:45] [main/DEBUG]: Transforming class Lnet/minecraft/world/level/block/EnderChestBlock;
[04:23:45] [main/DEBUG]: Transforming net/minecraft/world/level/block/EnderChestBlock METHOD <init>(Lnet/minecraft/world/level/block/state/BlockBehaviour$Properties;)V to access PUBLIC and LEAVE
[04:23:45] [main/DEBUG]: Transforming class Lnet/minecraft/world/level/block/EndRodBlock;
[04:23:45] [main/DEBUG]: Transforming net/minecraft/world/level/block/EndRodBlock METHOD <init>(Lnet/minecraft/world/level/block/state/BlockBehaviour$Properties;)V to access PUBLIC and LEAVE
[04:23:45] [main/DEBUG]: Skipping Lnet/minecraft/world/level/block/EndPortalFrameBlock;
[04:23:45] [main/DEBUG]: Transforming class Lnet/minecraft/world/level/block/EndPortalBlock;
[04:23:45] [main/DEBUG]: Transforming net/minecraft/world/level/block/EndPortalBlock METHOD <init>(Lnet/minecraft/world/level/block/state/BlockBehaviour$Properties;)V to access PUBLIC and LEAVE
[04:23:45] [main/DEBUG]: Transforming class Lnet/minecraft/world/level/block/EndGatewayBlock;
[04:23:45] [main/DEBUG]: Transforming net/minecraft/world/level/block/EndGatewayBlock METHOD <init>(Lnet/minecraft/world/level/block/state/BlockBehaviour$Properties;)V to access PUBLIC and LEAVE
[04:23:45] [main/DEBUG]: Skipping Lnet/minecraft/world/level/block/DragonEggBlock;
[04:23:45] [main/DEBUG]: Skipping Lnet/minecraft/world/level/block/DoubleBlockCombiner;
[04:23:45] [main/DEBUG]: Skipping Lnet/minecraft/world/level/block/DoubleBlockCombiner$NeighborCombineResult;
[04:23:45] [main/DEBUG]: Skipping Lnet/minecraft/world/level/block/DoubleBlockCombiner$NeighborCombineResult$Single;
[04:23:45] [main/DEBUG]: Skipping Lnet/minecraft/world/level/block/DoubleBlockCombiner$NeighborCombineResult$Double;
[04:23:45] [main/DEBUG]: Skipping Lnet/minecraft/world/level/block/DoubleBlockCombiner$Combiner;
[04:23:45] [main/DEBUG]: Skipping Lnet/minecraft/world/level/block/DoubleBlockCombiner$BlockType;
[04:23:45] [main/DEBUG]: Transforming class Lnet/minecraft/world/level/block/DoorBlock;
[04:23:45] [main/DEBUG]: Transforming net/minecraft/world/level/block/DoorBlock METHOD <init>(Lnet/minecraft/world/level/block/state/properties/BlockSetType;Lnet/minecraft/world/level/block/state/BlockBehaviour$Properties;)V to access PUBLIC and LEAVE
[04:23:45] [main/DEBUG]: Skipping Lnet/minecraft/world/level/block/DoorBlock$1;
[04:23:45] [main/DEBUG]: Transforming class Lnet/minecraft/world/level/block/DispenserBlock;
[04:23:45] [main/DEBUG]: Transforming net/minecraft/world/level/block/DispenserBlock METHOD <init>(Lnet/minecraft/world/level/block/state/BlockBehaviour$Properties;)V to access PUBLIC and LEAVE
[04:23:45] [main/DEBUG]: Transforming class Lnet/minecraft/world/level/block/DirtPathBlock;
[04:23:45] [main/DEBUG]: Transforming net/minecraft/world/level/block/DirtPathBlock METHOD <init>(Lnet/minecraft/world/level/block/state/BlockBehaviour$Properties;)V to access PUBLIC and LEAVE
[04:23:45] [main/DEBUG]: Skipping Lnet/minecraft/world/level/block/DirectionalBlock;
[04:23:45] [main/DEBUG]: Transforming class Lnet/minecraft/world/level/block/DecoratedPotBlock;
[04:23:45] [main/DEBUG]: Transforming net/minecraft/world/level/block/DecoratedPotBlock METHOD <init>(Lnet/minecraft/world/level/block/state/BlockBehaviour$Properties;)V to access PUBLIC and LEAVE
[04:23:45] [main/DEBUG]: Skipping Lnet/minecraft/world/level/block/DaylightDetectorBlock;
[04:23:45] [main/DEBUG]: Skipping Lnet/minecraft/world/level/block/CryingObsidianBlock;
[04:23:45] [main/DEBUG]: Skipping Lnet/minecraft/world/level/block/CrossCollisionBlock;
[04:23:45] [main/DEBUG]: Skipping Lnet/minecraft/world/level/block/CrossCollisionBlock$1;
[04:23:45] [main/DEBUG]: Transforming class Lnet/minecraft/world/level/block/CraftingTableBlock;
[04:23:45] [main/DEBUG]: Transforming net/minecraft/world/level/block/CraftingTableBlock METHOD <init>(Lnet/minecraft/world/level/block/state/BlockBehaviour$Properties;)V to access PUBLIC and LEAVE
[04:23:45] [main/DEBUG]: Skipping Lnet/minecraft/world/level/block/CrafterBlock;
[04:23:45] [main/DEBUG]: Skipping Lnet/minecraft/world/level/block/CrafterBlock$1;
[04:23:45] [main/DEBUG]: Transforming class Lnet/minecraft/world/level/block/CoralWallFanBlock;
[04:23:45] [main/DEBUG]: Transforming net/minecraft/world/level/block/CoralWallFanBlock METHOD <init>(Lnet/minecraft/world/level/block/Block;Lnet/minecraft/world/level/block/state/BlockBehaviour$Properties;)V to access PUBLIC and LEAVE
[04:23:45] [main/DEBUG]: Transforming class Lnet/minecraft/world/level/block/CoralPlantBlock;
[04:23:45] [main/DEBUG]: Transforming net/minecraft/world/level/block/CoralPlantBlock METHOD <init>(Lnet/minecraft/world/level/block/Block;Lnet/minecraft/world/level/block/state/BlockBehaviour$Properties;)V to access PUBLIC and LEAVE
[04:23:45] [main/DEBUG]: Transforming class Lnet/minecraft/world/level/block/CoralFanBlock;
[04:23:45] [main/DEBUG]: Transforming net/minecraft/world/level/block/CoralFanBlock METHOD <init>(Lnet/minecraft/world/level/block/Block;Lnet/minecraft/world/level/block/state/BlockBehaviour$Properties;)V to access PUBLIC and LEAVE
[04:23:45] [main/DEBUG]: Skipping Lnet/minecraft/world/level/block/CopperBulbBlock;
[04:23:45] [main/DEBUG]: Skipping Lnet/minecraft/world/level/block/ConduitBlock;
[04:23:45] [main/DEBUG]: Skipping Lnet/minecraft/world/level/block/ComposterBlock;
[04:23:45] [main/DEBUG]: Skipping Lnet/minecraft/world/level/block/ComposterBlock$OutputContainer;
[04:23:45] [main/DEBUG]: Skipping Lnet/minecraft/world/level/block/ComposterBlock$InputContainer;
[04:23:45] [main/DEBUG]: Skipping Lnet/minecraft/world/level/block/ComposterBlock$EmptyContainer;
[04:23:45] [main/DEBUG]: Skipping Lnet/minecraft/world/level/block/CommandBlock;
[04:23:45] [main/DEBUG]: Skipping Lnet/minecraft/world/level/block/ColoredFallingBlock;
[04:23:45] [main/DEBUG]: Skipping Lnet/minecraft/world/level/block/ChiseledBookShelfBlock;
[04:23:45] [main/DEBUG]: Skipping Lnet/minecraft/world/level/block/ChiseledBookShelfBlock$1;
[04:23:45] [main/DEBUG]: Skipping Lnet/minecraft/world/level/block/CherryLeavesBlock;
[04:23:45] [main/DEBUG]: Skipping Lnet/minecraft/world/level/block/ChangeOverTimeBlock;
[04:23:45] [main/DEBUG]: Skipping Lnet/minecraft/world/level/block/ChainBlock;
[04:23:45] [main/DEBUG]: Skipping Lnet/minecraft/world/level/block/ChainBlock$1;
[04:23:45] [main/DEBUG]: Skipping Lnet/minecraft/world/level/block/CeilingHangingSignBlock;
[04:23:45] [main/DEBUG]: Skipping Lnet/minecraft/world/level/block/CaveVinesPlantBlock;
[04:23:45] [main/DEBUG]: Skipping Lnet/minecraft/world/level/block/CaveVinesBlock;
[04:23:45] [main/DEBUG]: Skipping Lnet/minecraft/world/level/block/CaveVines;
[04:23:45] [main/DEBUG]: Skipping Lnet/minecraft/world/level/block/CauldronBlock;
[04:23:45] [main/DEBUG]: Transforming class Lnet/minecraft/world/level/block/CarvedPumpkinBlock;
[04:23:45] [main/DEBUG]: Transforming net/minecraft/world/level/block/CarvedPumpkinBlock METHOD <init>(Lnet/minecraft/world/level/block/state/BlockBehaviour$Properties;)V to access PUBLIC and LEAVE
[04:23:45] [main/DEBUG]: Transforming class Lnet/minecraft/world/level/block/CartographyTableBlock;
[04:23:45] [main/DEBUG]: Transforming net/minecraft/world/level/block/CartographyTableBlock METHOD <init>(Lnet/minecraft/world/level/block/state/BlockBehaviour$Properties;)V to access PUBLIC and LEAVE
[04:23:45] [main/DEBUG]: Skipping Lnet/minecraft/world/level/block/CarrotBlock;
[04:23:45] [main/DEBUG]: Skipping Lnet/minecraft/world/level/block/CarpetBlock;
[04:23:45] [main/DEBUG]: Transforming class Lnet/minecraft/world/level/block/CandleCakeBlock;
[04:23:45] [main/DEBUG]: Transforming net/minecraft/world/level/block/CandleCakeBlock METHOD <init>(Lnet/minecraft/world/level/block/Block;Lnet/minecraft/world/level/block/state/BlockBehaviour$Properties;)V to access PUBLIC and LEAVE
[04:23:45] [main/DEBUG]: Skipping Lnet/minecraft/world/level/block/CandleBlock;
[04:23:45] [main/DEBUG]: Skipping Lnet/minecraft/world/level/block/CalibratedSculkSensorBlock;
[04:23:45] [main/DEBUG]: Transforming class Lnet/minecraft/world/level/block/CakeBlock;
[04:23:45] [main/DEBUG]: Transforming net/minecraft/world/level/block/CakeBlock METHOD <init>(Lnet/minecraft/world/level/block/state/BlockBehaviour$Properties;)V to access PUBLIC and LEAVE
[04:23:45] [main/DEBUG]: Transforming class Lnet/minecraft/world/level/block/ButtonBlock;
[04:23:45] [main/DEBUG]: Transforming net/minecraft/world/level/block/ButtonBlock METHOD <init>(Lnet/minecraft/world/level/block/state/properties/BlockSetType;ILnet/minecraft/world/level/block/state/BlockBehaviour$Properties;)V to access PUBLIC and LEAVE
[04:23:45] [main/DEBUG]: Skipping Lnet/minecraft/world/level/block/ButtonBlock$1;
[04:23:45] [main/DEBUG]: Skipping Lnet/minecraft/world/level/block/BuddingAmethystBlock;
[04:23:45] [main/DEBUG]: Skipping Lnet/minecraft/world/level/block/BubbleColumnBlock;
[04:23:45] [main/DEBUG]: Skipping Lnet/minecraft/world/level/block/BrushableBlock;
[04:23:45] [main/DEBUG]: Skipping Lnet/minecraft/world/level/block/BrewingStandBlock;
[04:23:45] [main/DEBUG]: Skipping Lnet/minecraft/world/level/block/BonemealableBlock;
[04:23:45] [main/DEBUG]: Skipping Lnet/minecraft/world/level/block/BlockTypes;
[04:23:45] [main/DEBUG]: Transforming class Lnet/minecraft/world/level/block/BlastFurnaceBlock;
[04:23:45] [main/DEBUG]: Transforming net/minecraft/world/level/block/BlastFurnaceBlock METHOD <init>(Lnet/minecraft/world/level/block/state/BlockBehaviour$Properties;)V to access PUBLIC and LEAVE
[04:23:45] [main/DEBUG]: Transforming class Lnet/minecraft/world/level/block/BigDripleafStemBlock;
[04:23:45] [main/DEBUG]: Transforming net/minecraft/world/level/block/BigDripleafStemBlock METHOD <init>(Lnet/minecraft/world/level/block/state/BlockBehaviour$Properties;)V to access PUBLIC and LEAVE
[04:23:45] [main/DEBUG]: Skipping Lnet/minecraft/world/level/block/BigDripleafStemBlock$1;
[04:23:45] [main/DEBUG]: Transforming class Lnet/minecraft/world/level/block/BigDripleafBlock;
[04:23:45] [main/DEBUG]: Transforming net/minecraft/world/level/block/BigDripleafBlock METHOD <init>(Lnet/minecraft/world/level/block/state/BlockBehaviour$Properties;)V to access PUBLIC and LEAVE
[04:23:45] [main/DEBUG]: Skipping Lnet/minecraft/world/level/block/BellBlock;
[04:23:45] [main/DEBUG]: Skipping Lnet/minecraft/world/level/block/BellBlock$1;
[04:23:45] [main/DEBUG]: Skipping Lnet/minecraft/world/level/block/BeetrootBlock;
[04:23:45] [main/DEBUG]: Skipping Lnet/minecraft/world/level/block/BedBlock;
[04:23:45] [main/DEBUG]: Skipping Lnet/minecraft/world/level/block/BedBlock$1;
[04:23:45] [main/DEBUG]: Skipping Lnet/minecraft/world/level/block/BeaconBlock;
[04:23:45] [main/DEBUG]: Skipping Lnet/minecraft/world/level/block/BeaconBeamBlock;
[04:23:45] [main/DEBUG]: Skipping Lnet/minecraft/world/level/block/BaseTorchBlock;
[04:23:45] [main/DEBUG]: Skipping Lnet/minecraft/world/level/block/BasePressurePlateBlock;
[04:23:45] [main/DEBUG]: Skipping Lnet/minecraft/world/level/block/BaseEntityBlock;
[04:23:45] [main/DEBUG]: Transforming class Lnet/minecraft/world/level/block/BaseCoralWallFanBlock;
[04:23:45] [main/DEBUG]: Transforming net/minecraft/world/level/block/BaseCoralWallFanBlock METHOD <init>(Lnet/minecraft/world/level/block/state/BlockBehaviour$Properties;)V to access PUBLIC and LEAVE
[04:23:45] [main/DEBUG]: Skipping Lnet/minecraft/world/level/block/BaseCoralPlantTypeBlock;
[04:23:45] [main/DEBUG]: Transforming class Lnet/minecraft/world/level/block/BaseCoralPlantBlock;
[04:23:45] [main/DEBUG]: Transforming net/minecraft/world/level/block/BaseCoralPlantBlock METHOD <init>(Lnet/minecraft/world/level/block/state/BlockBehaviour$Properties;)V to access PUBLIC and LEAVE
[04:23:45] [main/DEBUG]: Transforming class Lnet/minecraft/world/level/block/BaseCoralFanBlock;
[04:23:45] [main/DEBUG]: Transforming net/minecraft/world/level/block/BaseCoralFanBlock METHOD <init>(Lnet/minecraft/world/level/block/state/BlockBehaviour$Properties;)V to access PUBLIC and LEAVE
[04:23:45] [main/DEBUG]: Transforming class Lnet/minecraft/world/level/block/BarrierBlock;
[04:23:45] [main/DEBUG]: Transforming net/minecraft/world/level/block/BarrierBlock METHOD <init>(Lnet/minecraft/world/level/block/state/BlockBehaviour$Properties;)V to access PUBLIC and LEAVE
[04:23:45] [main/DEBUG]: Skipping Lnet/minecraft/world/level/block/BarrelBlock;
[04:23:45] [main/DEBUG]: Skipping Lnet/minecraft/world/level/block/BannerBlock;
[04:23:45] [main/DEBUG]: Transforming class Lnet/minecraft/world/level/block/AzaleaBlock;
[04:23:45] [main/DEBUG]: Transforming net/minecraft/world/level/block/AzaleaBlock METHOD <init>(Lnet/minecraft/world/level/block/state/BlockBehaviour$Properties;)V to access PUBLIC and LEAVE
[04:23:45] [main/DEBUG]: Transforming class Lnet/minecraft/world/level/block/AttachedStemBlock;
[04:23:45] [main/DEBUG]: Transforming net/minecraft/world/level/block/AttachedStemBlock METHOD <init>(Lnet/minecraft/resources/ResourceKey;Lnet/minecraft/resources/ResourceKey;Lnet/minecraft/resources/ResourceKey;Lnet/minecraft/world/level/block/state/BlockBehaviour$Properties;)V to access PUBLIC and LEAVE
[04:23:45] [main/DEBUG]: Skipping Lnet/minecraft/world/level/block/AnvilBlock;
[04:23:45] [main/DEBUG]: Skipping Lnet/minecraft/world/level/block/AmethystClusterBlock;
[04:23:45] [main/DEBUG]: Skipping Lnet/minecraft/world/level/block/AmethystClusterBlock$1;
[04:23:45] [main/DEBUG]: Skipping Lnet/minecraft/world/level/block/AmethystBlock;
[04:23:45] [main/DEBUG]: Skipping Lnet/minecraft/world/level/block/AirBlock;
[04:23:45] [main/DEBUG]: Skipping Lnet/minecraft/world/level/block/AbstractSkullBlock;
[04:23:45] [main/DEBUG]: Skipping Lnet/minecraft/world/level/block/AbstractFurnaceBlock;
[04:23:45] [main/DEBUG]: Skipping Lnet/minecraft/world/level/block/AbstractChestBlock;
[04:23:45] [main/DEBUG]: Skipping Lnet/minecraft/world/level/block/AbstractCauldronBlock;
[04:23:45] [main/DEBUG]: Skipping Lnet/minecraft/world/level/block/AbstractCandleBlock;
[04:23:45] [main/DEBUG]: Skipping Lnet/minecraft/world/level/block/AbstractBannerBlock;
[04:23:45] [main/DEBUG]: Skipping Lnet/minecraft/world/level/block/WebBlock;
[04:23:45] [main/DEBUG]: Skipping Lnet/minecraft/world/level/block/VineBlock;
[04:23:45] [main/DEBUG]: Skipping Lnet/minecraft/world/level/block/VineBlock$1;
[04:23:45] [main/DEBUG]: Skipping Lnet/minecraft/world/level/block/TurtleEggBlock;
[04:23:45] [main/DEBUG]: Skipping Lnet/minecraft/world/level/block/TripWireHookBlock;
[04:23:45] [main/DEBUG]: Skipping Lnet/minecraft/world/level/block/TripWireHookBlock$1;
[04:23:45] [main/DEBUG]: Skipping Lnet/minecraft/world/level/block/TripWireBlock;
[04:23:45] [main/DEBUG]: Skipping Lnet/minecraft/world/level/block/TripWireBlock$1;
[04:23:45] [main/DEBUG]: Transforming class Lnet/minecraft/world/level/block/TrapDoorBlock;
[04:23:45] [main/DEBUG]: Transforming net/minecraft/world/level/block/TrapDoorBlock METHOD <init>(Lnet/minecraft/world/level/block/state/properties/BlockSetType;Lnet/minecraft/world/level/block/state/BlockBehaviour$Properties;)V to access PUBLIC and LEAVE
[04:23:45] [main/DEBUG]: Skipping Lnet/minecraft/world/level/block/TrapDoorBlock$1;
[04:23:45] [main/DEBUG]: Skipping Lnet/minecraft/world/level/block/TntBlock;
[04:23:45] [main/DEBUG]: Transforming class Lnet/minecraft/world/level/block/TallGrassBlock;
[04:23:45] [main/DEBUG]: Transforming net/minecraft/world/level/block/TallGrassBlock METHOD <init>(Lnet/minecraft/world/level/block/state/BlockBehaviour$Properties;)V to access PUBLIC and LEAVE
[04:23:45] [main/DEBUG]: Skipping Lnet/minecraft/world/level/block/SweetBerryBushBlock;
[04:23:45] [main/DEBUG]: Transforming class Lnet/minecraft/world/level/block/SugarCaneBlock;
[04:23:45] [main/DEBUG]: Transforming net/minecraft/world/level/block/SugarCaneBlock METHOD <init>(Lnet/minecraft/world/level/block/state/BlockBehaviour$Properties;)V to access PUBLIC and LEAVE
[04:23:45] [main/DEBUG]: Transforming class Lnet/minecraft/world/level/block/StemBlock;
[04:23:45] [main/DEBUG]: Transforming net/minecraft/world/level/block/StemBlock METHOD <init>(Lnet/minecraft/resources/ResourceKey;Lnet/minecraft/resources/ResourceKey;Lnet/minecraft/resources/ResourceKey;Lnet/minecraft/world/level/block/state/BlockBehaviour$Properties;)V to access PUBLIC and LEAVE
[04:23:45] [main/DEBUG]: Skipping Lnet/minecraft/world/level/block/SpreadingSnowyDirtBlock;
[04:23:45] [main/DEBUG]: Transforming class Lnet/minecraft/world/level/block/SpongeBlock;
[04:23:45] [main/DEBUG]: Transforming net/minecraft/world/level/block/SpongeBlock METHOD <init>(Lnet/minecraft/world/level/block/state/BlockBehaviour$Properties;)V to access PUBLIC and LEAVE
[04:23:45] [main/DEBUG]: Transforming class Lnet/minecraft/world/level/block/SpawnerBlock;
[04:23:45] [main/DEBUG]: Transforming net/minecraft/world/level/block/SpawnerBlock METHOD <init>(Lnet/minecraft/world/level/block/state/BlockBehaviour$Properties;)V to access PUBLIC and LEAVE
[04:23:45] [main/DEBUG]: Skipping Lnet/minecraft/world/level/block/SoundType;
[04:23:45] [main/DEBUG]: Transforming class Lnet/minecraft/world/level/block/SeagrassBlock;
[04:23:45] [main/DEBUG]: Transforming net/minecraft/world/level/block/SeagrassBlock METHOD <init>(Lnet/minecraft/world/level/block/state/BlockBehaviour$Properties;)V to access PUBLIC and LEAVE
[04:23:45] [main/DEBUG]: Skipping Lnet/minecraft/world/level/block/SculkShriekerBlock;
[04:23:45] [main/DEBUG]: Skipping Lnet/minecraft/world/level/block/SculkSensorBlock;
[04:23:45] [main/DEBUG]: Skipping Lnet/minecraft/world/level/block/SculkCatalystBlock;
[04:23:45] [main/DEBUG]: Transforming class Lnet/minecraft/world/level/block/SaplingBlock;
[04:23:45] [main/DEBUG]: Transforming net/minecraft/world/level/block/SaplingBlock METHOD <init>(Lnet/minecraft/world/level/block/grower/TreeGrower;Lnet/minecraft/world/level/block/state/BlockBehaviour$Properties;)V to access PUBLIC and LEAVE
[04:23:45] [main/DEBUG]: Skipping Lnet/minecraft/world/level/block/RedStoneWireBlock;
[04:23:45] [main/DEBUG]: Skipping Lnet/minecraft/world/level/block/RedStoneWireBlock$1;
[04:23:45] [main/DEBUG]: Skipping Lnet/minecraft/world/level/block/RedStoneOreBlock;
[04:23:45] [main/DEBUG]: Skipping Lnet/minecraft/world/level/block/RailState;
[04:23:45] [main/DEBUG]: Skipping Lnet/minecraft/world/level/block/RailState$1;
[04:23:45] [main/DEBUG]: Transforming class Lnet/minecraft/world/level/block/PumpkinBlock;
[04:23:45] [main/DEBUG]: Transforming net/minecraft/world/level/block/PumpkinBlock METHOD <init>(Lnet/minecraft/world/level/block/state/BlockBehaviour$Properties;)V to access PUBLIC and LEAVE
[04:23:45] [main/DEBUG]: Transforming class Lnet/minecraft/world/level/block/PoweredRailBlock;
[04:23:45] [main/DEBUG]: Transforming net/minecraft/world/level/block/PoweredRailBlock METHOD <init>(Lnet/minecraft/world/level/block/state/BlockBehaviour$Properties;)V to access PUBLIC and LEAVE
[04:23:45] [main/DEBUG]: Skipping Lnet/minecraft/world/level/block/PoweredRailBlock$1;
[04:23:45] [main/DEBUG]: Skipping Lnet/minecraft/world/level/block/PowderSnowBlock;
[04:23:45] [main/DEBUG]: Skipping Lnet/minecraft/world/level/block/NoteBlock;
[04:23:45] [main/DEBUG]: Transforming class Lnet/minecraft/world/level/block/NetherWartBlock;
[04:23:45] [main/DEBUG]: Transforming net/minecraft/world/level/block/NetherWartBlock METHOD <init>(Lnet/minecraft/world/level/block/state/BlockBehaviour$Properties;)V to access PUBLIC and LEAVE
[04:23:45] [main/DEBUG]: Skipping Lnet/minecraft/world/level/block/MushroomBlock;
[04:23:45] [main/DEBUG]: Transforming class Lnet/minecraft/world/level/block/LiquidBlock;
[04:23:45] [main/DEBUG]: Transforming net/minecraft/world/level/block/LiquidBlock METHOD <init>(Lnet/minecraft/world/level/material/FlowingFluid;Lnet/minecraft/world/level/block/state/BlockBehaviour$Properties;)V to access PUBLIC and LEAVE
[04:23:45] [main/DEBUG]: Skipping Lnet/minecraft/world/level/block/LeavesBlock;
[04:23:45] [main/DEBUG]: Skipping Lnet/minecraft/world/level/block/GrowingPlantHeadBlock;
[04:23:45] [main/DEBUG]: Transforming class Lnet/minecraft/world/level/block/FungusBlock;
[04:23:45] [main/DEBUG]: Transforming net/minecraft/world/level/block/FungusBlock METHOD <init>(Lnet/minecraft/resources/ResourceKey;Lnet/minecraft/world/level/block/Block;Lnet/minecraft/world/level/block/state/BlockBehaviour$Properties;)V to access PUBLIC and LEAVE
[04:23:45] [main/DEBUG]: Skipping Lnet/minecraft/world/level/block/FlowerPotBlock;
[04:23:45] [main/DEBUG]: Transforming class Lnet/minecraft/world/level/block/FireBlock;
[04:23:45] [main/DEBUG]: Transforming net/minecraft/world/level/block/FireBlock METHOD m_221164_(Lnet/minecraft/world/level/block/state/BlockState;)I to access PUBLIC and LEAVE
[04:23:45] [main/DEBUG]: Transforming net/minecraft/world/level/block/FireBlock METHOD m_221166_(Lnet/minecraft/world/level/block/state/BlockState;)I to access PUBLIC and LEAVE
[04:23:45] [main/DEBUG]: Skipping Lnet/minecraft/world/level/block/FenceGateBlock;
[04:23:45] [main/DEBUG]: Skipping Lnet/minecraft/world/level/block/FenceGateBlock$1;
[04:23:45] [main/DEBUG]: Transforming class Lnet/minecraft/world/level/block/FarmBlock;
[04:23:45] [main/DEBUG]: Transforming net/minecraft/world/level/block/FarmBlock METHOD <init>(Lnet/minecraft/world/level/block/state/BlockBehaviour$Properties;)V to access PUBLIC and LEAVE
[04:23:45] [main/DEBUG]: Transforming class Lnet/minecraft/world/level/block/EnchantmentTableBlock;
[04:23:45] [main/DEBUG]: Transforming net/minecraft/world/level/block/EnchantmentTableBlock METHOD <init>(Lnet/minecraft/world/level/block/state/BlockBehaviour$Properties;)V to access PUBLIC and LEAVE
[04:23:45] [main/DEBUG]: Skipping Lnet/minecraft/world/level/block/DropperBlock;
[04:23:45] [main/DEBUG]: Skipping Lnet/minecraft/world/level/block/DropExperienceBlock;
[04:23:45] [main/DEBUG]: Skipping Lnet/minecraft/world/level/block/DoublePlantBlock;
[04:23:45] [main/DEBUG]: Skipping Lnet/minecraft/world/level/block/DiodeBlock;
[04:23:45] [main/DEBUG]: Skipping Lnet/minecraft/world/level/block/DetectorRailBlock;
[04:23:45] [main/DEBUG]: Skipping Lnet/minecraft/world/level/block/DetectorRailBlock$1;
[04:23:45] [main/DEBUG]: Transforming class Lnet/minecraft/world/level/block/DeadBushBlock;
[04:23:45] [main/DEBUG]: Transforming net/minecraft/world/level/block/DeadBushBlock METHOD <init>(Lnet/minecraft/world/level/block/state/BlockBehaviour$Properties;)V to access PUBLIC and LEAVE
[04:23:45] [main/DEBUG]: Transforming class Lnet/minecraft/world/level/block/CropBlock;
[04:23:45] [main/DEBUG]: Transforming net/minecraft/world/level/block/CropBlock METHOD <init>(Lnet/minecraft/world/level/block/state/BlockBehaviour$Properties;)V to access PUBLIC and LEAVE
[04:23:45] [main/DEBUG]: Skipping Lnet/minecraft/world/level/block/CoralBlock;
[04:23:45] [main/DEBUG]: Skipping Lnet/minecraft/world/level/block/ConcretePowderBlock;
[04:23:45] [main/DEBUG]: Skipping Lnet/minecraft/world/level/block/ComparatorBlock;
[04:23:45] [main/DEBUG]: Skipping Lnet/minecraft/world/level/block/CocoaBlock;
[04:23:45] [main/DEBUG]: Skipping Lnet/minecraft/world/level/block/CocoaBlock$1;
[04:23:45] [main/DEBUG]: Transforming class Lnet/minecraft/world/level/block/ChorusPlantBlock;
[04:23:45] [main/DEBUG]: Transforming net/minecraft/world/level/block/ChorusPlantBlock METHOD <init>(Lnet/minecraft/world/level/block/state/BlockBehaviour$Properties;)V to access PUBLIC and LEAVE
[04:23:45] [main/DEBUG]: Transforming class Lnet/minecraft/world/level/block/ChorusFlowerBlock;
[04:23:45] [main/DEBUG]: Transforming net/minecraft/world/level/block/ChorusFlowerBlock METHOD <init>(Lnet/minecraft/world/level/block/Block;Lnet/minecraft/world/level/block/state/BlockBehaviour$Properties;)V to access PUBLIC and LEAVE
[04:23:45] [main/DEBUG]: Transforming class Lnet/minecraft/world/level/block/ChestBlock;
[04:23:45] [main/DEBUG]: Transforming net/minecraft/world/level/block/ChestBlock METHOD <init>(Lnet/minecraft/world/level/block/state/BlockBehaviour$Properties;Ljava/util/function/Supplier;)V to access PUBLIC and LEAVE
[04:23:45] [main/DEBUG]: Skipping Lnet/minecraft/world/level/block/ChestBlock$4;
[04:23:45] [main/DEBUG]: Skipping Lnet/minecraft/world/level/block/ChestBlock$3;
[04:23:45] [main/DEBUG]: Skipping Lnet/minecraft/world/level/block/ChestBlock$2;
[04:23:45] [main/DEBUG]: Skipping Lnet/minecraft/world/level/block/ChestBlock$2$1;
[04:23:45] [main/DEBUG]: Skipping Lnet/minecraft/world/level/block/ChestBlock$1;
[04:23:45] [main/DEBUG]: Skipping Lnet/minecraft/world/level/block/CampfireBlock;
[04:23:45] [main/DEBUG]: Transforming class Lnet/minecraft/world/level/block/CactusBlock;
[04:23:45] [main/DEBUG]: Transforming net/minecraft/world/level/block/CactusBlock METHOD <init>(Lnet/minecraft/world/level/block/state/BlockBehaviour$Properties;)V to access PUBLIC and LEAVE
[04:23:45] [main/DEBUG]: Skipping Lnet/minecraft/world/level/block/BushBlock;
[04:23:45] [main/DEBUG]: Skipping Lnet/minecraft/world/level/block/BucketPickup;
[04:23:45] [main/DEBUG]: Skipping Lnet/minecraft/world/level/block/Blocks;
[04:23:45] [main/DEBUG]: Transforming class Lnet/minecraft/world/level/block/Block;
[04:23:45] [main/DEBUG]: Transforming net/minecraft/world/level/block/Block METHOD m_49805_(Lnet/minecraft/server/level/ServerLevel;Lnet/minecraft/core/BlockPos;I)V to access PUBLIC and LEAVE
[04:23:45] [main/DEBUG]: Skipping Lnet/minecraft/world/level/block/Block$BlockStatePairKey;
[04:23:45] [main/DEBUG]: Skipping Lnet/minecraft/world/level/block/Block$2;
[04:23:45] [main/DEBUG]: Skipping Lnet/minecraft/world/level/block/Block$1;
[04:23:45] [main/DEBUG]: Skipping Lnet/minecraft/world/level/block/BeehiveBlock;
[04:23:45] [main/DEBUG]: Skipping Lnet/minecraft/world/level/block/BaseRailBlock;
[04:23:45] [main/DEBUG]: Skipping Lnet/minecraft/world/level/block/BaseRailBlock$1;
[04:23:45] [main/DEBUG]: Skipping Lnet/minecraft/world/level/block/BaseFireBlock;
[04:23:45] [main/DEBUG]: Skipping Lnet/minecraft/world/level/block/BambooStalkBlock;
[04:23:45] [main/DEBUG]: Skipping Lnet/minecraft/world/level/block/BambooSaplingBlock;
[04:23:45] [main/DEBUG]: Skipping Lnet/minecraft/world/level/biome/package-info;
[04:23:45] [main/DEBUG]: Skipping Lnet/minecraft/world/level/biome/TheEndBiomeSource;
[04:23:45] [main/DEBUG]: Skipping Lnet/minecraft/world/level/biome/OverworldBiomeBuilder;
[04:23:45] [main/DEBUG]: Skipping Lnet/minecraft/world/level/biome/MultiNoiseBiomeSourceParameterLists;
[04:23:45] [main/DEBUG]: Skipping Lnet/minecraft/world/level/biome/MultiNoiseBiomeSourceParameterList;
[04:23:45] [main/DEBUG]: Skipping Lnet/minecraft/world/level/biome/MultiNoiseBiomeSourceParameterList$Preset;
[04:23:45] [main/DEBUG]: Skipping Lnet/minecraft/world/level/biome/MultiNoiseBiomeSourceParameterList$Preset$SourceProvider;
[04:23:45] [main/DEBUG]: Skipping Lnet/minecraft/world/level/biome/MultiNoiseBiomeSourceParameterList$Preset$2;
[04:23:45] [main/DEBUG]: Skipping Lnet/minecraft/world/level/biome/MultiNoiseBiomeSourceParameterList$Preset$1;
[04:23:45] [main/DEBUG]: Skipping Lnet/minecraft/world/level/biome/MultiNoiseBiomeSource;
[04:23:45] [main/DEBUG]: Skipping Lnet/minecraft/world/level/biome/FixedBiomeSource;
[04:23:45] [main/DEBUG]: Skipping Lnet/minecraft/world/level/biome/FeatureSorter;
[04:23:45] [main/DEBUG]: Skipping Lnet/minecraft/world/level/biome/FeatureSorter$StepFeatureData;
[04:23:45] [main/DEBUG]: Skipping Lnet/minecraft/world/level/biome/FeatureSorter$1FeatureData;
[04:23:45] [main/DEBUG]: Skipping Lnet/minecraft/world/level/biome/Climate;
[04:23:45] [main/DEBUG]: Skipping Lnet/minecraft/world/level/biome/Climate$TargetPoint;
[04:23:45] [main/DEBUG]: Skipping Lnet/minecraft/world/level/biome/Climate$SpawnFinder;
[04:23:45] [main/DEBUG]: Skipping Lnet/minecraft/world/level/biome/Climate$SpawnFinder$Result;
[04:23:45] [main/DEBUG]: Skipping Lnet/minecraft/world/level/biome/Climate$Sampler;
[04:23:45] [main/DEBUG]: Skipping Lnet/minecraft/world/level/biome/Climate$RTree;
[04:23:45] [main/DEBUG]: Skipping Lnet/minecraft/world/level/biome/Climate$RTree$SubTree;
[04:23:45] [main/DEBUG]: Skipping Lnet/minecraft/world/level/biome/Climate$RTree$Node;
[04:23:45] [main/DEBUG]: Skipping Lnet/minecraft/world/level/biome/Climate$RTree$Leaf;
[04:23:45] [main/DEBUG]: Skipping Lnet/minecraft/world/level/biome/Climate$ParameterPoint;
[04:23:45] [main/DEBUG]: Skipping Lnet/minecraft/world/level/biome/Climate$ParameterList;
[04:23:45] [main/DEBUG]: Skipping Lnet/minecraft/world/level/biome/Climate$Parameter;
[04:23:45] [main/DEBUG]: Skipping Lnet/minecraft/world/level/biome/Climate$DistanceMetric;
[04:23:45] [main/DEBUG]: Skipping Lnet/minecraft/world/level/biome/CheckerboardColumnBiomeSource;
[04:23:45] [main/DEBUG]: Skipping Lnet/minecraft/world/level/biome/Biomes;
[04:23:45] [main/DEBUG]: Skipping Lnet/minecraft/world/level/biome/BiomeSources;
[04:23:45] [main/DEBUG]: Skipping Lnet/minecraft/world/level/biome/BiomeSource;
[04:23:45] [main/DEBUG]: Skipping Lnet/minecraft/world/level/biome/BiomeResolver;
[04:23:45] [main/DEBUG]: Skipping Lnet/minecraft/world/level/biome/BiomeManager;
[04:23:45] [main/DEBUG]: Skipping Lnet/minecraft/world/level/biome/BiomeManager$NoiseBiomeSource;
[04:23:45] [main/DEBUG]: Skipping Lnet/minecraft/world/level/biome/AmbientParticleSettings;
[04:23:45] [main/DEBUG]: Skipping Lnet/minecraft/world/level/biome/AmbientMoodSettings;
[04:23:45] [main/DEBUG]: Skipping Lnet/minecraft/world/level/biome/AmbientAdditionsSettings;
[04:23:45] [main/DEBUG]: Skipping Lnet/minecraft/world/level/biome/BiomeSpecialEffects$GrassColorModifier$ColorModifier;
[04:23:45] [main/DEBUG]: Skipping Lnet/minecraft/world/level/biome/MobSpawnSettings;
[04:23:45] [main/DEBUG]: Skipping Lnet/minecraft/world/level/biome/MobSpawnSettings$SpawnerData;
[04:23:45] [main/DEBUG]: Skipping Lnet/minecraft/world/level/biome/MobSpawnSettings$MobSpawnCost;
[04:23:45] [main/DEBUG]: Transforming class Lnet/minecraft/world/level/biome/MobSpawnSettings$Builder;
[04:23:45] [main/DEBUG]: Transforming net/minecraft/world/level/biome/MobSpawnSettings$Builder FIELD f_48362_ to access PROTECTED and LEAVE
[04:23:45] [main/DEBUG]: Transforming net/minecraft/world/level/biome/MobSpawnSettings$Builder FIELD f_48363_ to access PROTECTED and LEAVE
[04:23:45] [main/DEBUG]: Transforming net/minecraft/world/level/biome/MobSpawnSettings$Builder FIELD f_48364_ to access PROTECTED and LEAVE
[04:23:45] [main/DEBUG]: Skipping Lnet/minecraft/world/level/biome/BiomeSpecialEffects;
[04:23:45] [main/DEBUG]: Skipping Lnet/minecraft/world/level/biome/BiomeSpecialEffects$GrassColorModifier;
[04:23:45] [main/DEBUG]: Skipping Lnet/minecraft/world/level/biome/BiomeSpecialEffects$GrassColorModifier$3;
[04:23:45] [main/DEBUG]: Skipping Lnet/minecraft/world/level/biome/BiomeSpecialEffects$GrassColorModifier$2;
[04:23:45] [main/DEBUG]: Skipping Lnet/minecraft/world/level/biome/BiomeSpecialEffects$GrassColorModifier$1;
[04:23:45] [main/DEBUG]: Transforming class Lnet/minecraft/world/level/biome/BiomeSpecialEffects$Builder;
[04:23:45] [main/DEBUG]: Transforming net/minecraft/world/level/biome/BiomeSpecialEffects$Builder FIELD f_48005_ to access PROTECTED and LEAVE
[04:23:45] [main/DEBUG]: Transforming net/minecraft/world/level/biome/BiomeSpecialEffects$Builder FIELD f_48006_ to access PROTECTED and LEAVE
[04:23:45] [main/DEBUG]: Transforming net/minecraft/world/level/biome/BiomeSpecialEffects$Builder FIELD f_48007_ to access PROTECTED and LEAVE
[04:23:45] [main/DEBUG]: Transforming net/minecraft/world/level/biome/BiomeSpecialEffects$Builder FIELD f_48008_ to access PROTECTED and LEAVE
[04:23:45] [main/DEBUG]: Transforming net/minecraft/world/level/biome/BiomeSpecialEffects$Builder FIELD f_48009_ to access PROTECTED and LEAVE
[04:23:45] [main/DEBUG]: Transforming net/minecraft/world/level/biome/BiomeSpecialEffects$Builder FIELD f_48010_ to access PROTECTED and LEAVE
[04:23:45] [main/DEBUG]: Transforming net/minecraft/world/level/biome/BiomeSpecialEffects$Builder FIELD f_48011_ to access PROTECTED and LEAVE
[04:23:45] [main/DEBUG]: Transforming net/minecraft/world/level/biome/BiomeSpecialEffects$Builder FIELD f_48012_ to access PROTECTED and LEAVE
[04:23:45] [main/DEBUG]: Transforming net/minecraft/world/level/biome/BiomeSpecialEffects$Builder FIELD f_48013_ to access PROTECTED and LEAVE
[04:23:45] [main/DEBUG]: Transforming net/minecraft/world/level/biome/BiomeSpecialEffects$Builder FIELD f_48014_ to access PROTECTED and LEAVE
[04:23:45] [main/DEBUG]: Transforming net/minecraft/world/level/biome/BiomeSpecialEffects$Builder FIELD f_48015_ to access PROTECTED and LEAVE
[04:23:45] [main/DEBUG]: Transforming net/minecraft/world/level/biome/BiomeSpecialEffects$Builder FIELD f_48016_ to access PROTECTED and LEAVE
[04:23:45] [main/DEBUG]: Skipping Lnet/minecraft/world/level/biome/BiomeGenerationSettings;
[04:23:45] [main/DEBUG]: Transforming class Lnet/minecraft/world/level/biome/BiomeGenerationSettings$PlainBuilder;
[04:23:45] [main/DEBUG]: Transforming net/minecraft/world/level/biome/BiomeGenerationSettings$PlainBuilder FIELD f_254678_ to access PROTECTED and LEAVE
[04:23:45] [main/DEBUG]: Transforming net/minecraft/world/level/biome/BiomeGenerationSettings$PlainBuilder FIELD f_254648_ to access PROTECTED and LEAVE
[04:23:45] [main/DEBUG]: Transforming net/minecraft/world/level/biome/BiomeGenerationSettings$PlainBuilder METHOD m_255276_(I)V to access PROTECTED and LEAVE
[04:23:45] [main/DEBUG]: Skipping Lnet/minecraft/world/level/biome/BiomeGenerationSettings$Builder;
[04:23:45] [main/DEBUG]: Transforming class Lnet/minecraft/world/level/biome/Biome;
[04:23:45] [main/DEBUG]: Transforming net/minecraft/world/level/biome/Biome INNERCLASS ClimateSettings to access PUBLIC and LEAVE
[04:23:45] [main/DEBUG]: Skipping Lnet/minecraft/world/level/biome/Biome$TemperatureModifier;
[04:23:45] [main/DEBUG]: Skipping Lnet/minecraft/world/level/biome/Biome$TemperatureModifier$2;
[04:23:45] [main/DEBUG]: Skipping Lnet/minecraft/world/level/biome/Biome$TemperatureModifier$1;
[04:23:45] [main/DEBUG]: Skipping Lnet/minecraft/world/level/biome/Biome$Precipitation;
[04:23:45] [main/DEBUG]: Transforming class Lnet/minecraft/world/level/biome/Biome$ClimateSettings;
[04:23:45] [main/DEBUG]: Transforming net/minecraft/world/level/biome/Biome$ClimateSettings CLASS to access PUBLIC and LEAVE
[04:23:45] [main/DEBUG]: Skipping Lnet/minecraft/world/level/biome/Biome$BiomeBuilder;
[04:23:45] [main/DEBUG]: Skipping Lnet/minecraft/world/level/biome/Biome$1;
[04:23:45] [main/DEBUG]: Skipping Lnet/minecraft/world/level/WorldGenLevel;
[04:23:45] [main/DEBUG]: Skipping Lnet/minecraft/world/level/WorldDataConfiguration;
[04:23:45] [main/DEBUG]: Skipping Lnet/minecraft/world/level/StructureManager;
[04:23:45] [main/DEBUG]: Skipping Lnet/minecraft/world/level/Spawner;
[04:23:45] [main/DEBUG]: Skipping Lnet/minecraft/world/level/SpawnData;
[04:23:45] [main/DEBUG]: Skipping Lnet/minecraft/world/level/SpawnData$CustomSpawnRules;
[04:23:45] [main/DEBUG]: Skipping Lnet/minecraft/world/level/ServerLevelAccessor;
[04:23:45] [main/DEBUG]: Skipping Lnet/minecraft/world/level/PotentialCalculator;
[04:23:45] [main/DEBUG]: Skipping Lnet/minecraft/world/level/PotentialCalculator$PointCharge;
[04:23:45] [main/DEBUG]: Skipping Lnet/minecraft/world/level/PathNavigationRegion;
[04:23:45] [main/DEBUG]: Skipping Lnet/minecraft/world/level/NoiseColumn;
[04:23:45] [main/DEBUG]: Skipping Lnet/minecraft/world/level/LocalMobCapCalculator;
[04:23:45] [main/DEBUG]: Skipping Lnet/minecraft/world/level/LocalMobCapCalculator$MobCounts;
[04:23:45] [main/DEBUG]: Skipping Lnet/minecraft/world/level/LightLayer;
[04:23:45] [main/DEBUG]: Skipping Lnet/minecraft/world/level/LevelWriter;
[04:23:45] [main/DEBUG]: Skipping Lnet/minecraft/world/level/LevelTimeAccess;
[04:23:45] [main/DEBUG]: Skipping Lnet/minecraft/world/level/LevelSimulatedReader;
[04:23:45] [main/DEBUG]: Skipping Lnet/minecraft/world/level/LevelSimulatedRW;
[04:23:45] [main/DEBUG]: Skipping Lnet/minecraft/world/level/LevelHeightAccessor;
[04:23:45] [main/DEBUG]: Skipping Lnet/minecraft/world/level/LevelHeightAccessor$1;
[04:23:45] [main/DEBUG]: Skipping Lnet/minecraft/world/level/LevelAccessor;
[04:23:45] [main/DEBUG]: Skipping Lnet/minecraft/world/level/ItemLike;
[04:23:45] [main/DEBUG]: Skipping Lnet/minecraft/world/level/GrassColor;
[04:23:45] [main/DEBUG]: Skipping Lnet/minecraft/world/level/GameType;
[04:23:45] [main/DEBUG]: Transforming class Lnet/minecraft/world/level/GameRules;
[04:23:45] [main/DEBUG]: Transforming net/minecraft/world/level/GameRules METHOD m_46189_(Ljava/lang/String;Lnet/minecraft/world/level/GameRules$Category;Lnet/minecraft/world/level/GameRules$Type;)Lnet/minecraft/world/level/GameRules$Key; to access PUBLIC and LEAVE
[04:23:45] [main/DEBUG]: Skipping Lnet/minecraft/world/level/GameRules$VisitorCaller;
[04:23:45] [main/DEBUG]: Skipping Lnet/minecraft/world/level/GameRules$Value;
[04:23:45] [main/DEBUG]: Skipping Lnet/minecraft/world/level/GameRules$Type;
[04:23:45] [main/DEBUG]: Skipping Lnet/minecraft/world/level/GameRules$Key;
[04:23:45] [main/DEBUG]: Transforming class Lnet/minecraft/world/level/GameRules$IntegerValue;
[04:23:45] [main/DEBUG]: Transforming net/minecraft/world/level/GameRules$IntegerValue METHOD m_46294_(ILjava/util/function/BiConsumer;)Lnet/minecraft/world/level/GameRules$Type; to access PUBLIC and LEAVE
[04:23:45] [main/DEBUG]: Transforming net/minecraft/world/level/GameRules$IntegerValue METHOD m_46312_(I)Lnet/minecraft/world/level/GameRules$Type; to access PUBLIC and LEAVE
[04:23:45] [main/DEBUG]: Skipping Lnet/minecraft/world/level/GameRules$GameRuleTypeVisitor;
[04:23:45] [main/DEBUG]: Skipping Lnet/minecraft/world/level/GameRules$Category;
[04:23:45] [main/DEBUG]: Transforming class Lnet/minecraft/world/level/GameRules$BooleanValue;
[04:23:45] [main/DEBUG]: Transforming net/minecraft/world/level/GameRules$BooleanValue METHOD m_46252_(ZLjava/util/function/BiConsumer;)Lnet/minecraft/world/level/GameRules$Type; to access PUBLIC and LEAVE
[04:23:45] [main/DEBUG]: Transforming net/minecraft/world/level/GameRules$BooleanValue METHOD m_46250_(Z)Lnet/minecraft/world/level/GameRules$Type; to access PUBLIC and LEAVE
[04:23:45] [main/DEBUG]: Skipping Lnet/minecraft/world/level/FoliageColor;
[04:23:45] [main/DEBUG]: Skipping Lnet/minecraft/world/level/EntityGetter;
[04:23:45] [main/DEBUG]: Skipping Lnet/minecraft/world/level/EntityBasedExplosionDamageCalculator;
[04:23:45] [main/DEBUG]: Skipping Lnet/minecraft/world/level/EmptyBlockGetter;
[04:23:45] [main/DEBUG]: Skipping Lnet/minecraft/world/level/CustomSpawner;
[04:23:45] [main/DEBUG]: Skipping Lnet/minecraft/world/level/CommonLevelAccessor;
[04:23:45] [main/DEBUG]: Skipping Lnet/minecraft/world/level/ColorResolver;
[04:23:45] [main/DEBUG]: Skipping Lnet/minecraft/world/level/CollisionGetter;
[04:23:45] [main/DEBUG]: Skipping Lnet/minecraft/world/level/ClipContext;
[04:23:45] [main/DEBUG]: Skipping Lnet/minecraft/world/level/ClipContext$ShapeGetter;
[04:23:45] [main/DEBUG]: Skipping Lnet/minecraft/world/level/ClipContext$Fluid;
[04:23:45] [main/DEBUG]: Skipping Lnet/minecraft/world/level/ClipContext$Block;
[04:23:45] [main/DEBUG]: Skipping Lnet/minecraft/world/level/ClipBlockStateContext;
[04:23:45] [main/DEBUG]: Skipping Lnet/minecraft/world/level/ChunkPos;
[04:23:45] [main/DEBUG]: Skipping Lnet/minecraft/world/level/ChunkPos$1;
[04:23:45] [main/DEBUG]: Skipping Lnet/minecraft/world/level/BlockEventData;
[04:23:45] [main/DEBUG]: Skipping Lnet/minecraft/world/level/BlockCollisions;
[04:23:45] [main/DEBUG]: Skipping Lnet/minecraft/world/level/BaseCommandBlock;
[04:23:45] [main/DEBUG]: Skipping Lnet/minecraft/world/level/SignalGetter;
[04:23:45] [main/DEBUG]: Skipping Lnet/minecraft/world/level/NaturalSpawner;
[04:23:45] [main/DEBUG]: Skipping Lnet/minecraft/world/level/NaturalSpawner$SpawnState;
[04:23:45] [main/DEBUG]: Skipping Lnet/minecraft/world/level/NaturalSpawner$SpawnPredicate;
[04:23:45] [main/DEBUG]: Skipping Lnet/minecraft/world/level/NaturalSpawner$ChunkGetter;
[04:23:45] [main/DEBUG]: Skipping Lnet/minecraft/world/level/NaturalSpawner$AfterSpawnCallback;
[04:23:45] [main/DEBUG]: Skipping Lnet/minecraft/world/level/NaturalSpawner$1;
[04:23:45] [main/DEBUG]: Skipping Lnet/minecraft/world/level/LevelSettings;
[04:23:45] [main/DEBUG]: Skipping Lnet/minecraft/world/level/LevelReader;
[04:23:45] [main/DEBUG]: Transforming class Lnet/minecraft/world/level/Level;
[04:23:45] [main/DEBUG]: Transforming net/minecraft/world/level/Level FIELD f_46437_ to access PUBLIC and LEAVE
[04:23:45] [main/DEBUG]: Transforming net/minecraft/world/level/Level FIELD f_46438_ to access PUBLIC and LEAVE
[04:23:45] [main/DEBUG]: Transforming net/minecraft/world/level/Level FIELD f_46439_ to access PUBLIC and LEAVE
[04:23:45] [main/DEBUG]: Transforming net/minecraft/world/level/Level FIELD f_46440_ to access PUBLIC and LEAVE
[04:23:45] [main/DEBUG]: Skipping Lnet/minecraft/world/level/Level$ExplosionInteraction;
[04:23:45] [main/DEBUG]: Skipping Lnet/minecraft/world/level/Level$2;
[04:23:45] [main/DEBUG]: Skipping Lnet/minecraft/world/level/Level$1;
[04:23:45] [main/DEBUG]: Skipping Lnet/minecraft/world/level/ForcedChunksSavedData;
[04:23:45] [main/DEBUG]: Skipping Lnet/minecraft/world/level/ExplosionDamageCalculator;
[04:23:45] [main/DEBUG]: Skipping Lnet/minecraft/world/level/Explosion;
[04:23:45] [main/DEBUG]: Skipping Lnet/minecraft/world/level/Explosion$BlockInteraction;
[04:23:45] [main/DEBUG]: Skipping Lnet/minecraft/world/level/DataPackConfig;
[04:23:45] [main/DEBUG]: Skipping Lnet/minecraft/world/level/BlockGetter;
[04:23:45] [main/DEBUG]: Skipping Lnet/minecraft/world/level/BlockAndTintGetter;
[04:23:45] [main/DEBUG]: Skipping Lnet/minecraft/world/level/BaseSpawner;
[04:23:45] [main/DEBUG]: Skipping Lnet/minecraft/world/item/trading/package-info;
[04:23:45] [main/DEBUG]: Skipping Lnet/minecraft/world/item/trading/MerchantOffers;
[04:23:45] [main/DEBUG]: Skipping Lnet/minecraft/world/item/trading/Merchant;
[04:23:45] [main/DEBUG]: Skipping Lnet/minecraft/world/item/trading/MerchantOffer;
[04:23:45] [main/DEBUG]: Skipping Lnet/minecraft/world/item/package-info;
[04:23:45] [main/DEBUG]: Skipping Lnet/minecraft/world/item/enchantment/package-info;
[04:23:45] [main/DEBUG]: Skipping Lnet/minecraft/world/item/enchantment/WaterWorkerEnchantment;
[04:23:45] [main/DEBUG]: Skipping Lnet/minecraft/world/item/enchantment/WaterWalkerEnchantment;
[04:23:45] [main/DEBUG]: Skipping Lnet/minecraft/world/item/enchantment/VanishingCurseEnchantment;
[04:23:45] [main/DEBUG]: Skipping Lnet/minecraft/world/item/enchantment/UntouchingEnchantment;
[04:23:45] [main/DEBUG]: Skipping Lnet/minecraft/world/item/enchantment/TridentRiptideEnchantment;
[04:23:45] [main/DEBUG]: Skipping Lnet/minecraft/world/item/enchantment/TridentLoyaltyEnchantment;
[04:23:45] [main/DEBUG]: Skipping Lnet/minecraft/world/item/enchantment/TridentImpalerEnchantment;
[04:23:45] [main/DEBUG]: Skipping Lnet/minecraft/world/item/enchantment/TridentChannelingEnchantment;
[04:23:45] [main/DEBUG]: Skipping Lnet/minecraft/world/item/enchantment/ThornsEnchantment;
[04:23:45] [main/DEBUG]: Skipping Lnet/minecraft/world/item/enchantment/SwiftSneakEnchantment;
[04:23:45] [main/DEBUG]: Skipping Lnet/minecraft/world/item/enchantment/SweepingEdgeEnchantment;
[04:23:45] [main/DEBUG]: Skipping Lnet/minecraft/world/item/enchantment/SoulSpeedEnchantment;
[04:23:45] [main/DEBUG]: Skipping Lnet/minecraft/world/item/enchantment/QuickChargeEnchantment;
[04:23:45] [main/DEBUG]: Skipping Lnet/minecraft/world/item/enchantment/ProtectionEnchantment;
[04:23:45] [main/DEBUG]: Skipping Lnet/minecraft/world/item/enchantment/ProtectionEnchantment$Type;
[04:23:45] [main/DEBUG]: Skipping Lnet/minecraft/world/item/enchantment/OxygenEnchantment;
[04:23:45] [main/DEBUG]: Skipping Lnet/minecraft/world/item/enchantment/MultiShotEnchantment;
[04:23:45] [main/DEBUG]: Skipping Lnet/minecraft/world/item/enchantment/MendingEnchantment;
[04:23:45] [main/DEBUG]: Skipping Lnet/minecraft/world/item/enchantment/LootBonusEnchantment;
[04:23:45] [main/DEBUG]: Skipping Lnet/minecraft/world/item/enchantment/KnockbackEnchantment;
[04:23:45] [main/DEBUG]: Skipping Lnet/minecraft/world/item/enchantment/FishingSpeedEnchantment;
[04:23:45] [main/DEBUG]: Skipping Lnet/minecraft/world/item/enchantment/FireAspectEnchantment;
[04:23:45] [main/DEBUG]: Skipping Lnet/minecraft/world/item/enchantment/Enchantments;
[04:23:45] [main/DEBUG]: Skipping Lnet/minecraft/world/item/enchantment/EnchantmentInstance;
[04:23:45] [main/DEBUG]: Skipping Lnet/minecraft/world/item/enchantment/DigDurabilityEnchantment;
[04:23:45] [main/DEBUG]: Skipping Lnet/minecraft/world/item/enchantment/DamageEnchantment;
[04:23:45] [main/DEBUG]: Skipping Lnet/minecraft/world/item/enchantment/BindingCurseEnchantment;
[04:23:45] [main/DEBUG]: Skipping Lnet/minecraft/world/item/enchantment/ArrowPiercingEnchantment;
[04:23:45] [main/DEBUG]: Skipping Lnet/minecraft/world/item/enchantment/ArrowKnockbackEnchantment;
[04:23:45] [main/DEBUG]: Skipping Lnet/minecraft/world/item/enchantment/ArrowInfiniteEnchantment;
[04:23:45] [main/DEBUG]: Skipping Lnet/minecraft/world/item/enchantment/ArrowFireEnchantment;
[04:23:45] [main/DEBUG]: Skipping Lnet/minecraft/world/item/enchantment/ArrowDamageEnchantment;
[04:23:45] [main/DEBUG]: Skipping Lnet/minecraft/world/item/enchantment/FrostWalkerEnchantment;
[04:23:45] [main/DEBUG]: Skipping Lnet/minecraft/world/item/enchantment/EnchantmentHelper;
[04:23:45] [main/DEBUG]: Skipping Lnet/minecraft/world/item/enchantment/EnchantmentHelper$EnchantmentVisitor;
[04:23:45] [main/DEBUG]: Skipping Lnet/minecraft/world/item/enchantment/EnchantmentCategory;
[04:23:45] [main/DEBUG]: Skipping Lnet/minecraft/world/item/enchantment/EnchantmentCategory$9;
[04:23:45] [main/DEBUG]: Skipping Lnet/minecraft/world/item/enchantment/EnchantmentCategory$8;
[04:23:45] [main/DEBUG]: Skipping Lnet/minecraft/world/item/enchantment/EnchantmentCategory$7;
[04:23:45] [main/DEBUG]: Skipping Lnet/minecraft/world/item/enchantment/EnchantmentCategory$6;
[04:23:45] [main/DEBUG]: Skipping Lnet/minecraft/world/item/enchantment/EnchantmentCategory$5;
[04:23:45] [main/DEBUG]: Skipping Lnet/minecraft/world/item/enchantment/EnchantmentCategory$4;
[04:23:45] [main/DEBUG]: Skipping Lnet/minecraft/world/item/enchantment/EnchantmentCategory$3;
[04:23:45] [main/DEBUG]: Skipping Lnet/minecraft/world/item/enchantment/EnchantmentCategory$2;
[04:23:45] [main/DEBUG]: Skipping Lnet/minecraft/world/item/enchantment/EnchantmentCategory$14;
[04:23:45] [main/DEBUG]: Skipping Lnet/minecraft/world/item/enchantment/EnchantmentCategory$13;
[04:23:45] [main/DEBUG]: Skipping Lnet/minecraft/world/item/enchantment/EnchantmentCategory$12;
[04:23:45] [main/DEBUG]: Skipping Lnet/minecraft/world/item/enchantment/EnchantmentCategory$11;
[04:23:45] [main/DEBUG]: Skipping Lnet/minecraft/world/item/enchantment/EnchantmentCategory$10;
[04:23:45] [main/DEBUG]: Skipping Lnet/minecraft/world/item/enchantment/EnchantmentCategory$1;
[04:23:45] [main/DEBUG]: Skipping Lnet/minecraft/world/item/enchantment/Enchantment;
[04:23:45] [main/DEBUG]: Skipping Lnet/minecraft/world/item/enchantment/Enchantment$Rarity;
[04:23:45] [main/DEBUG]: Skipping Lnet/minecraft/world/item/enchantment/DiggingEnchantment;
[04:23:45] [main/DEBUG]: Skipping Lnet/minecraft/world/item/crafting/package-info;
[04:23:45] [main/DEBUG]: Skipping Lnet/minecraft/world/item/crafting/TippedArrowRecipe;
[04:23:45] [main/DEBUG]: Skipping Lnet/minecraft/world/item/crafting/SuspiciousStewRecipe;
[04:23:45] [main/DEBUG]: Skipping Lnet/minecraft/world/item/crafting/StonecutterRecipe;
[04:23:45] [main/DEBUG]: Skipping Lnet/minecraft/world/item/crafting/SmokingRecipe;
[04:23:45] [main/DEBUG]: Skipping Lnet/minecraft/world/item/crafting/SmithingRecipe;
[04:23:45] [main/DEBUG]: Skipping Lnet/minecraft/world/item/crafting/SmeltingRecipe;
[04:23:45] [main/DEBUG]: Skipping Lnet/minecraft/world/item/crafting/SingleItemRecipe;
[04:23:45] [main/DEBUG]: Skipping Lnet/minecraft/world/item/crafting/SingleItemRecipe$Serializer;
[04:23:45] [main/DEBUG]: Skipping Lnet/minecraft/world/item/crafting/SingleItemRecipe$Factory;
[04:23:45] [main/DEBUG]: Skipping Lnet/minecraft/world/item/crafting/SimpleCraftingRecipeSerializer;
[04:23:45] [main/DEBUG]: Skipping Lnet/minecraft/world/item/crafting/SimpleCraftingRecipeSerializer$Factory;
[04:23:45] [main/DEBUG]: Skipping Lnet/minecraft/world/item/crafting/SimpleCookingSerializer;
[04:23:45] [main/DEBUG]: Skipping Lnet/minecraft/world/item/crafting/ShieldDecorationRecipe;
[04:23:45] [main/DEBUG]: Skipping Lnet/minecraft/world/item/crafting/RecipeHolder;
[04:23:45] [main/DEBUG]: Skipping Lnet/minecraft/world/item/crafting/RecipeCache;
[04:23:45] [main/DEBUG]: Skipping Lnet/minecraft/world/item/crafting/RecipeCache$Entry;
[04:23:45] [main/DEBUG]: Skipping Lnet/minecraft/world/item/crafting/MapExtendingRecipe;
[04:23:45] [main/DEBUG]: Skipping Lnet/minecraft/world/item/crafting/MapCloningRecipe;
[04:23:45] [main/DEBUG]: Skipping Lnet/minecraft/world/item/crafting/FireworkStarFadeRecipe;
[04:23:45] [main/DEBUG]: Skipping Lnet/minecraft/world/item/crafting/FireworkRocketRecipe;
[04:23:45] [main/DEBUG]: Skipping Lnet/minecraft/world/item/crafting/DecoratedPotRecipe;
[04:23:45] [main/DEBUG]: Skipping Lnet/minecraft/world/item/crafting/CustomRecipe;
[04:23:45] [main/DEBUG]: Skipping Lnet/minecraft/world/item/crafting/CraftingRecipe;
[04:23:45] [main/DEBUG]: Skipping Lnet/minecraft/world/item/crafting/CraftingBookCategory;
[04:23:45] [main/DEBUG]: Skipping Lnet/minecraft/world/item/crafting/CookingBookCategory;
[04:23:45] [main/DEBUG]: Skipping Lnet/minecraft/world/item/crafting/CampfireCookingRecipe;
[04:23:45] [main/DEBUG]: Skipping Lnet/minecraft/world/item/crafting/BlastingRecipe;
[04:23:45] [main/DEBUG]: Skipping Lnet/minecraft/world/item/crafting/ArmorDyeRecipe;
[04:23:45] [main/DEBUG]: Skipping Lnet/minecraft/world/item/crafting/AbstractCookingRecipe;
[04:23:45] [main/DEBUG]: Skipping Lnet/minecraft/world/item/crafting/AbstractCookingRecipe$Factory;
[04:23:45] [main/DEBUG]: Skipping Lnet/minecraft/world/item/crafting/RecipeType$2;
[04:23:45] [main/DEBUG]: Skipping Lnet/minecraft/world/item/crafting/SmithingTrimRecipe;
[04:23:45] [main/DEBUG]: Skipping Lnet/minecraft/world/item/crafting/SmithingTrimRecipe$Serializer;
[04:23:45] [main/DEBUG]: Skipping Lnet/minecraft/world/item/crafting/SmithingTransformRecipe;
[04:23:45] [main/DEBUG]: Skipping Lnet/minecraft/world/item/crafting/SmithingTransformRecipe$Serializer;
[04:23:45] [main/DEBUG]: Skipping Lnet/minecraft/world/item/crafting/ShulkerBoxColoring;
[04:23:45] [main/DEBUG]: Skipping Lnet/minecraft/world/item/crafting/ShapelessRecipe;
[04:23:45] [main/DEBUG]: Skipping Lnet/minecraft/world/item/crafting/ShapelessRecipe$Serializer;
[04:23:45] [main/DEBUG]: Skipping Lnet/minecraft/world/item/crafting/ShapedRecipePattern;
[04:23:45] [main/DEBUG]: Skipping Lnet/minecraft/world/item/crafting/ShapedRecipePattern$Data;
[04:23:45] [main/DEBUG]: Skipping Lnet/minecraft/world/item/crafting/ShapedRecipe;
[04:23:45] [main/DEBUG]: Skipping Lnet/minecraft/world/item/crafting/ShapedRecipe$Serializer;
[04:23:45] [main/DEBUG]: Skipping Lnet/minecraft/world/item/crafting/RepairItemRecipe;
[04:23:45] [main/DEBUG]: Skipping Lnet/minecraft/world/item/crafting/RecipeType;
[04:23:45] [main/DEBUG]: Skipping Lnet/minecraft/world/item/crafting/RecipeType$1;
[04:23:45] [main/DEBUG]: Skipping Lnet/minecraft/world/item/crafting/RecipeSerializer;
[04:23:45] [main/DEBUG]: Skipping Lnet/minecraft/world/item/crafting/RecipeManager;
[04:23:45] [main/DEBUG]: Skipping Lnet/minecraft/world/item/crafting/RecipeManager$CachedCheck;
[04:23:45] [main/DEBUG]: Skipping Lnet/minecraft/world/item/crafting/RecipeManager$1;
[04:23:45] [main/DEBUG]: Skipping Lnet/minecraft/world/item/crafting/Recipe;
[04:23:45] [main/DEBUG]: Transforming class Lnet/minecraft/world/item/crafting/Ingredient;
[04:23:45] [main/DEBUG]: Transforming net/minecraft/world/item/crafting/Ingredient INNERCLASS Value to access PUBLIC and LEAVE
[04:23:45] [main/DEBUG]: Transforming net/minecraft/world/item/crafting/Ingredient INNERCLASS TagValue to access PUBLIC and LEAVE
[04:23:45] [main/DEBUG]: Transforming net/minecraft/world/item/crafting/Ingredient INNERCLASS ItemValue to access PUBLIC and LEAVE
[04:23:45] [main/DEBUG]: Transforming net/minecraft/world/item/crafting/Ingredient CLASS to access PUBLIC and REMOVEFINAL
[04:23:45] [main/DEBUG]: Transforming net/minecraft/world/item/crafting/Ingredient METHOD <init>(Ljava/util/stream/Stream;)V to access PROTECTED and LEAVE
[04:23:45] [main/DEBUG]: Transforming net/minecraft/world/item/crafting/Ingredient METHOD m_43923_(Lnet/minecraft/network/FriendlyByteBuf;)V to access PUBLIC and MAKEFINAL
[04:23:45] [main/DEBUG]: Transforming net/minecraft/world/item/crafting/Ingredient METHOD m_43938_(Ljava/util/stream/Stream;)Lnet/minecraft/world/item/crafting/Ingredient; to access PUBLIC and LEAVE
[04:23:45] [main/DEBUG]: Transforming class Lnet/minecraft/world/item/crafting/Ingredient$Value;
[04:23:45] [main/DEBUG]: Transforming net/minecraft/world/item/crafting/Ingredient$Value CLASS to access PUBLIC and LEAVE
[04:23:45] [main/DEBUG]: Transforming class Lnet/minecraft/world/item/crafting/Ingredient$TagValue;
[04:23:45] [main/DEBUG]: Transforming net/minecraft/world/item/crafting/Ingredient$TagValue CLASS to access PUBLIC and LEAVE
[04:23:45] [main/DEBUG]: Transforming net/minecraft/world/item/crafting/Ingredient$TagValue METHOD <init>(Lnet/minecraft/tags/TagKey;)V to access PUBLIC and LEAVE
[04:23:45] [main/DEBUG]: Transforming class Lnet/minecraft/world/item/crafting/Ingredient$ItemValue;
[04:23:45] [main/DEBUG]: Transforming net/minecraft/world/item/crafting/Ingredient$ItemValue CLASS to access PUBLIC and LEAVE
[04:23:45] [main/DEBUG]: Transforming net/minecraft/world/item/crafting/Ingredient$ItemValue METHOD <init>(Lnet/minecraft/world/item/ItemStack;)V to access PUBLIC and LEAVE
[04:23:45] [main/DEBUG]: Skipping Lnet/minecraft/world/item/crafting/FireworkStarRecipe;
[04:23:46] [main/DEBUG]: Skipping Lnet/minecraft/world/item/crafting/BookCloningRecipe;
[04:23:46] [main/DEBUG]: Skipping Lnet/minecraft/world/item/crafting/BannerDuplicateRecipe;
[04:23:46] [main/DEBUG]: Skipping Lnet/minecraft/world/item/context/package-info;
[04:23:46] [main/DEBUG]: Transforming class Lnet/minecraft/world/item/context/UseOnContext;
[04:23:46] [main/DEBUG]: Transforming net/minecraft/world/item/context/UseOnContext METHOD <init>(Lnet/minecraft/world/level/Level;Lnet/minecraft/world/entity/player/Player;Lnet/minecraft/world/InteractionHand;Lnet/minecraft/world/item/ItemStack;Lnet/minecraft/world/phys/BlockHitResult;)V to access PUBLIC and LEAVE
[04:23:46] [main/DEBUG]: Skipping Lnet/minecraft/world/item/context/DirectionalPlaceContext;
[04:23:46] [main/DEBUG]: Skipping Lnet/minecraft/world/item/context/DirectionalPlaceContext$1;
[04:23:46] [main/DEBUG]: Transforming class Lnet/minecraft/world/item/context/BlockPlaceContext;
[04:23:46] [main/DEBUG]: Transforming net/minecraft/world/item/context/BlockPlaceContext METHOD <init>(Lnet/minecraft/world/level/Level;Lnet/minecraft/world/entity/player/Player;Lnet/minecraft/world/InteractionHand;Lnet/minecraft/world/item/ItemStack;Lnet/minecraft/world/phys/BlockHitResult;)V to access PUBLIC and LEAVE
[04:23:46] [main/DEBUG]: Skipping Lnet/minecraft/world/item/armortrim/package-info;
[04:23:46] [main/DEBUG]: Skipping Lnet/minecraft/world/item/armortrim/TrimPatterns;
[04:23:46] [main/DEBUG]: Skipping Lnet/minecraft/world/item/armortrim/TrimPattern;
[04:23:46] [main/DEBUG]: Skipping Lnet/minecraft/world/item/armortrim/TrimMaterials;
[04:23:46] [main/DEBUG]: Skipping Lnet/minecraft/world/item/armortrim/TrimMaterial;
[04:23:46] [main/DEBUG]: Skipping Lnet/minecraft/world/item/armortrim/ArmorTrim;
[04:23:46] [main/DEBUG]: Skipping Lnet/minecraft/world/item/alchemy/package-info;
[04:23:46] [main/DEBUG]: Skipping Lnet/minecraft/world/item/alchemy/Potions;
[04:23:46] [main/DEBUG]: Skipping Lnet/minecraft/world/item/alchemy/PotionUtils;
[04:23:46] [main/DEBUG]: Transforming class Lnet/minecraft/world/item/alchemy/PotionBrewing;
[04:23:46] [main/DEBUG]: Transforming net/minecraft/world/item/alchemy/PotionBrewing INNERCLASS Mix to access PUBLIC and LEAVE
[04:23:46] [main/DEBUG]: Transforming class Lnet/minecraft/world/item/alchemy/PotionBrewing$Mix;
[04:23:46] [main/DEBUG]: Transforming net/minecraft/world/item/alchemy/PotionBrewing$Mix CLASS to access PUBLIC and LEAVE
[04:23:46] [main/DEBUG]: Transforming net/minecraft/world/item/alchemy/PotionBrewing$Mix FIELD f_43533_ to access PUBLIC and LEAVE
[04:23:46] [main/DEBUG]: Skipping Lnet/minecraft/world/item/alchemy/Potion;
[04:23:46] [main/DEBUG]: Skipping Lnet/minecraft/world/item/WrittenBookItem;
[04:23:46] [main/DEBUG]: Skipping Lnet/minecraft/world/item/WritableBookItem;
[04:23:46] [main/DEBUG]: Skipping Lnet/minecraft/world/item/Vanishable;
[04:23:46] [main/DEBUG]: Skipping Lnet/minecraft/world/item/TridentItem;
[04:23:46] [main/DEBUG]: Skipping Lnet/minecraft/world/item/TooltipFlag;
[04:23:46] [main/DEBUG]: Skipping Lnet/minecraft/world/item/TooltipFlag$Default;
[04:23:46] [main/DEBUG]: Skipping Lnet/minecraft/world/item/TippedArrowItem;
[04:23:46] [main/DEBUG]: Skipping Lnet/minecraft/world/item/TieredItem;
[04:23:46] [main/DEBUG]: Skipping Lnet/minecraft/world/item/ThrowablePotionItem;
[04:23:46] [main/DEBUG]: Skipping Lnet/minecraft/world/item/SuspiciousStewItem;
[04:23:46] [main/DEBUG]: Skipping Lnet/minecraft/world/item/SpyglassItem;
[04:23:46] [main/DEBUG]: Skipping Lnet/minecraft/world/item/SplashPotionItem;
[04:23:46] [main/DEBUG]: Skipping Lnet/minecraft/world/item/SpectralArrowItem;
[04:23:46] [main/DEBUG]: Skipping Lnet/minecraft/world/item/SolidBucketItem;
[04:23:46] [main/DEBUG]: Skipping Lnet/minecraft/world/item/SnowballItem;
[04:23:46] [main/DEBUG]: Skipping Lnet/minecraft/world/item/SmithingTemplateItem;
[04:23:46] [main/DEBUG]: Skipping Lnet/minecraft/world/item/SimpleFoiledItem;
[04:23:46] [main/DEBUG]: Skipping Lnet/minecraft/world/item/SignItem;
[04:23:46] [main/DEBUG]: Skipping Lnet/minecraft/world/item/SignApplicator;
[04:23:46] [main/DEBUG]: Skipping Lnet/minecraft/world/item/ServerItemCooldowns;
[04:23:46] [main/DEBUG]: Skipping Lnet/minecraft/world/item/ScaffoldingBlockItem;
[04:23:46] [main/DEBUG]: Skipping Lnet/minecraft/world/item/SaddleItem;
[04:23:46] [main/DEBUG]: Skipping Lnet/minecraft/world/item/ProjectileWeaponItem;
[04:23:46] [main/DEBUG]: Skipping Lnet/minecraft/world/item/PotionItem;
[04:23:46] [main/DEBUG]: Skipping Lnet/minecraft/world/item/PlayerHeadItem;
[04:23:46] [main/DEBUG]: Skipping Lnet/minecraft/world/item/PlaceOnWaterBlockItem;
[04:23:46] [main/DEBUG]: Skipping Lnet/minecraft/world/item/NameTagItem;
[04:23:46] [main/DEBUG]: Skipping Lnet/minecraft/world/item/LingeringPotionItem;
[04:23:46] [main/DEBUG]: Skipping Lnet/minecraft/world/item/LeadItem;
[04:23:46] [main/DEBUG]: Skipping Lnet/minecraft/world/item/KnowledgeBookItem;
[04:23:46] [main/DEBUG]: Skipping Lnet/minecraft/world/item/ItemUtils;
[04:23:46] [main/DEBUG]: Transforming class Lnet/minecraft/world/item/ItemStackLinkedSet;
[04:23:46] [main/DEBUG]: Transforming net/minecraft/world/item/ItemStackLinkedSet FIELD f_260558_ to access PUBLIC and LEAVE
[04:23:46] [main/DEBUG]: Skipping Lnet/minecraft/world/item/ItemStackLinkedSet$1;
[04:23:46] [main/DEBUG]: Skipping Lnet/minecraft/world/item/ItemNameBlockItem;
[04:23:46] [main/DEBUG]: Skipping Lnet/minecraft/world/item/ItemFrameItem;
[04:23:46] [main/DEBUG]: Skipping Lnet/minecraft/world/item/ItemCooldowns;
[04:23:46] [main/DEBUG]: Skipping Lnet/minecraft/world/item/ItemCooldowns$CooldownInstance;
[04:23:46] [main/DEBUG]: Skipping Lnet/minecraft/world/item/Instruments;
[04:23:46] [main/DEBUG]: Skipping Lnet/minecraft/world/item/InstrumentItem;
[04:23:46] [main/DEBUG]: Skipping Lnet/minecraft/world/item/Instrument;
[04:23:46] [main/DEBUG]: Skipping Lnet/minecraft/world/item/InkSacItem;
[04:23:46] [main/DEBUG]: Skipping Lnet/minecraft/world/item/HoneycombItem;
[04:23:46] [main/DEBUG]: Skipping Lnet/minecraft/world/item/HoneyBottleItem;
[04:23:46] [main/DEBUG]: Skipping Lnet/minecraft/world/item/HangingSignItem;
[04:23:46] [main/DEBUG]: Skipping Lnet/minecraft/world/item/HangingEntityItem;
[04:23:46] [main/DEBUG]: Skipping Lnet/minecraft/world/item/GlowInkSacItem;
[04:23:46] [main/DEBUG]: Skipping Lnet/minecraft/world/item/GameMasterBlockItem;
[04:23:46] [main/DEBUG]: Skipping Lnet/minecraft/world/item/FoodOnAStickItem;
[04:23:46] [main/DEBUG]: Skipping Lnet/minecraft/world/item/FlintAndSteelItem;
[04:23:46] [main/DEBUG]: Skipping Lnet/minecraft/world/item/FireChargeItem;
[04:23:46] [main/DEBUG]: Skipping Lnet/minecraft/world/item/ExperienceBottleItem;
[04:23:46] [main/DEBUG]: Skipping Lnet/minecraft/world/item/Equipable;
[04:23:46] [main/DEBUG]: Skipping Lnet/minecraft/world/item/EnderpearlItem;
[04:23:46] [main/DEBUG]: Skipping Lnet/minecraft/world/item/EnderEyeItem;
[04:23:46] [main/DEBUG]: Skipping Lnet/minecraft/world/item/EndCrystalItem;
[04:23:46] [main/DEBUG]: Skipping Lnet/minecraft/world/item/EnchantedGoldenAppleItem;
[04:23:46] [main/DEBUG]: Skipping Lnet/minecraft/world/item/EnchantedBookItem;
[04:23:46] [main/DEBUG]: Skipping Lnet/minecraft/world/item/EmptyMapItem;
[04:23:46] [main/DEBUG]: Skipping Lnet/minecraft/world/item/EggItem;
[04:23:46] [main/DEBUG]: Skipping Lnet/minecraft/world/item/DyeableLeatherItem;
[04:23:46] [main/DEBUG]: Skipping Lnet/minecraft/world/item/DyeableArmorItem;
[04:23:46] [main/DEBUG]: Skipping Lnet/minecraft/world/item/DyeItem;
[04:23:46] [main/DEBUG]: Skipping Lnet/minecraft/world/item/DoubleHighBlockItem;
[04:23:46] [main/DEBUG]: Skipping Lnet/minecraft/world/item/DiscFragmentItem;
[04:23:46] [main/DEBUG]: Skipping Lnet/minecraft/world/item/DebugStickItem;
[04:23:46] [main/DEBUG]: Skipping Lnet/minecraft/world/item/ComplexItem;
[04:23:46] [main/DEBUG]: Skipping Lnet/minecraft/world/item/CompassItem;
[04:23:46] [main/DEBUG]: Skipping Lnet/minecraft/world/item/BrushItem;
[04:23:46] [main/DEBUG]: Skipping Lnet/minecraft/world/item/BrushItem$DustParticlesDelta;
[04:23:46] [main/DEBUG]: Skipping Lnet/minecraft/world/item/BrushItem$1;
[04:23:46] [main/DEBUG]: Skipping Lnet/minecraft/world/item/BowlFoodItem;
[04:23:46] [main/DEBUG]: Skipping Lnet/minecraft/world/item/BottleItem;
[04:23:46] [main/DEBUG]: Skipping Lnet/minecraft/world/item/BookItem;
[04:23:46] [main/DEBUG]: Skipping Lnet/minecraft/world/item/BoatItem;
[04:23:46] [main/DEBUG]: Skipping Lnet/minecraft/world/item/BedItem;
[04:23:46] [main/DEBUG]: Skipping Lnet/minecraft/world/item/BannerPatternItem;
[04:23:46] [main/DEBUG]: Skipping Lnet/minecraft/world/item/ArmorStandItem;
[04:23:46] [main/DEBUG]: Skipping Lnet/minecraft/world/item/ArmorMaterials;
[04:23:46] [main/DEBUG]: Skipping Lnet/minecraft/world/item/ArmorMaterial;
[04:23:46] [main/DEBUG]: Skipping Lnet/minecraft/world/item/AirItem;
[04:23:46] [main/DEBUG]: Skipping Lnet/minecraft/world/item/AdventureModeCheck;
[04:23:46] [main/DEBUG]: Skipping Lnet/minecraft/world/item/Items$1;
[04:23:46] [main/DEBUG]: Skipping Lnet/minecraft/world/item/UseAnim;
[04:23:46] [main/DEBUG]: Skipping Lnet/minecraft/world/item/Tiers;
[04:23:46] [main/DEBUG]: Skipping Lnet/minecraft/world/item/Tier;
[04:23:46] [main/DEBUG]: Skipping Lnet/minecraft/world/item/SwordItem;
[04:23:46] [main/DEBUG]: Skipping Lnet/minecraft/world/item/StandingAndWallBlockItem;
[04:23:46] [main/DEBUG]: Skipping Lnet/minecraft/world/item/SpawnEggItem;
[04:23:46] [main/DEBUG]: Skipping Lnet/minecraft/world/item/ShovelItem;
[04:23:46] [main/DEBUG]: Skipping Lnet/minecraft/world/item/ShieldItem;
[04:23:46] [main/DEBUG]: Skipping Lnet/minecraft/world/item/ShearsItem;
[04:23:46] [main/DEBUG]: Transforming class Lnet/minecraft/world/item/RecordItem;
[04:23:46] [main/DEBUG]: Transforming net/minecraft/world/item/RecordItem METHOD <init>(ILnet/minecraft/sounds/SoundEvent;Lnet/minecraft/world/item/Item$Properties;I)V to access PUBLIC and LEAVE
[04:23:46] [main/DEBUG]: Skipping Lnet/minecraft/world/item/Rarity;
[04:23:46] [main/DEBUG]: Transforming class Lnet/minecraft/world/item/PickaxeItem;
[04:23:46] [main/DEBUG]: Transforming net/minecraft/world/item/PickaxeItem METHOD <init>(Lnet/minecraft/world/item/Tier;IFLnet/minecraft/world/item/Item$Properties;)V to access PUBLIC and LEAVE
[04:23:46] [main/DEBUG]: Skipping Lnet/minecraft/world/item/MobBucketItem;
[04:23:46] [main/DEBUG]: Skipping Lnet/minecraft/world/item/MinecartItem;
[04:23:46] [main/DEBUG]: Skipping Lnet/minecraft/world/item/MinecartItem$1;
[04:23:46] [main/DEBUG]: Skipping Lnet/minecraft/world/item/MilkBucketItem;
[04:23:46] [main/DEBUG]: Skipping Lnet/minecraft/world/item/MapItem;
[04:23:46] [main/DEBUG]: Skipping Lnet/minecraft/world/item/Items;
[04:23:46] [main/DEBUG]: Skipping Lnet/minecraft/world/item/ItemStack;
[04:23:46] [main/DEBUG]: Skipping Lnet/minecraft/world/item/ItemStack$TooltipPart;
[04:23:46] [main/DEBUG]: Transforming class Lnet/minecraft/world/item/ItemDisplayContext;
[04:23:46] [main/DEBUG]: Transforming net/minecraft/world/item/ItemDisplayContext FIELD f_268735_ to access PRIVATE and REMOVEFINAL
[04:23:46] [main/DEBUG]: Skipping Lnet/minecraft/world/item/Item;
[04:23:46] [main/DEBUG]: Skipping Lnet/minecraft/world/item/Item$Properties;
[04:23:46] [main/DEBUG]: Skipping Lnet/minecraft/world/item/Item$1;
[04:23:46] [main/DEBUG]: Skipping Lnet/minecraft/world/item/HorseArmorItem;
[04:23:46] [main/DEBUG]: Transforming class Lnet/minecraft/world/item/HoeItem;
[04:23:46] [main/DEBUG]: Transforming net/minecraft/world/item/HoeItem METHOD <init>(Lnet/minecraft/world/item/Tier;IFLnet/minecraft/world/item/Item$Properties;)V to access PUBLIC and LEAVE
[04:23:46] [main/DEBUG]: Skipping Lnet/minecraft/world/item/FishingRodItem;
[04:23:46] [main/DEBUG]: Skipping Lnet/minecraft/world/item/FireworkStarItem;
[04:23:46] [main/DEBUG]: Skipping Lnet/minecraft/world/item/FireworkRocketItem;
[04:23:46] [main/DEBUG]: Skipping Lnet/minecraft/world/item/FireworkRocketItem$Shape;
[04:23:46] [main/DEBUG]: Skipping Lnet/minecraft/world/item/ElytraItem;
[04:23:46] [main/DEBUG]: Skipping Lnet/minecraft/world/item/DyeableHorseArmorItem;
[04:23:46] [main/DEBUG]: Skipping Lnet/minecraft/world/item/DyeColor;
[04:23:46] [main/DEBUG]: Skipping Lnet/minecraft/world/item/DispensibleContainerItem;
[04:23:46] [main/DEBUG]: Transforming class Lnet/minecraft/world/item/DiggerItem;
[04:23:46] [main/DEBUG]: Transforming net/minecraft/world/item/DiggerItem METHOD <init>(FFLnet/minecraft/world/item/Tier;Lnet/minecraft/tags/TagKey;Lnet/minecraft/world/item/Item$Properties;)V to access PUBLIC and LEAVE
[04:23:46] [main/DEBUG]: Skipping Lnet/minecraft/world/item/CrossbowItem;
[04:23:46] [main/DEBUG]: Transforming class Lnet/minecraft/world/item/CreativeModeTabs;
[04:23:46] [main/DEBUG]: Transforming net/minecraft/world/item/CreativeModeTabs FIELD f_256788_ to access PUBLIC and LEAVE
[04:23:46] [main/DEBUG]: Transforming net/minecraft/world/item/CreativeModeTabs FIELD f_256725_ to access PUBLIC and LEAVE
[04:23:46] [main/DEBUG]: Transforming net/minecraft/world/item/CreativeModeTabs FIELD f_256776_ to access PUBLIC and LEAVE
[04:23:46] [main/DEBUG]: Transforming net/minecraft/world/item/CreativeModeTabs FIELD f_256791_ to access PUBLIC and LEAVE
[04:23:46] [main/DEBUG]: Transforming net/minecraft/world/item/CreativeModeTabs FIELD f_257028_ to access PUBLIC and LEAVE
[04:23:46] [main/DEBUG]: Transforming net/minecraft/world/item/CreativeModeTabs FIELD f_256917_ to access PUBLIC and LEAVE
[04:23:46] [main/DEBUG]: Transforming net/minecraft/world/item/CreativeModeTabs FIELD f_256750_ to access PUBLIC and LEAVE
[04:23:46] [main/DEBUG]: Transforming net/minecraft/world/item/CreativeModeTabs FIELD f_256869_ to access PUBLIC and LEAVE
[04:23:46] [main/DEBUG]: Transforming net/minecraft/world/item/CreativeModeTabs FIELD f_256797_ to access PUBLIC and LEAVE
[04:23:46] [main/DEBUG]: Transforming net/minecraft/world/item/CreativeModeTabs FIELD f_256839_ to access PUBLIC and LEAVE
[04:23:46] [main/DEBUG]: Transforming net/minecraft/world/item/CreativeModeTabs FIELD f_256968_ to access PUBLIC and LEAVE
[04:23:46] [main/DEBUG]: Transforming net/minecraft/world/item/CreativeModeTabs FIELD f_256731_ to access PUBLIC and LEAVE
[04:23:46] [main/DEBUG]: Transforming net/minecraft/world/item/CreativeModeTabs FIELD f_256837_ to access PUBLIC and LEAVE
[04:23:46] [main/DEBUG]: Transforming net/minecraft/world/item/CreativeModeTabs FIELD f_257039_ to access PUBLIC and LEAVE
[04:23:46] [main/DEBUG]: Transforming class Lnet/minecraft/world/item/CreativeModeTab;
[04:23:46] [main/DEBUG]: Transforming net/minecraft/world/item/CreativeModeTab INNERCLASS Output to access PUBLIC and LEAVE
[04:23:46] [main/DEBUG]: Transforming net/minecraft/world/item/CreativeModeTab INNERCLASS TabVisibility to access PUBLIC and LEAVE
[04:23:46] [main/DEBUG]: Skipping Lnet/minecraft/world/item/CreativeModeTab$Type;
[04:23:46] [main/DEBUG]: Transforming class Lnet/minecraft/world/item/CreativeModeTab$TabVisibility;
[04:23:46] [main/DEBUG]: Transforming net/minecraft/world/item/CreativeModeTab$TabVisibility CLASS to access PUBLIC and LEAVE
[04:23:46] [main/DEBUG]: Skipping Lnet/minecraft/world/item/CreativeModeTab$Row;
[04:23:46] [main/DEBUG]: Transforming class Lnet/minecraft/world/item/CreativeModeTab$Output;
[04:23:46] [main/DEBUG]: Transforming net/minecraft/world/item/CreativeModeTab$Output CLASS to access PUBLIC and LEAVE
[04:23:46] [main/DEBUG]: Skipping Lnet/minecraft/world/item/CreativeModeTab$ItemDisplayParameters;
[04:23:46] [main/DEBUG]: Skipping Lnet/minecraft/world/item/CreativeModeTab$ItemDisplayBuilder;
[04:23:46] [main/DEBUG]: Skipping Lnet/minecraft/world/item/CreativeModeTab$DisplayItemsGenerator;
[04:23:46] [main/DEBUG]: Skipping Lnet/minecraft/world/item/CreativeModeTab$Builder;
[04:23:46] [main/DEBUG]: Skipping Lnet/minecraft/world/item/CreativeModeTab$1;
[04:23:46] [main/DEBUG]: Skipping Lnet/minecraft/world/item/ChorusFruitItem;
[04:23:46] [main/DEBUG]: Skipping Lnet/minecraft/world/item/BundleItem;
[04:23:46] [main/DEBUG]: Skipping Lnet/minecraft/world/item/BucketItem;
[04:23:46] [main/DEBUG]: Skipping Lnet/minecraft/world/item/BowItem;
[04:23:46] [main/DEBUG]: Skipping Lnet/minecraft/world/item/BoneMealItem;
[04:23:46] [main/DEBUG]: Skipping Lnet/minecraft/world/item/BlockItem;
[04:23:46] [main/DEBUG]: Skipping Lnet/minecraft/world/item/BannerItem;
[04:23:46] [main/DEBUG]: Transforming class Lnet/minecraft/world/item/AxeItem;
[04:23:46] [main/DEBUG]: Transforming net/minecraft/world/item/AxeItem METHOD <init>(Lnet/minecraft/world/item/Tier;FFLnet/minecraft/world/item/Item$Properties;)V to access PUBLIC and LEAVE
[04:23:46] [main/DEBUG]: Skipping Lnet/minecraft/world/item/ArrowItem;
[04:23:46] [main/DEBUG]: Skipping Lnet/minecraft/world/item/ArmorItem;
[04:23:46] [main/DEBUG]: Skipping Lnet/minecraft/world/item/ArmorItem$Type;
[04:23:46] [main/DEBUG]: Skipping Lnet/minecraft/world/item/ArmorItem$1;
[04:23:46] [main/DEBUG]: Skipping Lnet/minecraft/world/inventory/tooltip/package-info;
[04:23:46] [main/DEBUG]: Skipping Lnet/minecraft/world/inventory/tooltip/TooltipComponent;
[04:23:46] [main/DEBUG]: Skipping Lnet/minecraft/world/inventory/tooltip/BundleTooltip;
[04:23:46] [main/DEBUG]: Skipping Lnet/minecraft/world/inventory/package-info;
[04:23:46] [main/DEBUG]: Skipping Lnet/minecraft/world/inventory/TransientCraftingContainer;
[04:23:46] [main/DEBUG]: Skipping Lnet/minecraft/world/inventory/StonecutterMenu;
[04:23:46] [main/DEBUG]: Skipping Lnet/minecraft/world/inventory/StonecutterMenu$2;
[04:23:46] [main/DEBUG]: Skipping Lnet/minecraft/world/inventory/StonecutterMenu$1;
[04:23:46] [main/DEBUG]: Skipping Lnet/minecraft/world/inventory/StackedContentsCompatible;
[04:23:46] [main/DEBUG]: Skipping Lnet/minecraft/world/inventory/SmokerMenu;
[04:23:46] [main/DEBUG]: Skipping Lnet/minecraft/world/inventory/SmithingMenu;
[04:23:46] [main/DEBUG]: Skipping Lnet/minecraft/world/inventory/SimpleContainerData;
[04:23:46] [main/DEBUG]: Skipping Lnet/minecraft/world/inventory/ShulkerBoxSlot;
[04:23:46] [main/DEBUG]: Skipping Lnet/minecraft/world/inventory/ShulkerBoxMenu;
[04:23:46] [main/DEBUG]: Skipping Lnet/minecraft/world/inventory/ResultContainer;
[04:23:46] [main/DEBUG]: Skipping Lnet/minecraft/world/inventory/RecipeCraftingHolder;
[04:23:46] [main/DEBUG]: Skipping Lnet/minecraft/world/inventory/PlayerEnderChestContainer;
[04:23:46] [main/DEBUG]: Skipping Lnet/minecraft/world/inventory/NonInteractiveResultSlot;
[04:23:46] [main/DEBUG]: Skipping Lnet/minecraft/world/inventory/MerchantResultSlot;
[04:23:46] [main/DEBUG]: Skipping Lnet/minecraft/world/inventory/MerchantMenu;
[04:23:46] [main/DEBUG]: Skipping Lnet/minecraft/world/inventory/MerchantContainer;
[04:23:46] [main/DEBUG]: Skipping Lnet/minecraft/world/inventory/MenuConstructor;
[04:23:46] [main/DEBUG]: Skipping Lnet/minecraft/world/inventory/LoomMenu;
[04:23:46] [main/DEBUG]: Skipping Lnet/minecraft/world/inventory/LoomMenu$6;
[04:23:46] [main/DEBUG]: Skipping Lnet/minecraft/world/inventory/LoomMenu$5;
[04:23:46] [main/DEBUG]: Skipping Lnet/minecraft/world/inventory/LoomMenu$4;
[04:23:46] [main/DEBUG]: Skipping Lnet/minecraft/world/inventory/LoomMenu$3;
[04:23:46] [main/DEBUG]: Skipping Lnet/minecraft/world/inventory/LoomMenu$2;
[04:23:46] [main/DEBUG]: Skipping Lnet/minecraft/world/inventory/LoomMenu$1;
[04:23:46] [main/DEBUG]: Skipping Lnet/minecraft/world/inventory/LecternMenu;
[04:23:46] [main/DEBUG]: Skipping Lnet/minecraft/world/inventory/LecternMenu$1;
[04:23:46] [main/DEBUG]: Skipping Lnet/minecraft/world/inventory/ItemCombinerMenuSlotDefinition;
[04:23:46] [main/DEBUG]: Skipping Lnet/minecraft/world/inventory/ItemCombinerMenuSlotDefinition$SlotDefinition;
[04:23:46] [main/DEBUG]: Skipping Lnet/minecraft/world/inventory/ItemCombinerMenuSlotDefinition$Builder;
[04:23:46] [main/DEBUG]: Skipping Lnet/minecraft/world/inventory/ItemCombinerMenu;
[04:23:46] [main/DEBUG]: Skipping Lnet/minecraft/world/inventory/ItemCombinerMenu$3;
[04:23:46] [main/DEBUG]: Skipping Lnet/minecraft/world/inventory/ItemCombinerMenu$2;
[04:23:46] [main/DEBUG]: Skipping Lnet/minecraft/world/inventory/ItemCombinerMenu$1;
[04:23:46] [main/DEBUG]: Skipping Lnet/minecraft/world/inventory/HorseInventoryMenu;
[04:23:46] [main/DEBUG]: Skipping Lnet/minecraft/world/inventory/HorseInventoryMenu$2;
[04:23:46] [main/DEBUG]: Skipping Lnet/minecraft/world/inventory/HorseInventoryMenu$1;
[04:23:46] [main/DEBUG]: Skipping Lnet/minecraft/world/inventory/HopperMenu;
[04:23:46] [main/DEBUG]: Skipping Lnet/minecraft/world/inventory/FurnaceMenu;
[04:23:46] [main/DEBUG]: Skipping Lnet/minecraft/world/inventory/FurnaceFuelSlot;
[04:23:46] [main/DEBUG]: Skipping Lnet/minecraft/world/inventory/DispenserMenu;
[04:23:46] [main/DEBUG]: Skipping Lnet/minecraft/world/inventory/DataSlot;
[04:23:46] [main/DEBUG]: Skipping Lnet/minecraft/world/inventory/DataSlot$3;
[04:23:46] [main/DEBUG]: Skipping Lnet/minecraft/world/inventory/DataSlot$2;
[04:23:46] [main/DEBUG]: Skipping Lnet/minecraft/world/inventory/DataSlot$1;
[04:23:46] [main/DEBUG]: Skipping Lnet/minecraft/world/inventory/CraftingMenu;
[04:23:46] [main/DEBUG]: Skipping Lnet/minecraft/world/inventory/CraftingContainer;
[04:23:46] [main/DEBUG]: Skipping Lnet/minecraft/world/inventory/CrafterSlot;
[04:23:46] [main/DEBUG]: Skipping Lnet/minecraft/world/inventory/CrafterMenu;
[04:23:46] [main/DEBUG]: Skipping Lnet/minecraft/world/inventory/ContainerSynchronizer;
[04:23:46] [main/DEBUG]: Skipping Lnet/minecraft/world/inventory/ContainerListener;
[04:23:46] [main/DEBUG]: Skipping Lnet/minecraft/world/inventory/ContainerLevelAccess;
[04:23:46] [main/DEBUG]: Skipping Lnet/minecraft/world/inventory/ContainerLevelAccess$2;
[04:23:46] [main/DEBUG]: Skipping Lnet/minecraft/world/inventory/ContainerLevelAccess$1;
[04:23:46] [main/DEBUG]: Skipping Lnet/minecraft/world/inventory/ContainerData;
[04:23:46] [main/DEBUG]: Skipping Lnet/minecraft/world/inventory/ClickType;
[04:23:46] [main/DEBUG]: Skipping Lnet/minecraft/world/inventory/ClickAction;
[04:23:46] [main/DEBUG]: Skipping Lnet/minecraft/world/inventory/ChestMenu;
[04:23:46] [main/DEBUG]: Skipping Lnet/minecraft/world/inventory/CartographyTableMenu;
[04:23:46] [main/DEBUG]: Skipping Lnet/minecraft/world/inventory/CartographyTableMenu$5;
[04:23:46] [main/DEBUG]: Skipping Lnet/minecraft/world/inventory/CartographyTableMenu$4;
[04:23:46] [main/DEBUG]: Skipping Lnet/minecraft/world/inventory/CartographyTableMenu$3;
[04:23:46] [main/DEBUG]: Skipping Lnet/minecraft/world/inventory/CartographyTableMenu$2;
[04:23:46] [main/DEBUG]: Skipping Lnet/minecraft/world/inventory/CartographyTableMenu$1;
[04:23:46] [main/DEBUG]: Skipping Lnet/minecraft/world/inventory/BlastFurnaceMenu;
[04:23:46] [main/DEBUG]: Skipping Lnet/minecraft/world/inventory/Slot;
[04:23:46] [main/DEBUG]: Skipping Lnet/minecraft/world/inventory/ResultSlot;
[04:23:46] [main/DEBUG]: Skipping Lnet/minecraft/world/inventory/RecipeBookType;
[04:23:46] [main/DEBUG]: Skipping Lnet/minecraft/world/inventory/RecipeBookMenu;
[04:23:46] [main/DEBUG]: Transforming class Lnet/minecraft/world/inventory/MenuType;
[04:23:46] [main/DEBUG]: Transforming net/minecraft/world/inventory/MenuType INNERCLASS MenuSupplier to access PUBLIC and LEAVE
[04:23:46] [main/DEBUG]: Transforming net/minecraft/world/inventory/MenuType METHOD <init>(Lnet/minecraft/world/inventory/MenuType$MenuSupplier;Lnet/minecraft/world/flag/FeatureFlagSet;)V to access PUBLIC and LEAVE
[04:23:46] [main/DEBUG]: Transforming class Lnet/minecraft/world/inventory/MenuType$MenuSupplier;
[04:23:46] [main/DEBUG]: Transforming net/minecraft/world/inventory/MenuType$MenuSupplier CLASS to access PUBLIC and LEAVE
[04:23:46] [main/DEBUG]: Skipping Lnet/minecraft/world/inventory/InventoryMenu;
[04:23:46] [main/DEBUG]: Skipping Lnet/minecraft/world/inventory/InventoryMenu$2;
[04:23:46] [main/DEBUG]: Skipping Lnet/minecraft/world/inventory/InventoryMenu$1;
[04:23:46] [main/DEBUG]: Skipping Lnet/minecraft/world/inventory/GrindstoneMenu;
[04:23:46] [main/DEBUG]: Skipping Lnet/minecraft/world/inventory/GrindstoneMenu$4;
[04:23:46] [main/DEBUG]: Skipping Lnet/minecraft/world/inventory/GrindstoneMenu$3;
[04:23:46] [main/DEBUG]: Skipping Lnet/minecraft/world/inventory/GrindstoneMenu$2;
[04:23:46] [main/DEBUG]: Skipping Lnet/minecraft/world/inventory/GrindstoneMenu$1;
[04:23:46] [main/DEBUG]: Skipping Lnet/minecraft/world/inventory/FurnaceResultSlot;
[04:23:46] [main/DEBUG]: Skipping Lnet/minecraft/world/inventory/EnchantmentMenu;
[04:23:46] [main/DEBUG]: Skipping Lnet/minecraft/world/inventory/EnchantmentMenu$3;
[04:23:46] [main/DEBUG]: Skipping Lnet/minecraft/world/inventory/EnchantmentMenu$2;
[04:23:46] [main/DEBUG]: Skipping Lnet/minecraft/world/inventory/EnchantmentMenu$1;
[04:23:46] [main/DEBUG]: Skipping Lnet/minecraft/world/inventory/BrewingStandMenu;
[04:23:46] [main/DEBUG]: Skipping Lnet/minecraft/world/inventory/BrewingStandMenu$PotionSlot;
[04:23:46] [main/DEBUG]: Skipping Lnet/minecraft/world/inventory/BrewingStandMenu$IngredientsSlot;
[04:23:46] [main/DEBUG]: Skipping Lnet/minecraft/world/inventory/BrewingStandMenu$FuelSlot;
[04:23:46] [main/DEBUG]: Skipping Lnet/minecraft/world/inventory/BeaconMenu;
[04:23:46] [main/DEBUG]: Skipping Lnet/minecraft/world/inventory/BeaconMenu$PaymentSlot;
[04:23:46] [main/DEBUG]: Skipping Lnet/minecraft/world/inventory/BeaconMenu$1;
[04:23:46] [main/DEBUG]: Transforming class Lnet/minecraft/world/inventory/AnvilMenu;
[04:23:46] [main/DEBUG]: Transforming net/minecraft/world/inventory/AnvilMenu FIELD f_39000_ to access PUBLIC and LEAVE
[04:23:46] [main/DEBUG]: Skipping Lnet/minecraft/world/inventory/AnvilMenu$1;
[04:23:46] [main/DEBUG]: Skipping Lnet/minecraft/world/inventory/AbstractFurnaceMenu;
[04:23:46] [main/DEBUG]: Skipping Lnet/minecraft/world/inventory/AbstractContainerMenu;
[04:23:46] [main/DEBUG]: Skipping Lnet/minecraft/world/inventory/AbstractContainerMenu$1;
[04:23:46] [main/DEBUG]: Skipping Lnet/minecraft/world/food/package-info;
[04:23:46] [main/DEBUG]: Skipping Lnet/minecraft/world/food/Foods;
[04:23:46] [main/DEBUG]: Skipping Lnet/minecraft/world/food/FoodConstants;
[04:23:46] [main/DEBUG]: Skipping Lnet/minecraft/world/food/FoodProperties;
[04:23:46] [main/DEBUG]: Skipping Lnet/minecraft/world/food/FoodProperties$Builder;
[04:23:46] [main/DEBUG]: Skipping Lnet/minecraft/world/food/FoodData;
[04:23:46] [main/DEBUG]: Skipping Lnet/minecraft/world/flag/package-info;
[04:23:46] [main/DEBUG]: Skipping Lnet/minecraft/world/flag/FeatureFlags;
[04:23:46] [main/DEBUG]: Skipping Lnet/minecraft/world/flag/FeatureFlagUniverse;
[04:23:46] [main/DEBUG]: Skipping Lnet/minecraft/world/flag/FeatureFlagSet;
[04:23:46] [main/DEBUG]: Skipping Lnet/minecraft/world/flag/FeatureFlagRegistry;
[04:23:46] [main/DEBUG]: Skipping Lnet/minecraft/world/flag/FeatureFlagRegistry$Builder;
[04:23:46] [main/DEBUG]: Skipping Lnet/minecraft/world/flag/FeatureFlag;
[04:23:46] [main/DEBUG]: Skipping Lnet/minecraft/world/flag/FeatureElement;
[04:23:46] [main/DEBUG]: Skipping Lnet/minecraft/world/entity/vehicle/package-info;
[04:23:46] [main/DEBUG]: Skipping Lnet/minecraft/world/entity/vehicle/VehicleEntity;
[04:23:46] [main/DEBUG]: Skipping Lnet/minecraft/world/entity/vehicle/MinecartTNT;
[04:23:46] [main/DEBUG]: Skipping Lnet/minecraft/world/entity/vehicle/MinecartHopper;
[04:23:46] [main/DEBUG]: Skipping Lnet/minecraft/world/entity/vehicle/MinecartChest;
[04:23:46] [main/DEBUG]: Skipping Lnet/minecraft/world/entity/vehicle/DismountHelper;
[04:23:46] [main/DEBUG]: Skipping Lnet/minecraft/world/entity/vehicle/MinecartSpawner;
[04:23:46] [main/DEBUG]: Skipping Lnet/minecraft/world/entity/vehicle/MinecartSpawner$1;
[04:23:46] [main/DEBUG]: Skipping Lnet/minecraft/world/entity/vehicle/MinecartFurnace;
[04:23:46] [main/DEBUG]: Skipping Lnet/minecraft/world/entity/vehicle/MinecartCommandBlock;
[04:23:46] [main/DEBUG]: Skipping Lnet/minecraft/world/entity/vehicle/MinecartCommandBlock$MinecartCommandBase;
[04:23:46] [main/DEBUG]: Skipping Lnet/minecraft/world/entity/vehicle/Minecart;
[04:23:46] [main/DEBUG]: Skipping Lnet/minecraft/world/entity/vehicle/ContainerEntity;
[04:23:46] [main/DEBUG]: Skipping Lnet/minecraft/world/entity/vehicle/ContainerEntity$1;
[04:23:46] [main/DEBUG]: Skipping Lnet/minecraft/world/entity/vehicle/ChestBoat;
[04:23:46] [main/DEBUG]: Skipping Lnet/minecraft/world/entity/vehicle/ChestBoat$1;
[04:23:46] [main/DEBUG]: Skipping Lnet/minecraft/world/entity/vehicle/Boat;
[04:23:46] [main/DEBUG]: Skipping Lnet/minecraft/world/entity/vehicle/Boat$Type;
[04:23:46] [main/DEBUG]: Skipping Lnet/minecraft/world/entity/vehicle/Boat$Status;
[04:23:46] [main/DEBUG]: Skipping Lnet/minecraft/world/entity/vehicle/Boat$1;
[04:23:46] [main/DEBUG]: Skipping Lnet/minecraft/world/entity/vehicle/AbstractMinecartContainer;
[04:23:46] [main/DEBUG]: Skipping Lnet/minecraft/world/entity/vehicle/AbstractMinecart;
[04:23:46] [main/DEBUG]: Skipping Lnet/minecraft/world/entity/vehicle/AbstractMinecart$Type;
[04:23:46] [main/DEBUG]: Skipping Lnet/minecraft/world/entity/vehicle/AbstractMinecart$1;
[04:23:46] [main/DEBUG]: Skipping Lnet/minecraft/world/entity/schedule/package-info;
[04:23:46] [main/DEBUG]: Skipping Lnet/minecraft/world/entity/schedule/Timeline;
[04:23:46] [main/DEBUG]: Skipping Lnet/minecraft/world/entity/schedule/ScheduleBuilder;
[04:23:46] [main/DEBUG]: Skipping Lnet/minecraft/world/entity/schedule/ScheduleBuilder$ActivityTransition;
[04:23:46] [main/DEBUG]: Skipping Lnet/minecraft/world/entity/schedule/Schedule;
[04:23:46] [main/DEBUG]: Skipping Lnet/minecraft/world/entity/schedule/Keyframe;
[04:23:46] [main/DEBUG]: Transforming class Lnet/minecraft/world/entity/schedule/Activity;
[04:23:46] [main/DEBUG]: Transforming net/minecraft/world/entity/schedule/Activity METHOD <init>(Ljava/lang/String;)V to access PUBLIC and LEAVE
[04:23:46] [main/DEBUG]: Skipping Lnet/minecraft/world/entity/raid/package-info;
[04:23:46] [main/DEBUG]: Skipping Lnet/minecraft/world/entity/raid/Raids;
[04:23:46] [main/DEBUG]: Skipping Lnet/minecraft/world/entity/raid/Raider;
[04:23:46] [main/DEBUG]: Skipping Lnet/minecraft/world/entity/raid/Raider$RaiderMoveThroughVillageGoal;
[04:23:46] [main/DEBUG]: Skipping Lnet/minecraft/world/entity/raid/Raider$RaiderCelebration;
[04:23:46] [main/DEBUG]: Skipping Lnet/minecraft/world/entity/raid/Raider$ObtainRaidLeaderBannerGoal;
[04:23:46] [main/DEBUG]: Skipping Lnet/minecraft/world/entity/raid/Raider$HoldGroundAttackGoal;
[04:23:46] [main/DEBUG]: Skipping Lnet/minecraft/world/entity/raid/Raid;
[04:23:46] [main/DEBUG]: Transforming class Lnet/minecraft/world/entity/raid/Raid$RaiderType;
[04:23:46] [main/DEBUG]: Transforming net/minecraft/world/entity/raid/Raid$RaiderType FIELD f_37813_ to access PRIVATE and REMOVEFINAL
[04:23:46] [main/DEBUG]: Skipping Lnet/minecraft/world/entity/raid/Raid$RaidStatus;
[04:23:46] [main/DEBUG]: Skipping Lnet/minecraft/world/entity/raid/Raid$1;
[04:23:46] [main/DEBUG]: Skipping Lnet/minecraft/world/entity/projectile/package-info;
[04:23:46] [main/DEBUG]: Skipping Lnet/minecraft/world/entity/projectile/WindCharge;
[04:23:46] [main/DEBUG]: Skipping Lnet/minecraft/world/entity/projectile/WindCharge$WindChargeExplosionDamageCalculator;
[04:23:46] [main/DEBUG]: Skipping Lnet/minecraft/world/entity/projectile/ThrownTrident;
[04:23:46] [main/DEBUG]: Skipping Lnet/minecraft/world/entity/projectile/ThrownPotion;
[04:23:46] [main/DEBUG]: Skipping Lnet/minecraft/world/entity/projectile/ThrownExperienceBottle;
[04:23:46] [main/DEBUG]: Skipping Lnet/minecraft/world/entity/projectile/ThrownEgg;
[04:23:46] [main/DEBUG]: Skipping Lnet/minecraft/world/entity/projectile/ThrowableItemProjectile;
[04:23:46] [main/DEBUG]: Skipping Lnet/minecraft/world/entity/projectile/SpectralArrow;
[04:23:46] [main/DEBUG]: Skipping Lnet/minecraft/world/entity/projectile/Snowball;
[04:23:46] [main/DEBUG]: Skipping Lnet/minecraft/world/entity/projectile/ItemSupplier;
[04:23:46] [main/DEBUG]: Skipping Lnet/minecraft/world/entity/projectile/Fireball;
[04:23:46] [main/DEBUG]: Skipping Lnet/minecraft/world/entity/projectile/EyeOfEnder;
[04:23:46] [main/DEBUG]: Skipping Lnet/minecraft/world/entity/projectile/EvokerFangs;
[04:23:46] [main/DEBUG]: Skipping Lnet/minecraft/world/entity/projectile/DragonFireball;
[04:23:46] [main/DEBUG]: Skipping Lnet/minecraft/world/entity/projectile/Arrow;
[04:23:46] [main/DEBUG]: Skipping Lnet/minecraft/world/entity/projectile/WitherSkull;
[04:23:46] [main/DEBUG]: Skipping Lnet/minecraft/world/entity/projectile/ThrownEnderpearl;
[04:23:46] [main/DEBUG]: Skipping Lnet/minecraft/world/entity/projectile/ThrowableProjectile;
[04:23:46] [main/DEBUG]: Skipping Lnet/minecraft/world/entity/projectile/SmallFireball;
[04:23:46] [main/DEBUG]: Skipping Lnet/minecraft/world/entity/projectile/ShulkerBullet;
[04:23:46] [main/DEBUG]: Skipping Lnet/minecraft/world/entity/projectile/ProjectileUtil;
[04:23:46] [main/DEBUG]: Transforming class Lnet/minecraft/world/entity/projectile/Projectile;
[04:23:46] [main/DEBUG]: Transforming net/minecraft/world/entity/projectile/Projectile METHOD <init>(Lnet/minecraft/world/entity/EntityType;Lnet/minecraft/world/level/Level;)V to access PROTECTED and LEAVE
[04:23:46] [main/DEBUG]: Skipping Lnet/minecraft/world/entity/projectile/LlamaSpit;
[04:23:46] [main/DEBUG]: Skipping Lnet/minecraft/world/entity/projectile/LargeFireball;
[04:23:46] [main/DEBUG]: Skipping Lnet/minecraft/world/entity/projectile/FishingHook;
[04:23:46] [main/DEBUG]: Skipping Lnet/minecraft/world/entity/projectile/FishingHook$OpenWaterType;
[04:23:46] [main/DEBUG]: Skipping Lnet/minecraft/world/entity/projectile/FishingHook$FishHookState;
[04:23:46] [main/DEBUG]: Skipping Lnet/minecraft/world/entity/projectile/FishingHook$1;
[04:23:46] [main/DEBUG]: Skipping Lnet/minecraft/world/entity/projectile/FireworkRocketEntity;
[04:23:46] [main/DEBUG]: Skipping Lnet/minecraft/world/entity/projectile/AbstractHurtingProjectile;
[04:23:46] [main/DEBUG]: Skipping Lnet/minecraft/world/entity/projectile/AbstractArrow;
[04:23:46] [main/DEBUG]: Skipping Lnet/minecraft/world/entity/projectile/AbstractArrow$Pickup;
[04:23:46] [main/DEBUG]: Skipping Lnet/minecraft/world/entity/projectile/AbstractArrow$1;
[04:23:46] [main/DEBUG]: Skipping Lnet/minecraft/world/entity/player/package-info;
[04:23:46] [main/DEBUG]: Skipping Lnet/minecraft/world/entity/player/StackedContents;
[04:23:46] [main/DEBUG]: Skipping Lnet/minecraft/world/entity/player/StackedContents$RecipePicker;
[04:23:46] [main/DEBUG]: Skipping Lnet/minecraft/world/entity/player/ProfilePublicKey;
[04:23:46] [main/DEBUG]: Skipping Lnet/minecraft/world/entity/player/ProfilePublicKey$ValidationException;
[04:23:46] [main/DEBUG]: Skipping Lnet/minecraft/world/entity/player/ProfilePublicKey$Data;
[04:23:46] [main/DEBUG]: Skipping Lnet/minecraft/world/entity/player/ProfileKeyPair;
[04:23:46] [main/DEBUG]: Skipping Lnet/minecraft/world/entity/player/PlayerModelPart;
[04:23:46] [main/DEBUG]: Skipping Lnet/minecraft/world/entity/player/ChatVisiblity;
[04:23:46] [main/DEBUG]: Skipping Lnet/minecraft/world/entity/player/Abilities;
[04:23:46] [main/DEBUG]: Transforming class Lnet/minecraft/world/entity/player/Player;
[04:23:46] [main/DEBUG]: Transforming net/minecraft/world/entity/player/Player METHOD m_6915_()V to access PUBLIC and LEAVE
[04:23:46] [main/DEBUG]: Skipping Lnet/minecraft/world/entity/player/Player$BedSleepingProblem;
[04:23:46] [main/DEBUG]: Skipping Lnet/minecraft/world/entity/player/Player$1;
[04:23:46] [main/DEBUG]: Skipping Lnet/minecraft/world/entity/player/Inventory;
[04:23:46] [main/DEBUG]: Skipping Lnet/minecraft/world/entity/package-info;
[04:23:46] [main/DEBUG]: Skipping Lnet/minecraft/world/entity/npc/package-info;
[04:23:46] [main/DEBUG]: Skipping Lnet/minecraft/world/entity/npc/WanderingTraderSpawner;
[04:23:46] [main/DEBUG]: Skipping Lnet/minecraft/world/entity/npc/WanderingTrader;
[04:23:46] [main/DEBUG]: Skipping Lnet/minecraft/world/entity/npc/WanderingTrader$WanderToPositionGoal;
[04:23:46] [main/DEBUG]: Skipping Lnet/minecraft/world/entity/npc/VillagerProfession;
[04:23:46] [main/DEBUG]: Skipping Lnet/minecraft/world/entity/npc/VillagerDataHolder;
[04:23:46] [main/DEBUG]: Skipping Lnet/minecraft/world/entity/npc/VillagerData;
[04:23:46] [main/DEBUG]: Skipping Lnet/minecraft/world/entity/npc/Npc;
[04:23:46] [main/DEBUG]: Skipping Lnet/minecraft/world/entity/npc/InventoryCarrier;
[04:23:46] [main/DEBUG]: Skipping Lnet/minecraft/world/entity/npc/ClientSideMerchant;
[04:23:46] [main/DEBUG]: Transforming class Lnet/minecraft/world/entity/npc/VillagerType;
[04:23:46] [main/DEBUG]: Transforming net/minecraft/world/entity/npc/VillagerType METHOD <init>(Ljava/lang/String;)V to access PUBLIC and LEAVE
[04:23:46] [main/DEBUG]: Skipping Lnet/minecraft/world/entity/npc/VillagerTrades;
[04:23:46] [main/DEBUG]: Skipping Lnet/minecraft/world/entity/npc/VillagerTrades$TypeSpecificTrade;
[04:23:46] [main/DEBUG]: Skipping Lnet/minecraft/world/entity/npc/VillagerTrades$TreasureMapForEmeralds;
[04:23:46] [main/DEBUG]: Skipping Lnet/minecraft/world/entity/npc/VillagerTrades$TippedArrowForItemsAndEmeralds;
[04:23:46] [main/DEBUG]: Skipping Lnet/minecraft/world/entity/npc/VillagerTrades$SuspiciousStewForEmerald;
[04:23:46] [main/DEBUG]: Skipping Lnet/minecraft/world/entity/npc/VillagerTrades$ItemsForEmeralds;
[04:23:46] [main/DEBUG]: Skipping Lnet/minecraft/world/entity/npc/VillagerTrades$ItemsAndEmeraldsToItems;
[04:23:46] [main/DEBUG]: Skipping Lnet/minecraft/world/entity/npc/VillagerTrades$ItemListing;
[04:23:46] [main/DEBUG]: Skipping Lnet/minecraft/world/entity/npc/VillagerTrades$FailureItemListing;
[04:23:46] [main/DEBUG]: Skipping Lnet/minecraft/world/entity/npc/VillagerTrades$EnchantedItemForEmeralds;
[04:23:46] [main/DEBUG]: Skipping Lnet/minecraft/world/entity/npc/VillagerTrades$EnchantBookForEmeralds;
[04:23:46] [main/DEBUG]: Skipping Lnet/minecraft/world/entity/npc/VillagerTrades$EmeraldsForVillagerTypeItem;
[04:23:46] [main/DEBUG]: Skipping Lnet/minecraft/world/entity/npc/VillagerTrades$EmeraldForItems;
[04:23:46] [main/DEBUG]: Skipping Lnet/minecraft/world/entity/npc/VillagerTrades$DyedArmorForEmeralds;
[04:23:46] [main/DEBUG]: Skipping Lnet/minecraft/world/entity/npc/Villager;
[04:23:46] [main/DEBUG]: Skipping Lnet/minecraft/world/entity/npc/CatSpawner;
[04:23:46] [main/DEBUG]: Skipping Lnet/minecraft/world/entity/npc/AbstractVillager;
[04:23:46] [main/DEBUG]: Skipping Lnet/minecraft/world/entity/monster/warden/package-info;
[04:23:46] [main/DEBUG]: Skipping Lnet/minecraft/world/entity/monster/warden/WardenSpawnTracker;
[04:23:46] [main/DEBUG]: Skipping Lnet/minecraft/world/entity/monster/warden/WardenAi;
[04:23:46] [main/DEBUG]: Skipping Lnet/minecraft/world/entity/monster/warden/Warden;
[04:23:46] [main/DEBUG]: Skipping Lnet/minecraft/world/entity/monster/warden/Warden$VibrationUser;
[04:23:46] [main/DEBUG]: Skipping Lnet/minecraft/world/entity/monster/warden/Warden$2;
[04:23:46] [main/DEBUG]: Skipping Lnet/minecraft/world/entity/monster/warden/Warden$1;
[04:23:46] [main/DEBUG]: Skipping Lnet/minecraft/world/entity/monster/warden/Warden$1$1;
[04:23:46] [main/DEBUG]: Skipping Lnet/minecraft/world/entity/monster/warden/AngerManagement;
[04:23:46] [main/DEBUG]: Skipping Lnet/minecraft/world/entity/monster/warden/AngerManagement$Sorter;
[04:23:46] [main/DEBUG]: Skipping Lnet/minecraft/world/entity/monster/warden/AngerManagement$1;
[04:23:46] [main/DEBUG]: Skipping Lnet/minecraft/world/entity/monster/warden/AngerLevel;
[04:23:46] [main/DEBUG]: Skipping Lnet/minecraft/world/entity/monster/piglin/package-info;
[04:23:46] [main/DEBUG]: Skipping Lnet/minecraft/world/entity/monster/piglin/StopAdmiringIfTiredOfTryingToReachItem;
[04:23:46] [main/DEBUG]: Skipping Lnet/minecraft/world/entity/monster/piglin/StopAdmiringIfItemTooFarAway;
[04:23:46] [main/DEBUG]: Skipping Lnet/minecraft/world/entity/monster/piglin/StartHuntingHoglin;
[04:23:46] [main/DEBUG]: Skipping Lnet/minecraft/world/entity/monster/piglin/StartAdmiringItemIfSeen;
[04:23:46] [main/DEBUG]: Skipping Lnet/minecraft/world/entity/monster/piglin/RememberIfHoglinWasKilled;
[04:23:46] [main/DEBUG]: Skipping Lnet/minecraft/world/entity/monster/piglin/PiglinBruteAi;
[04:23:46] [main/DEBUG]: Skipping Lnet/minecraft/world/entity/monster/piglin/PiglinBrute;
[04:23:46] [main/DEBUG]: Skipping Lnet/minecraft/world/entity/monster/piglin/PiglinArmPose;
[04:23:46] [main/DEBUG]: Skipping Lnet/minecraft/world/entity/monster/piglin/StopHoldingItemIfNoLongerAdmiring;
[04:23:46] [main/DEBUG]: Skipping Lnet/minecraft/world/entity/monster/piglin/PiglinAi;
[04:23:46] [main/DEBUG]: Skipping Lnet/minecraft/world/entity/monster/piglin/Piglin;
[04:23:46] [main/DEBUG]: Skipping Lnet/minecraft/world/entity/monster/piglin/AbstractPiglin;
[04:23:46] [main/DEBUG]: Skipping Lnet/minecraft/world/entity/monster/package-info;
[04:23:46] [main/DEBUG]: Skipping Lnet/minecraft/world/entity/monster/hoglin/package-info;
[04:23:46] [main/DEBUG]: Skipping Lnet/minecraft/world/entity/monster/hoglin/HoglinBase;
[04:23:46] [main/DEBUG]: Skipping Lnet/minecraft/world/entity/monster/hoglin/HoglinAi;
[04:23:46] [main/DEBUG]: Skipping Lnet/minecraft/world/entity/monster/hoglin/Hoglin;
[04:23:46] [main/DEBUG]: Skipping Lnet/minecraft/world/entity/monster/breeze/package-info;
[04:23:46] [main/DEBUG]: Skipping Lnet/minecraft/world/entity/monster/breeze/Slide;
[04:23:46] [main/DEBUG]: Skipping Lnet/minecraft/world/entity/monster/breeze/ShootWhenStuck;
[04:23:46] [main/DEBUG]: Skipping Lnet/minecraft/world/entity/monster/breeze/Shoot;
[04:23:46] [main/DEBUG]: Skipping Lnet/minecraft/world/entity/monster/breeze/LongJump;
[04:23:46] [main/DEBUG]: Skipping Lnet/minecraft/world/entity/monster/breeze/BreezeAi;
[04:23:46] [main/DEBUG]: Skipping Lnet/minecraft/world/entity/monster/breeze/BreezeAi$SlideToTargetSink;
[04:23:46] [main/DEBUG]: Skipping Lnet/minecraft/world/entity/monster/breeze/Breeze;
[04:23:46] [main/DEBUG]: Skipping Lnet/minecraft/world/entity/monster/breeze/Breeze$1;
[04:23:46] [main/DEBUG]: Skipping Lnet/minecraft/world/entity/monster/ZombifiedPiglin;
[04:23:46] [main/DEBUG]: Skipping Lnet/minecraft/world/entity/monster/Zoglin;
[04:23:46] [main/DEBUG]: Transforming class Lnet/minecraft/world/entity/monster/WitherSkeleton;
[04:23:46] [main/DEBUG]: Transforming net/minecraft/world/entity/monster/WitherSkeleton METHOD m_7878_()Lnet/minecraft/sounds/SoundEvent; to access PROTECTED and LEAVE
[04:23:46] [main/DEBUG]: Skipping Lnet/minecraft/world/entity/monster/Witch;
[04:23:46] [main/DEBUG]: Skipping Lnet/minecraft/world/entity/monster/Vindicator;
[04:23:46] [main/DEBUG]: Skipping Lnet/minecraft/world/entity/monster/Vindicator$VindicatorJohnnyAttackGoal;
[04:23:46] [main/DEBUG]: Skipping Lnet/minecraft/world/entity/monster/Vindicator$VindicatorBreakDoorGoal;
[04:23:46] [main/DEBUG]: Skipping Lnet/minecraft/world/entity/monster/Vex;
[04:23:46] [main/DEBUG]: Skipping Lnet/minecraft/world/entity/monster/Vex$VexRandomMoveGoal;
[04:23:46] [main/DEBUG]: Skipping Lnet/minecraft/world/entity/monster/Vex$VexMoveControl;
[04:23:46] [main/DEBUG]: Skipping Lnet/minecraft/world/entity/monster/Vex$VexCopyOwnerTargetGoal;
[04:23:46] [main/DEBUG]: Skipping Lnet/minecraft/world/entity/monster/Vex$VexChargeAttackGoal;
[04:23:46] [main/DEBUG]: Skipping Lnet/minecraft/world/entity/monster/Strider;
[04:23:46] [main/DEBUG]: Skipping Lnet/minecraft/world/entity/monster/Strider$StriderPathNavigation;
[04:23:46] [main/DEBUG]: Skipping Lnet/minecraft/world/entity/monster/Strider$StriderGoToLavaGoal;
[04:23:46] [main/DEBUG]: Transforming class Lnet/minecraft/world/entity/monster/Stray;
[04:23:46] [main/DEBUG]: Transforming net/minecraft/world/entity/monster/Stray METHOD m_7878_()Lnet/minecraft/sounds/SoundEvent; to access PROTECTED and LEAVE
[04:23:46] [main/DEBUG]: Skipping Lnet/minecraft/world/entity/monster/SpellcasterIllager;
[04:23:46] [main/DEBUG]: Skipping Lnet/minecraft/world/entity/monster/SpellcasterIllager$SpellcasterUseSpellGoal;
[04:23:46] [main/DEBUG]: Skipping Lnet/minecraft/world/entity/monster/SpellcasterIllager$SpellcasterCastingSpellGoal;
[04:23:46] [main/DEBUG]: Skipping Lnet/minecraft/world/entity/monster/SpellcasterIllager$IllagerSpell;
[04:23:46] [main/DEBUG]: Skipping Lnet/minecraft/world/entity/monster/RangedAttackMob;
[04:23:46] [main/DEBUG]: Skipping Lnet/minecraft/world/entity/monster/Phantom;
[04:23:46] [main/DEBUG]: Skipping Lnet/minecraft/world/entity/monster/Phantom$PhantomSweepAttackGoal;
[04:23:46] [main/DEBUG]: Skipping Lnet/minecraft/world/entity/monster/Phantom$PhantomMoveTargetGoal;
[04:23:46] [main/DEBUG]: Skipping Lnet/minecraft/world/entity/monster/Phantom$PhantomMoveControl;
[04:23:46] [main/DEBUG]: Skipping Lnet/minecraft/world/entity/monster/Phantom$PhantomLookControl;
[04:23:46] [main/DEBUG]: Skipping Lnet/minecraft/world/entity/monster/Phantom$PhantomCircleAroundAnchorGoal;
[04:23:46] [main/DEBUG]: Skipping Lnet/minecraft/world/entity/monster/Phantom$PhantomBodyRotationControl;
[04:23:46] [main/DEBUG]: Skipping Lnet/minecraft/world/entity/monster/Phantom$PhantomAttackStrategyGoal;
[04:23:46] [main/DEBUG]: Skipping Lnet/minecraft/world/entity/monster/Phantom$PhantomAttackPlayerTargetGoal;
[04:23:46] [main/DEBUG]: Skipping Lnet/minecraft/world/entity/monster/Phantom$AttackPhase;
[04:23:46] [main/DEBUG]: Skipping Lnet/minecraft/world/entity/monster/PatrollingMonster;
[04:23:46] [main/DEBUG]: Skipping Lnet/minecraft/world/entity/monster/PatrollingMonster$LongDistancePatrolGoal;
[04:23:46] [main/DEBUG]: Skipping Lnet/minecraft/world/entity/monster/Guardian;
[04:23:46] [main/DEBUG]: Skipping Lnet/minecraft/world/entity/monster/Guardian$GuardianMoveControl;
[04:23:46] [main/DEBUG]: Skipping Lnet/minecraft/world/entity/monster/Guardian$GuardianAttackSelector;
[04:23:46] [main/DEBUG]: Skipping Lnet/minecraft/world/entity/monster/Guardian$GuardianAttackGoal;
[04:23:46] [main/DEBUG]: Skipping Lnet/minecraft/world/entity/monster/Giant;
[04:23:46] [main/DEBUG]: Skipping Lnet/minecraft/world/entity/monster/Ghast;
[04:23:46] [main/DEBUG]: Skipping Lnet/minecraft/world/entity/monster/Ghast$RandomFloatAroundGoal;
[04:23:46] [main/DEBUG]: Skipping Lnet/minecraft/world/entity/monster/Ghast$GhastShootFireballGoal;
[04:23:46] [main/DEBUG]: Skipping Lnet/minecraft/world/entity/monster/Ghast$GhastMoveControl;
[04:23:46] [main/DEBUG]: Skipping Lnet/minecraft/world/entity/monster/Ghast$GhastLookGoal;
[04:23:46] [main/DEBUG]: Skipping Lnet/minecraft/world/entity/monster/Enemy;
[04:23:46] [main/DEBUG]: Skipping Lnet/minecraft/world/entity/monster/Endermite;
[04:23:46] [main/DEBUG]: Skipping Lnet/minecraft/world/entity/monster/ElderGuardian;
[04:23:46] [main/DEBUG]: Skipping Lnet/minecraft/world/entity/monster/Drowned;
[04:23:46] [main/DEBUG]: Skipping Lnet/minecraft/world/entity/monster/Drowned$DrownedTridentAttackGoal;
[04:23:46] [main/DEBUG]: Skipping Lnet/minecraft/world/entity/monster/Drowned$DrownedSwimUpGoal;
[04:23:46] [main/DEBUG]: Skipping Lnet/minecraft/world/entity/monster/Drowned$DrownedMoveControl;
[04:23:46] [main/DEBUG]: Skipping Lnet/minecraft/world/entity/monster/Drowned$DrownedGoToWaterGoal;
[04:23:46] [main/DEBUG]: Skipping Lnet/minecraft/world/entity/monster/Drowned$DrownedGoToBeachGoal;
[04:23:46] [main/DEBUG]: Skipping Lnet/minecraft/world/entity/monster/Drowned$DrownedAttackGoal;
[04:23:46] [main/DEBUG]: Skipping Lnet/minecraft/world/entity/monster/Creeper;
[04:23:46] [main/DEBUG]: Skipping Lnet/minecraft/world/entity/monster/CaveSpider;
[04:23:46] [main/DEBUG]: Skipping Lnet/minecraft/world/entity/monster/Blaze;
[04:23:46] [main/DEBUG]: Skipping Lnet/minecraft/world/entity/monster/Blaze$BlazeAttackGoal;
[04:23:46] [main/DEBUG]: Skipping Lnet/minecraft/world/entity/monster/AbstractIllager;
[04:23:46] [main/DEBUG]: Skipping Lnet/minecraft/world/entity/monster/AbstractIllager$RaiderOpenDoorGoal;
[04:23:46] [main/DEBUG]: Skipping Lnet/minecraft/world/entity/monster/AbstractIllager$IllagerArmPose;
[04:23:46] [main/DEBUG]: Skipping Lnet/minecraft/world/entity/monster/ZombieVillager;
[04:23:46] [main/DEBUG]: Transforming class Lnet/minecraft/world/entity/monster/Zombie;
[04:23:46] [main/DEBUG]: Transforming net/minecraft/world/entity/monster/Zombie FIELD f_34266_ to access PROTECTED and LEAVE
[04:23:46] [main/DEBUG]: Skipping Lnet/minecraft/world/entity/monster/Zombie$ZombieGroupData;
[04:23:46] [main/DEBUG]: Skipping Lnet/minecraft/world/entity/monster/Zombie$ZombieAttackTurtleEggGoal;
[04:23:46] [main/DEBUG]: Skipping Lnet/minecraft/world/entity/monster/Spider;
[04:23:46] [main/DEBUG]: Skipping Lnet/minecraft/world/entity/monster/Spider$SpiderTargetGoal;
[04:23:46] [main/DEBUG]: Skipping Lnet/minecraft/world/entity/monster/Spider$SpiderEffectsGroupData;
[04:23:46] [main/DEBUG]: Skipping Lnet/minecraft/world/entity/monster/Spider$SpiderAttackGoal;
[04:23:46] [main/DEBUG]: Skipping Lnet/minecraft/world/entity/monster/Slime;
[04:23:46] [main/DEBUG]: Skipping Lnet/minecraft/world/entity/monster/Slime$SlimeRandomDirectionGoal;
[04:23:46] [main/DEBUG]: Skipping Lnet/minecraft/world/entity/monster/Slime$SlimeMoveControl;
[04:23:46] [main/DEBUG]: Skipping Lnet/minecraft/world/entity/monster/Slime$SlimeKeepOnJumpingGoal;
[04:23:46] [main/DEBUG]: Skipping Lnet/minecraft/world/entity/monster/Slime$SlimeFloatGoal;
[04:23:46] [main/DEBUG]: Skipping Lnet/minecraft/world/entity/monster/Slime$SlimeAttackGoal;
[04:23:46] [main/DEBUG]: Transforming class Lnet/minecraft/world/entity/monster/Skeleton;
[04:23:46] [main/DEBUG]: Transforming net/minecraft/world/entity/monster/Skeleton METHOD m_7878_()Lnet/minecraft/sounds/SoundEvent; to access PROTECTED and LEAVE
[04:23:46] [main/DEBUG]: Skipping Lnet/minecraft/world/entity/monster/Silverfish;
[04:23:46] [main/DEBUG]: Skipping Lnet/minecraft/world/entity/monster/Silverfish$SilverfishWakeUpFriendsGoal;
[04:23:46] [main/DEBUG]: Skipping Lnet/minecraft/world/entity/monster/Silverfish$SilverfishMergeWithStoneGoal;
[04:23:46] [main/DEBUG]: Skipping Lnet/minecraft/world/entity/monster/Shulker;
[04:23:46] [main/DEBUG]: Skipping Lnet/minecraft/world/entity/monster/Shulker$ShulkerPeekGoal;
[04:23:46] [main/DEBUG]: Skipping Lnet/minecraft/world/entity/monster/Shulker$ShulkerNearestAttackGoal;
[04:23:46] [main/DEBUG]: Skipping Lnet/minecraft/world/entity/monster/Shulker$ShulkerLookControl;
[04:23:46] [main/DEBUG]: Skipping Lnet/minecraft/world/entity/monster/Shulker$ShulkerDefenseAttackGoal;
[04:23:46] [main/DEBUG]: Skipping Lnet/minecraft/world/entity/monster/Shulker$ShulkerBodyRotationControl;
[04:23:46] [main/DEBUG]: Skipping Lnet/minecraft/world/entity/monster/Shulker$ShulkerAttackGoal;
[04:23:46] [main/DEBUG]: Skipping Lnet/minecraft/world/entity/monster/Ravager;
[04:23:46] [main/DEBUG]: Skipping Lnet/minecraft/world/entity/monster/Pillager;
[04:23:46] [main/DEBUG]: Skipping Lnet/minecraft/world/entity/monster/Monster;
[04:23:46] [main/DEBUG]: Skipping Lnet/minecraft/world/entity/monster/MagmaCube;
[04:23:46] [main/DEBUG]: Skipping Lnet/minecraft/world/entity/monster/Illusioner;
[04:23:46] [main/DEBUG]: Skipping Lnet/minecraft/world/entity/monster/Illusioner$IllusionerMirrorSpellGoal;
[04:23:46] [main/DEBUG]: Skipping Lnet/minecraft/world/entity/monster/Illusioner$IllusionerBlindnessSpellGoal;
[04:23:46] [main/DEBUG]: Skipping Lnet/minecraft/world/entity/monster/Husk;
[04:23:46] [main/DEBUG]: Skipping Lnet/minecraft/world/entity/monster/Evoker;
[04:23:46] [main/DEBUG]: Skipping Lnet/minecraft/world/entity/monster/Evoker$EvokerWololoSpellGoal;
[04:23:46] [main/DEBUG]: Skipping Lnet/minecraft/world/entity/monster/Evoker$EvokerSummonSpellGoal;
[04:23:46] [main/DEBUG]: Skipping Lnet/minecraft/world/entity/monster/Evoker$EvokerCastingSpellGoal;
[04:23:46] [main/DEBUG]: Skipping Lnet/minecraft/world/entity/monster/Evoker$EvokerAttackSpellGoal;
[04:23:46] [main/DEBUG]: Skipping Lnet/minecraft/world/entity/monster/EnderMan;
[04:23:46] [main/DEBUG]: Skipping Lnet/minecraft/world/entity/monster/EnderMan$EndermanTakeBlockGoal;
[04:23:46] [main/DEBUG]: Skipping Lnet/minecraft/world/entity/monster/EnderMan$EndermanLookForPlayerGoal;
[04:23:46] [main/DEBUG]: Skipping Lnet/minecraft/world/entity/monster/EnderMan$EndermanLeaveBlockGoal;
[04:23:46] [main/DEBUG]: Skipping Lnet/minecraft/world/entity/monster/EnderMan$EndermanFreezeWhenLookedAt;
[04:23:46] [main/DEBUG]: Skipping Lnet/minecraft/world/entity/monster/CrossbowAttackMob;
[04:23:46] [main/DEBUG]: Transforming class Lnet/minecraft/world/entity/monster/AbstractSkeleton;
[04:23:46] [main/DEBUG]: Transforming net/minecraft/world/entity/monster/AbstractSkeleton METHOD m_7878_()Lnet/minecraft/sounds/SoundEvent; to access PROTECTED and LEAVE
[04:23:46] [main/DEBUG]: Skipping Lnet/minecraft/world/entity/monster/AbstractSkeleton$1;
[04:23:46] [main/DEBUG]: Skipping Lnet/minecraft/world/entity/item/package-info;
[04:23:46] [main/DEBUG]: Transforming class Lnet/minecraft/world/entity/item/PrimedTnt;
[04:23:46] [main/DEBUG]: Transforming net/minecraft/world/entity/item/PrimedTnt METHOD m_32103_()V to access PROTECTED and LEAVE
[04:23:46] [main/DEBUG]: Skipping Lnet/minecraft/world/entity/item/ItemEntity;
[04:23:46] [main/DEBUG]: Skipping Lnet/minecraft/world/entity/item/FallingBlockEntity;
[04:23:46] [main/DEBUG]: Skipping Lnet/minecraft/world/entity/decoration/package-info;
[04:23:46] [main/DEBUG]: Skipping Lnet/minecraft/world/entity/decoration/PaintingVariants;
[04:23:46] [main/DEBUG]: Skipping Lnet/minecraft/world/entity/decoration/PaintingVariant;
[04:23:46] [main/DEBUG]: Skipping Lnet/minecraft/world/entity/decoration/Painting;
[04:23:46] [main/DEBUG]: Skipping Lnet/minecraft/world/entity/decoration/LeashFenceKnotEntity;
[04:23:46] [main/DEBUG]: Skipping Lnet/minecraft/world/entity/decoration/ItemFrame;
[04:23:46] [main/DEBUG]: Skipping Lnet/minecraft/world/entity/decoration/ItemFrame$2;
[04:23:46] [main/DEBUG]: Skipping Lnet/minecraft/world/entity/decoration/ItemFrame$1;
[04:23:46] [main/DEBUG]: Skipping Lnet/minecraft/world/entity/decoration/GlowItemFrame;
[04:23:46] [main/DEBUG]: Skipping Lnet/minecraft/world/entity/decoration/HangingEntity;
[04:23:46] [main/DEBUG]: Skipping Lnet/minecraft/world/entity/decoration/HangingEntity$1;
[04:23:46] [main/DEBUG]: Skipping Lnet/minecraft/world/entity/decoration/ArmorStand;
[04:23:46] [main/DEBUG]: Skipping Lnet/minecraft/world/entity/decoration/ArmorStand$1;
[04:23:46] [main/DEBUG]: Skipping Lnet/minecraft/world/entity/boss/wither/package-info;
[04:23:46] [main/DEBUG]: Skipping Lnet/minecraft/world/entity/boss/wither/WitherBoss;
[04:23:46] [main/DEBUG]: Skipping Lnet/minecraft/world/entity/boss/wither/WitherBoss$WitherDoNothingGoal;
[04:23:46] [main/DEBUG]: Skipping Lnet/minecraft/world/entity/boss/package-info;
[04:23:46] [main/DEBUG]: Skipping Lnet/minecraft/world/entity/boss/enderdragon/phases/package-info;
[04:23:46] [main/DEBUG]: Skipping Lnet/minecraft/world/entity/boss/enderdragon/phases/EnderDragonPhaseManager;
[04:23:46] [main/DEBUG]: Skipping Lnet/minecraft/world/entity/boss/enderdragon/phases/EnderDragonPhase;
[04:23:46] [main/DEBUG]: Skipping Lnet/minecraft/world/entity/boss/enderdragon/phases/DragonTakeoffPhase;
[04:23:46] [main/DEBUG]: Skipping Lnet/minecraft/world/entity/boss/enderdragon/phases/DragonStrafePlayerPhase;
[04:23:46] [main/DEBUG]: Skipping Lnet/minecraft/world/entity/boss/enderdragon/phases/DragonSittingScanningPhase;
[04:23:46] [main/DEBUG]: Skipping Lnet/minecraft/world/entity/boss/enderdragon/phases/DragonSittingFlamingPhase;
[04:23:46] [main/DEBUG]: Skipping Lnet/minecraft/world/entity/boss/enderdragon/phases/DragonSittingAttackingPhase;
[04:23:46] [main/DEBUG]: Skipping Lnet/minecraft/world/entity/boss/enderdragon/phases/DragonPhaseInstance;
[04:23:46] [main/DEBUG]: Skipping Lnet/minecraft/world/entity/boss/enderdragon/phases/DragonLandingPhase;
[04:23:46] [main/DEBUG]: Skipping Lnet/minecraft/world/entity/boss/enderdragon/phases/DragonLandingApproachPhase;
[04:23:46] [main/DEBUG]: Skipping Lnet/minecraft/world/entity/boss/enderdragon/phases/DragonHoverPhase;
[04:23:46] [main/DEBUG]: Skipping Lnet/minecraft/world/entity/boss/enderdragon/phases/DragonHoldingPatternPhase;
[04:23:46] [main/DEBUG]: Skipping Lnet/minecraft/world/entity/boss/enderdragon/phases/DragonDeathPhase;
[04:23:46] [main/DEBUG]: Skipping Lnet/minecraft/world/entity/boss/enderdragon/phases/DragonChargePlayerPhase;
[04:23:46] [main/DEBUG]: Skipping Lnet/minecraft/world/entity/boss/enderdragon/phases/AbstractDragonSittingPhase;
[04:23:46] [main/DEBUG]: Skipping Lnet/minecraft/world/entity/boss/enderdragon/phases/AbstractDragonPhaseInstance;
[04:23:46] [main/DEBUG]: Skipping Lnet/minecraft/world/entity/boss/enderdragon/package-info;
[04:23:46] [main/DEBUG]: Skipping Lnet/minecraft/world/entity/boss/enderdragon/EndCrystal;
[04:23:46] [main/DEBUG]: Skipping Lnet/minecraft/world/entity/boss/enderdragon/EnderDragon;
[04:23:46] [main/DEBUG]: Skipping Lnet/minecraft/world/entity/boss/EnderDragonPart;
[04:23:46] [main/DEBUG]: Skipping Lnet/minecraft/world/entity/animal/sniffer/SnifferAi;
[04:23:46] [main/DEBUG]: Skipping Lnet/minecraft/world/entity/animal/sniffer/SnifferAi$Sniffing;
[04:23:46] [main/DEBUG]: Skipping Lnet/minecraft/world/entity/animal/sniffer/SnifferAi$Searching;
[04:23:46] [main/DEBUG]: Skipping Lnet/minecraft/world/entity/animal/sniffer/SnifferAi$Scenting;
[04:23:46] [main/DEBUG]: Skipping Lnet/minecraft/world/entity/animal/sniffer/SnifferAi$FinishedDigging;
[04:23:46] [main/DEBUG]: Skipping Lnet/minecraft/world/entity/animal/sniffer/SnifferAi$FeelingHappy;
[04:23:46] [main/DEBUG]: Skipping Lnet/minecraft/world/entity/animal/sniffer/SnifferAi$Digging;
[04:23:46] [main/DEBUG]: Skipping Lnet/minecraft/world/entity/animal/sniffer/SnifferAi$3;
[04:23:46] [main/DEBUG]: Skipping Lnet/minecraft/world/entity/animal/sniffer/SnifferAi$2;
[04:23:46] [main/DEBUG]: Skipping Lnet/minecraft/world/entity/animal/sniffer/SnifferAi$1;
[04:23:46] [main/DEBUG]: Skipping Lnet/minecraft/world/entity/animal/sniffer/Sniffer;
[04:23:46] [main/DEBUG]: Skipping Lnet/minecraft/world/entity/animal/sniffer/Sniffer$State;
[04:23:46] [main/DEBUG]: Skipping Lnet/minecraft/world/entity/animal/sniffer/Sniffer$1;
[04:23:46] [main/DEBUG]: Skipping Lnet/minecraft/world/entity/animal/package-info;
[04:23:46] [main/DEBUG]: Skipping Lnet/minecraft/world/entity/animal/horse/package-info;
[04:23:46] [main/DEBUG]: Skipping Lnet/minecraft/world/entity/animal/horse/ZombieHorse;
[04:23:46] [main/DEBUG]: Skipping Lnet/minecraft/world/entity/animal/horse/Variant;
[04:23:46] [main/DEBUG]: Skipping Lnet/minecraft/world/entity/animal/horse/TraderLlama;
[04:23:46] [main/DEBUG]: Skipping Lnet/minecraft/world/entity/animal/horse/TraderLlama$TraderLlamaDefendWanderingTraderGoal;
[04:23:46] [main/DEBUG]: Skipping Lnet/minecraft/world/entity/animal/horse/SkeletonHorse;
[04:23:46] [main/DEBUG]: Skipping Lnet/minecraft/world/entity/animal/horse/Mule;
[04:23:46] [main/DEBUG]: Skipping Lnet/minecraft/world/entity/animal/horse/Markings;
[04:23:46] [main/DEBUG]: Skipping Lnet/minecraft/world/entity/animal/horse/Donkey;
[04:23:46] [main/DEBUG]: Skipping Lnet/minecraft/world/entity/animal/horse/AbstractChestedHorse;
[04:23:46] [main/DEBUG]: Skipping Lnet/minecraft/world/entity/animal/horse/AbstractChestedHorse$1;
[04:23:46] [main/DEBUG]: Skipping Lnet/minecraft/world/entity/animal/horse/SkeletonTrapGoal;
[04:23:46] [main/DEBUG]: Skipping Lnet/minecraft/world/entity/animal/horse/Llama;
[04:23:46] [main/DEBUG]: Skipping Lnet/minecraft/world/entity/animal/horse/Llama$Variant;
[04:23:46] [main/DEBUG]: Skipping Lnet/minecraft/world/entity/animal/horse/Llama$LlamaHurtByTargetGoal;
[04:23:46] [main/DEBUG]: Skipping Lnet/minecraft/world/entity/animal/horse/Llama$LlamaGroupData;
[04:23:46] [main/DEBUG]: Skipping Lnet/minecraft/world/entity/animal/horse/Llama$LlamaAttackWolfGoal;
[04:23:46] [main/DEBUG]: Skipping Lnet/minecraft/world/entity/animal/horse/Horse;
[04:23:46] [main/DEBUG]: Skipping Lnet/minecraft/world/entity/animal/horse/Horse$HorseGroupData;
[04:23:46] [main/DEBUG]: Skipping Lnet/minecraft/world/entity/animal/horse/AbstractHorse;
[04:23:46] [main/DEBUG]: Skipping Lnet/minecraft/world/entity/animal/horse/AbstractHorse$1;
[04:23:46] [main/DEBUG]: Skipping Lnet/minecraft/world/entity/animal/goat/package-info;
[04:23:46] [main/DEBUG]: Skipping Lnet/minecraft/world/entity/animal/goat/GoatAi;
[04:23:46] [main/DEBUG]: Skipping Lnet/minecraft/world/entity/animal/goat/Goat;
[04:23:46] [main/DEBUG]: Skipping Lnet/minecraft/world/entity/animal/frog/package-info;
[04:23:46] [main/DEBUG]: Skipping Lnet/minecraft/world/entity/animal/frog/TadpoleAi;
[04:23:46] [main/DEBUG]: Skipping Lnet/minecraft/world/entity/animal/frog/ShootTongue;
[04:23:46] [main/DEBUG]: Skipping Lnet/minecraft/world/entity/animal/frog/ShootTongue$State;
[04:23:46] [main/DEBUG]: Skipping Lnet/minecraft/world/entity/animal/frog/ShootTongue$1;
[04:23:46] [main/DEBUG]: Skipping Lnet/minecraft/world/entity/animal/frog/FrogAi;
[04:23:46] [main/DEBUG]: Skipping Lnet/minecraft/world/entity/animal/frog/Frog;
[04:23:46] [main/DEBUG]: Skipping Lnet/minecraft/world/entity/animal/frog/Frog$FrogPathNavigation;
[04:23:46] [main/DEBUG]: Skipping Lnet/minecraft/world/entity/animal/frog/Frog$FrogNodeEvaluator;
[04:23:46] [main/DEBUG]: Skipping Lnet/minecraft/world/entity/animal/frog/Frog$FrogLookControl;
[04:23:46] [main/DEBUG]: Skipping Lnet/minecraft/world/entity/animal/frog/Tadpole;
[04:23:46] [main/DEBUG]: Skipping Lnet/minecraft/world/entity/animal/camel/package-info;
[04:23:46] [main/DEBUG]: Skipping Lnet/minecraft/world/entity/animal/camel/CamelAi;
[04:23:46] [main/DEBUG]: Skipping Lnet/minecraft/world/entity/animal/camel/CamelAi$RandomSitting;
[04:23:46] [main/DEBUG]: Skipping Lnet/minecraft/world/entity/animal/camel/CamelAi$CamelPanic;
[04:23:46] [main/DEBUG]: Skipping Lnet/minecraft/world/entity/animal/camel/Camel;
[04:23:46] [main/DEBUG]: Skipping Lnet/minecraft/world/entity/animal/camel/Camel$CamelMoveControl;
[04:23:46] [main/DEBUG]: Skipping Lnet/minecraft/world/entity/animal/camel/Camel$CamelLookControl;
[04:23:46] [main/DEBUG]: Skipping Lnet/minecraft/world/entity/animal/camel/Camel$CamelBodyRotationControl;
[04:23:46] [main/DEBUG]: Skipping Lnet/minecraft/world/entity/animal/axolotl/package-info;
[04:23:46] [main/DEBUG]: Skipping Lnet/minecraft/world/entity/animal/axolotl/ValidatePlayDead;
[04:23:46] [main/DEBUG]: Skipping Lnet/minecraft/world/entity/animal/axolotl/PlayDead;
[04:23:46] [main/DEBUG]: Skipping Lnet/minecraft/world/entity/animal/axolotl/AxolotlAi;
[04:23:46] [main/DEBUG]: Skipping Lnet/minecraft/world/entity/animal/axolotl/Axolotl;
[04:23:46] [main/DEBUG]: Skipping Lnet/minecraft/world/entity/animal/axolotl/Axolotl$Variant;
[04:23:46] [main/DEBUG]: Skipping Lnet/minecraft/world/entity/animal/axolotl/Axolotl$AxolotlMoveControl;
[04:23:46] [main/DEBUG]: Skipping Lnet/minecraft/world/entity/animal/axolotl/Axolotl$AxolotlLookControl;
[04:23:46] [main/DEBUG]: Skipping Lnet/minecraft/world/entity/animal/axolotl/Axolotl$AxolotlGroupData;
[04:23:46] [main/DEBUG]: Skipping Lnet/minecraft/world/entity/animal/allay/package-info;
[04:23:46] [main/DEBUG]: Skipping Lnet/minecraft/world/entity/animal/allay/AllayAi;
[04:23:46] [main/DEBUG]: Skipping Lnet/minecraft/world/entity/animal/allay/Allay;
[04:23:46] [main/DEBUG]: Skipping Lnet/minecraft/world/entity/animal/allay/Allay$VibrationUser;
[04:23:46] [main/DEBUG]: Skipping Lnet/minecraft/world/entity/animal/allay/Allay$JukeboxListener;
[04:23:46] [main/DEBUG]: Skipping Lnet/minecraft/world/entity/animal/WaterAnimal;
[04:23:46] [main/DEBUG]: Skipping Lnet/minecraft/world/entity/animal/Turtle;
[04:23:46] [main/DEBUG]: Skipping Lnet/minecraft/world/entity/animal/Turtle$TurtleTravelGoal;
[04:23:46] [main/DEBUG]: Skipping Lnet/minecraft/world/entity/animal/Turtle$TurtleRandomStrollGoal;
[04:23:46] [main/DEBUG]: Skipping Lnet/minecraft/world/entity/animal/Turtle$TurtlePathNavigation;
[04:23:46] [main/DEBUG]: Skipping Lnet/minecraft/world/entity/animal/Turtle$TurtlePanicGoal;
[04:23:46] [main/DEBUG]: Skipping Lnet/minecraft/world/entity/animal/Turtle$TurtleMoveControl;
[04:23:46] [main/DEBUG]: Skipping Lnet/minecraft/world/entity/animal/Turtle$TurtleLayEggGoal;
[04:23:46] [main/DEBUG]: Skipping Lnet/minecraft/world/entity/animal/Turtle$TurtleGoToWaterGoal;
[04:23:46] [main/DEBUG]: Skipping Lnet/minecraft/world/entity/animal/Turtle$TurtleGoHomeGoal;
[04:23:46] [main/DEBUG]: Skipping Lnet/minecraft/world/entity/animal/Turtle$TurtleBreedGoal;
[04:23:46] [main/DEBUG]: Skipping Lnet/minecraft/world/entity/animal/TropicalFish;
[04:23:46] [main/DEBUG]: Skipping Lnet/minecraft/world/entity/animal/TropicalFish$Variant;
[04:23:46] [main/DEBUG]: Skipping Lnet/minecraft/world/entity/animal/TropicalFish$TropicalFishGroupData;
[04:23:46] [main/DEBUG]: Skipping Lnet/minecraft/world/entity/animal/TropicalFish$Pattern;
[04:23:46] [main/DEBUG]: Skipping Lnet/minecraft/world/entity/animal/TropicalFish$Base;
[04:23:46] [main/DEBUG]: Skipping Lnet/minecraft/world/entity/animal/Squid;
[04:23:46] [main/DEBUG]: Skipping Lnet/minecraft/world/entity/animal/Squid$SquidRandomMovementGoal;
[04:23:46] [main/DEBUG]: Skipping Lnet/minecraft/world/entity/animal/Squid$SquidFleeGoal;
[04:23:46] [main/DEBUG]: Skipping Lnet/minecraft/world/entity/animal/ShoulderRidingEntity;
[04:23:46] [main/DEBUG]: Skipping Lnet/minecraft/world/entity/animal/Salmon;
[04:23:46] [main/DEBUG]: Skipping Lnet/minecraft/world/entity/animal/Pufferfish;
[04:23:46] [main/DEBUG]: Skipping Lnet/minecraft/world/entity/animal/Pufferfish$PufferfishPuffGoal;
[04:23:46] [main/DEBUG]: Skipping Lnet/minecraft/world/entity/animal/PolarBear;
[04:23:46] [main/DEBUG]: Skipping Lnet/minecraft/world/entity/animal/PolarBear$PolarBearPanicGoal;
[04:23:46] [main/DEBUG]: Skipping Lnet/minecraft/world/entity/animal/PolarBear$PolarBearMeleeAttackGoal;
[04:23:46] [main/DEBUG]: Skipping Lnet/minecraft/world/entity/animal/PolarBear$PolarBearHurtByTargetGoal;
[04:23:46] [main/DEBUG]: Skipping Lnet/minecraft/world/entity/animal/PolarBear$PolarBearAttackPlayersGoal;
[04:23:46] [main/DEBUG]: Skipping Lnet/minecraft/world/entity/animal/Panda;
[04:23:46] [main/DEBUG]: Skipping Lnet/minecraft/world/entity/animal/Panda$PandaSneezeGoal;
[04:23:46] [main/DEBUG]: Skipping Lnet/minecraft/world/entity/animal/Panda$PandaSitGoal;
[04:23:46] [main/DEBUG]: Skipping Lnet/minecraft/world/entity/animal/Panda$PandaRollGoal;
[04:23:46] [main/DEBUG]: Skipping Lnet/minecraft/world/entity/animal/Panda$PandaPanicGoal;
[04:23:46] [main/DEBUG]: Skipping Lnet/minecraft/world/entity/animal/Panda$PandaMoveControl;
[04:23:46] [main/DEBUG]: Skipping Lnet/minecraft/world/entity/animal/Panda$PandaLookAtPlayerGoal;
[04:23:46] [main/DEBUG]: Skipping Lnet/minecraft/world/entity/animal/Panda$PandaLieOnBackGoal;
[04:23:46] [main/DEBUG]: Skipping Lnet/minecraft/world/entity/animal/Panda$PandaHurtByTargetGoal;
[04:23:46] [main/DEBUG]: Skipping Lnet/minecraft/world/entity/animal/Panda$PandaBreedGoal;
[04:23:46] [main/DEBUG]: Skipping Lnet/minecraft/world/entity/animal/Panda$PandaAvoidGoal;
[04:23:46] [main/DEBUG]: Skipping Lnet/minecraft/world/entity/animal/Panda$PandaAttackGoal;
[04:23:46] [main/DEBUG]: Skipping Lnet/minecraft/world/entity/animal/Panda$Gene;
[04:23:46] [main/DEBUG]: Skipping Lnet/minecraft/world/entity/animal/IronGolem;
[04:23:46] [main/DEBUG]: Skipping Lnet/minecraft/world/entity/animal/IronGolem$Crackiness;
[04:23:46] [main/DEBUG]: Skipping Lnet/minecraft/world/entity/animal/FrogVariant;
[04:23:46] [main/DEBUG]: Skipping Lnet/minecraft/world/entity/animal/FlyingAnimal;
[04:23:46] [main/DEBUG]: Skipping Lnet/minecraft/world/entity/animal/Dolphin;
[04:23:46] [main/DEBUG]: Skipping Lnet/minecraft/world/entity/animal/Dolphin$PlayWithItemsGoal;
[04:23:46] [main/DEBUG]: Skipping Lnet/minecraft/world/entity/animal/Dolphin$DolphinSwimWithPlayerGoal;
[04:23:46] [main/DEBUG]: Skipping Lnet/minecraft/world/entity/animal/Dolphin$DolphinSwimToTreasureGoal;
[04:23:46] [main/DEBUG]: Skipping Lnet/minecraft/world/entity/animal/Cow;
[04:23:46] [main/DEBUG]: Skipping Lnet/minecraft/world/entity/animal/Cod;
[04:23:46] [main/DEBUG]: Skipping Lnet/minecraft/world/entity/animal/Chicken;
[04:23:46] [main/DEBUG]: Skipping Lnet/minecraft/world/entity/animal/CatVariant;
[04:23:46] [main/DEBUG]: Skipping Lnet/minecraft/world/entity/animal/Bucketable;
[04:23:46] [main/DEBUG]: Skipping Lnet/minecraft/world/entity/animal/AbstractSchoolingFish;
[04:23:46] [main/DEBUG]: Skipping Lnet/minecraft/world/entity/animal/AbstractSchoolingFish$SchoolSpawnGroupData;
[04:23:46] [main/DEBUG]: Skipping Lnet/minecraft/world/entity/animal/AbstractGolem;
[04:23:46] [main/DEBUG]: Skipping Lnet/minecraft/world/entity/animal/AbstractFish;
[04:23:46] [main/DEBUG]: Skipping Lnet/minecraft/world/entity/animal/AbstractFish$FishSwimGoal;
[04:23:46] [main/DEBUG]: Skipping Lnet/minecraft/world/entity/animal/AbstractFish$FishMoveControl;
[04:23:46] [main/DEBUG]: Skipping Lnet/minecraft/world/entity/animal/Wolf;
[04:23:46] [main/DEBUG]: Skipping Lnet/minecraft/world/entity/animal/Wolf$WolfPanicGoal;
[04:23:46] [main/DEBUG]: Skipping Lnet/minecraft/world/entity/animal/Wolf$WolfAvoidEntityGoal;
[04:23:46] [main/DEBUG]: Skipping Lnet/minecraft/world/entity/animal/SnowGolem;
[04:23:46] [main/DEBUG]: Skipping Lnet/minecraft/world/entity/animal/Sheep;
[04:23:46] [main/DEBUG]: Skipping Lnet/minecraft/world/entity/animal/Sheep$2;
[04:23:46] [main/DEBUG]: Skipping Lnet/minecraft/world/entity/animal/Sheep$1;
[04:23:46] [main/DEBUG]: Skipping Lnet/minecraft/world/entity/animal/Rabbit;
[04:23:46] [main/DEBUG]: Skipping Lnet/minecraft/world/entity/animal/Rabbit$Variant;
[04:23:46] [main/DEBUG]: Skipping Lnet/minecraft/world/entity/animal/Rabbit$RaidGardenGoal;
[04:23:46] [main/DEBUG]: Skipping Lnet/minecraft/world/entity/animal/Rabbit$RabbitPanicGoal;
[04:23:46] [main/DEBUG]: Skipping Lnet/minecraft/world/entity/animal/Rabbit$RabbitMoveControl;
[04:23:46] [main/DEBUG]: Skipping Lnet/minecraft/world/entity/animal/Rabbit$RabbitJumpControl;
[04:23:46] [main/DEBUG]: Skipping Lnet/minecraft/world/entity/animal/Rabbit$RabbitGroupData;
[04:23:46] [main/DEBUG]: Skipping Lnet/minecraft/world/entity/animal/Rabbit$RabbitAvoidEntityGoal;
[04:23:46] [main/DEBUG]: Skipping Lnet/minecraft/world/entity/animal/Pig;
[04:23:46] [main/DEBUG]: Skipping Lnet/minecraft/world/entity/animal/Parrot;
[04:23:46] [main/DEBUG]: Skipping Lnet/minecraft/world/entity/animal/Parrot$Variant;
[04:23:46] [main/DEBUG]: Skipping Lnet/minecraft/world/entity/animal/Parrot$ParrotWanderGoal;
[04:23:46] [main/DEBUG]: Skipping Lnet/minecraft/world/entity/animal/Parrot$1;
[04:23:46] [main/DEBUG]: Skipping Lnet/minecraft/world/entity/animal/Ocelot;
[04:23:46] [main/DEBUG]: Skipping Lnet/minecraft/world/entity/animal/Ocelot$OcelotTemptGoal;
[04:23:46] [main/DEBUG]: Skipping Lnet/minecraft/world/entity/animal/Ocelot$OcelotAvoidEntityGoal;
[04:23:46] [main/DEBUG]: Skipping Lnet/minecraft/world/entity/animal/MushroomCow;
[04:23:46] [main/DEBUG]: Skipping Lnet/minecraft/world/entity/animal/MushroomCow$MushroomType;
[04:23:46] [main/DEBUG]: Skipping Lnet/minecraft/world/entity/animal/Fox;
[04:23:46] [main/DEBUG]: Skipping Lnet/minecraft/world/entity/animal/Fox$Type;
[04:23:46] [main/DEBUG]: Skipping Lnet/minecraft/world/entity/animal/Fox$StalkPreyGoal;
[04:23:46] [main/DEBUG]: Skipping Lnet/minecraft/world/entity/animal/Fox$SleepGoal;
[04:23:46] [main/DEBUG]: Skipping Lnet/minecraft/world/entity/animal/Fox$SeekShelterGoal;
[04:23:46] [main/DEBUG]: Skipping Lnet/minecraft/world/entity/animal/Fox$PerchAndSearchGoal;
[04:23:46] [main/DEBUG]: Skipping Lnet/minecraft/world/entity/animal/Fox$FoxStrollThroughVillageGoal;
[04:23:46] [main/DEBUG]: Skipping Lnet/minecraft/world/entity/animal/Fox$FoxSearchForItemsGoal;
[04:23:46] [main/DEBUG]: Skipping Lnet/minecraft/world/entity/animal/Fox$FoxPounceGoal;
[04:23:46] [main/DEBUG]: Skipping Lnet/minecraft/world/entity/animal/Fox$FoxPanicGoal;
[04:23:46] [main/DEBUG]: Skipping Lnet/minecraft/world/entity/animal/Fox$FoxMoveControl;
[04:23:46] [main/DEBUG]: Skipping Lnet/minecraft/world/entity/animal/Fox$FoxMeleeAttackGoal;
[04:23:46] [main/DEBUG]: Skipping Lnet/minecraft/world/entity/animal/Fox$FoxLookControl;
[04:23:46] [main/DEBUG]: Skipping Lnet/minecraft/world/entity/animal/Fox$FoxLookAtPlayerGoal;
[04:23:46] [main/DEBUG]: Skipping Lnet/minecraft/world/entity/animal/Fox$FoxGroupData;
[04:23:46] [main/DEBUG]: Skipping Lnet/minecraft/world/entity/animal/Fox$FoxFollowParentGoal;
[04:23:46] [main/DEBUG]: Skipping Lnet/minecraft/world/entity/animal/Fox$FoxFloatGoal;
[04:23:46] [main/DEBUG]: Skipping Lnet/minecraft/world/entity/animal/Fox$FoxEatBerriesGoal;
[04:23:46] [main/DEBUG]: Skipping Lnet/minecraft/world/entity/animal/Fox$FoxBreedGoal;
[04:23:46] [main/DEBUG]: Skipping Lnet/minecraft/world/entity/animal/Fox$FoxBehaviorGoal;
[04:23:46] [main/DEBUG]: Skipping Lnet/minecraft/world/entity/animal/Fox$FoxAlertableEntitiesSelector;
[04:23:46] [main/DEBUG]: Skipping Lnet/minecraft/world/entity/animal/Fox$FaceplantGoal;
[04:23:46] [main/DEBUG]: Skipping Lnet/minecraft/world/entity/animal/Fox$DefendTrustedTargetGoal;
[04:23:46] [main/DEBUG]: Skipping Lnet/minecraft/world/entity/animal/Cat;
[04:23:46] [main/DEBUG]: Skipping Lnet/minecraft/world/entity/animal/Cat$CatTemptGoal;
[04:23:46] [main/DEBUG]: Skipping Lnet/minecraft/world/entity/animal/Cat$CatRelaxOnOwnerGoal;
[04:23:46] [main/DEBUG]: Skipping Lnet/minecraft/world/entity/animal/Cat$CatAvoidEntityGoal;
[04:23:46] [main/DEBUG]: Skipping Lnet/minecraft/world/entity/animal/Bee;
[04:23:46] [main/DEBUG]: Skipping Lnet/minecraft/world/entity/animal/Bee$BeeWanderGoal;
[04:23:46] [main/DEBUG]: Skipping Lnet/minecraft/world/entity/animal/Bee$BeePollinateGoal;
[04:23:46] [main/DEBUG]: Skipping Lnet/minecraft/world/entity/animal/Bee$BeeLookControl;
[04:23:46] [main/DEBUG]: Skipping Lnet/minecraft/world/entity/animal/Bee$BeeLocateHiveGoal;
[04:23:46] [main/DEBUG]: Skipping Lnet/minecraft/world/entity/animal/Bee$BeeHurtByOtherGoal;
[04:23:46] [main/DEBUG]: Skipping Lnet/minecraft/world/entity/animal/Bee$BeeGrowCropGoal;
[04:23:46] [main/DEBUG]: Skipping Lnet/minecraft/world/entity/animal/Bee$BeeGoToKnownFlowerGoal;
[04:23:46] [main/DEBUG]: Skipping Lnet/minecraft/world/entity/animal/Bee$BeeGoToHiveGoal;
[04:23:46] [main/DEBUG]: Skipping Lnet/minecraft/world/entity/animal/Bee$BeeEnterHiveGoal;
[04:23:46] [main/DEBUG]: Skipping Lnet/minecraft/world/entity/animal/Bee$BeeBecomeAngryTargetGoal;
[04:23:46] [main/DEBUG]: Skipping Lnet/minecraft/world/entity/animal/Bee$BeeAttackGoal;
[04:23:46] [main/DEBUG]: Skipping Lnet/minecraft/world/entity/animal/Bee$BaseBeeGoal;
[04:23:46] [main/DEBUG]: Skipping Lnet/minecraft/world/entity/animal/Bee$1;
[04:23:46] [main/DEBUG]: Skipping Lnet/minecraft/world/entity/animal/Animal;
[04:23:46] [main/DEBUG]: Skipping Lnet/minecraft/world/entity/ambient/package-info;
[04:23:46] [main/DEBUG]: Skipping Lnet/minecraft/world/entity/ambient/Bat;
[04:23:46] [main/DEBUG]: Skipping Lnet/minecraft/world/entity/ambient/AmbientCreature;
[04:23:46] [main/DEBUG]: Skipping Lnet/minecraft/world/entity/ai/village/poi/package-info;
[04:23:46] [main/DEBUG]: Skipping Lnet/minecraft/world/entity/ai/village/poi/PoiType;
[04:23:46] [main/DEBUG]: Skipping Lnet/minecraft/world/entity/ai/village/poi/PoiSection;
[04:23:46] [main/DEBUG]: Skipping Lnet/minecraft/world/entity/ai/village/poi/PoiRecord;
[04:23:46] [main/DEBUG]: Skipping Lnet/minecraft/world/entity/ai/village/poi/PoiManager;
[04:23:46] [main/DEBUG]: Skipping Lnet/minecraft/world/entity/ai/village/poi/PoiManager$Occupancy;
[04:23:46] [main/DEBUG]: Skipping Lnet/minecraft/world/entity/ai/village/poi/PoiManager$DistanceTracker;
[04:23:46] [main/DEBUG]: Skipping Lnet/minecraft/world/entity/ai/village/poi/PoiTypes;
[04:23:46] [main/DEBUG]: Skipping Lnet/minecraft/world/entity/ai/village/package-info;
[04:23:46] [main/DEBUG]: Skipping Lnet/minecraft/world/entity/ai/village/ReputationEventType;
[04:23:46] [main/DEBUG]: Skipping Lnet/minecraft/world/entity/ai/village/ReputationEventType$1;
[04:23:46] [main/DEBUG]: Skipping Lnet/minecraft/world/entity/ai/village/VillageSiege;
[04:23:46] [main/DEBUG]: Skipping Lnet/minecraft/world/entity/ai/village/VillageSiege$State;
[04:23:46] [main/DEBUG]: Skipping Lnet/minecraft/world/entity/ai/util/package-info;
[04:23:46] [main/DEBUG]: Skipping Lnet/minecraft/world/entity/ai/util/RandomPos;
[04:23:46] [main/DEBUG]: Skipping Lnet/minecraft/world/entity/ai/util/LandRandomPos;
[04:23:46] [main/DEBUG]: Skipping Lnet/minecraft/world/entity/ai/util/HoverRandomPos;
[04:23:46] [main/DEBUG]: Skipping Lnet/minecraft/world/entity/ai/util/GoalUtils;
[04:23:46] [main/DEBUG]: Skipping Lnet/minecraft/world/entity/ai/util/DefaultRandomPos;
[04:23:46] [main/DEBUG]: Skipping Lnet/minecraft/world/entity/ai/util/AirRandomPos;
[04:23:46] [main/DEBUG]: Skipping Lnet/minecraft/world/entity/ai/util/AirAndWaterRandomPos;
[04:23:46] [main/DEBUG]: Skipping Lnet/minecraft/world/entity/ai/targeting/package-info;
[04:23:46] [main/DEBUG]: Skipping Lnet/minecraft/world/entity/ai/targeting/TargetingConditions;
[04:23:46] [main/DEBUG]: Skipping Lnet/minecraft/world/entity/ai/sensing/package-info;
[04:23:46] [main/DEBUG]: Skipping Lnet/minecraft/world/entity/ai/sensing/WardenEntitySensor;
[04:23:46] [main/DEBUG]: Skipping Lnet/minecraft/world/entity/ai/sensing/VillagerHostilesSensor;
[04:23:46] [main/DEBUG]: Skipping Lnet/minecraft/world/entity/ai/sensing/VillagerBabiesSensor;
[04:23:46] [main/DEBUG]: Skipping Lnet/minecraft/world/entity/ai/sensing/TemptingSensor;
[04:23:46] [main/DEBUG]: Transforming class Lnet/minecraft/world/entity/ai/sensing/SensorType;
[04:23:46] [main/DEBUG]: Transforming net/minecraft/world/entity/ai/sensing/SensorType METHOD <init>(Ljava/util/function/Supplier;)V to access PUBLIC and LEAVE
[04:23:46] [main/DEBUG]: Skipping Lnet/minecraft/world/entity/ai/sensing/Sensor;
[04:23:46] [main/DEBUG]: Skipping Lnet/minecraft/world/entity/ai/sensing/Sensing;
[04:23:46] [main/DEBUG]: Skipping Lnet/minecraft/world/entity/ai/sensing/SecondaryPoiSensor;
[04:23:46] [main/DEBUG]: Skipping Lnet/minecraft/world/entity/ai/sensing/PlayerSensor;
[04:23:46] [main/DEBUG]: Skipping Lnet/minecraft/world/entity/ai/sensing/PiglinSpecificSensor;
[04:23:46] [main/DEBUG]: Skipping Lnet/minecraft/world/entity/ai/sensing/PiglinBruteSpecificSensor;
[04:23:46] [main/DEBUG]: Skipping Lnet/minecraft/world/entity/ai/sensing/NearestVisibleLivingEntitySensor;
[04:23:46] [main/DEBUG]: Skipping Lnet/minecraft/world/entity/ai/sensing/NearestLivingEntitySensor;
[04:23:46] [main/DEBUG]: Skipping Lnet/minecraft/world/entity/ai/sensing/NearestItemSensor;
[04:23:46] [main/DEBUG]: Skipping Lnet/minecraft/world/entity/ai/sensing/NearestBedSensor;
[04:23:46] [main/DEBUG]: Skipping Lnet/minecraft/world/entity/ai/sensing/IsInWaterSensor;
[04:23:46] [main/DEBUG]: Skipping Lnet/minecraft/world/entity/ai/sensing/HurtBySensor;
[04:23:46] [main/DEBUG]: Skipping Lnet/minecraft/world/entity/ai/sensing/HoglinSpecificSensor;
[04:23:46] [main/DEBUG]: Skipping Lnet/minecraft/world/entity/ai/sensing/GolemSensor;
[04:23:46] [main/DEBUG]: Skipping Lnet/minecraft/world/entity/ai/sensing/FrogAttackablesSensor;
[04:23:46] [main/DEBUG]: Skipping Lnet/minecraft/world/entity/ai/sensing/DummySensor;
[04:23:46] [main/DEBUG]: Skipping Lnet/minecraft/world/entity/ai/sensing/BreezeAttackEntitySensor;
[04:23:46] [main/DEBUG]: Skipping Lnet/minecraft/world/entity/ai/sensing/AxolotlAttackablesSensor;
[04:23:46] [main/DEBUG]: Skipping Lnet/minecraft/world/entity/ai/sensing/AdultSensor;
[04:23:46] [main/DEBUG]: Skipping Lnet/minecraft/world/entity/ai/package-info;
[04:23:46] [main/DEBUG]: Skipping Lnet/minecraft/world/entity/ai/navigation/package-info;
[04:23:46] [main/DEBUG]: Skipping Lnet/minecraft/world/entity/ai/navigation/WaterBoundPathNavigation;
[04:23:46] [main/DEBUG]: Skipping Lnet/minecraft/world/entity/ai/navigation/GroundPathNavigation;
[04:23:46] [main/DEBUG]: Skipping Lnet/minecraft/world/entity/ai/navigation/FlyingPathNavigation;
[04:23:46] [main/DEBUG]: Skipping Lnet/minecraft/world/entity/ai/navigation/AmphibiousPathNavigation;
[04:23:46] [main/DEBUG]: Skipping Lnet/minecraft/world/entity/ai/navigation/WallClimberNavigation;
[04:23:46] [main/DEBUG]: Skipping Lnet/minecraft/world/entity/ai/navigation/PathNavigation;
[04:23:46] [main/DEBUG]: Skipping Lnet/minecraft/world/entity/ai/memory/package-info;
[04:23:46] [main/DEBUG]: Skipping Lnet/minecraft/world/entity/ai/memory/WalkTarget;
[04:23:46] [main/DEBUG]: Skipping Lnet/minecraft/world/entity/ai/memory/NearestVisibleLivingEntities;
[04:23:46] [main/DEBUG]: Skipping Lnet/minecraft/world/entity/ai/memory/MemoryStatus;
[04:23:46] [main/DEBUG]: Transforming class Lnet/minecraft/world/entity/ai/memory/MemoryModuleType;
[04:23:46] [main/DEBUG]: Transforming net/minecraft/world/entity/ai/memory/MemoryModuleType METHOD <init>(Ljava/util/Optional;)V to access PUBLIC and LEAVE
[04:23:46] [main/DEBUG]: Skipping Lnet/minecraft/world/entity/ai/memory/ExpirableValue;
[04:23:46] [main/DEBUG]: Skipping Lnet/minecraft/world/entity/ai/gossip/package-info;
[04:23:46] [main/DEBUG]: Skipping Lnet/minecraft/world/entity/ai/gossip/GossipType;
[04:23:46] [main/DEBUG]: Skipping Lnet/minecraft/world/entity/ai/gossip/GossipContainer;
[04:23:46] [main/DEBUG]: Skipping Lnet/minecraft/world/entity/ai/gossip/GossipContainer$GossipEntry;
[04:23:46] [main/DEBUG]: Skipping Lnet/minecraft/world/entity/ai/gossip/GossipContainer$EntityGossips;
[04:23:46] [main/DEBUG]: Skipping Lnet/minecraft/world/entity/ai/goal/target/package-info;
[04:23:46] [main/DEBUG]: Skipping Lnet/minecraft/world/entity/ai/goal/target/TargetGoal;
[04:23:46] [main/DEBUG]: Skipping Lnet/minecraft/world/entity/ai/goal/target/ResetUniversalAngerTargetGoal;
[04:23:46] [main/DEBUG]: Skipping Lnet/minecraft/world/entity/ai/goal/target/OwnerHurtTargetGoal;
[04:23:46] [main/DEBUG]: Skipping Lnet/minecraft/world/entity/ai/goal/target/OwnerHurtByTargetGoal;
[04:23:46] [main/DEBUG]: Skipping Lnet/minecraft/world/entity/ai/goal/target/NonTameRandomTargetGoal;
[04:23:46] [main/DEBUG]: Skipping Lnet/minecraft/world/entity/ai/goal/target/NearestHealableRaiderTargetGoal;
[04:23:46] [main/DEBUG]: Skipping Lnet/minecraft/world/entity/ai/goal/target/NearestAttackableWitchTargetGoal;
[04:23:46] [main/DEBUG]: Skipping Lnet/minecraft/world/entity/ai/goal/target/NearestAttackableTargetGoal;
[04:23:46] [main/DEBUG]: Skipping Lnet/minecraft/world/entity/ai/goal/target/HurtByTargetGoal;
[04:23:46] [main/DEBUG]: Skipping Lnet/minecraft/world/entity/ai/goal/target/DefendVillageTargetGoal;
[04:23:46] [main/DEBUG]: Skipping Lnet/minecraft/world/entity/ai/goal/package-info;
[04:23:46] [main/DEBUG]: Skipping Lnet/minecraft/world/entity/ai/goal/ZombieAttackGoal;
[04:23:46] [main/DEBUG]: Skipping Lnet/minecraft/world/entity/ai/goal/WrappedGoal;
[04:23:46] [main/DEBUG]: Skipping Lnet/minecraft/world/entity/ai/goal/WaterAvoidingRandomStrollGoal;
[04:23:46] [main/DEBUG]: Skipping Lnet/minecraft/world/entity/ai/goal/WaterAvoidingRandomFlyingGoal;
[04:23:46] [main/DEBUG]: Skipping Lnet/minecraft/world/entity/ai/goal/UseItemGoal;
[04:23:46] [main/DEBUG]: Skipping Lnet/minecraft/world/entity/ai/goal/TryFindWaterGoal;
[04:23:46] [main/DEBUG]: Skipping Lnet/minecraft/world/entity/ai/goal/TradeWithPlayerGoal;
[04:23:46] [main/DEBUG]: Skipping Lnet/minecraft/world/entity/ai/goal/TemptGoal;
[04:23:46] [main/DEBUG]: Skipping Lnet/minecraft/world/entity/ai/goal/SwellGoal;
[04:23:46] [main/DEBUG]: Skipping Lnet/minecraft/world/entity/ai/goal/StrollThroughVillageGoal;
[04:23:46] [main/DEBUG]: Skipping Lnet/minecraft/world/entity/ai/goal/SitWhenOrderedToGoal;
[04:23:46] [main/DEBUG]: Skipping Lnet/minecraft/world/entity/ai/goal/RestrictSunGoal;
[04:23:46] [main/DEBUG]: Skipping Lnet/minecraft/world/entity/ai/goal/RangedAttackGoal;
[04:23:46] [main/DEBUG]: Skipping Lnet/minecraft/world/entity/ai/goal/RandomSwimmingGoal;
[04:23:46] [main/DEBUG]: Skipping Lnet/minecraft/world/entity/ai/goal/RandomStrollGoal;
[04:23:46] [main/DEBUG]: Skipping Lnet/minecraft/world/entity/ai/goal/RandomStandGoal;
[04:23:46] [main/DEBUG]: Skipping Lnet/minecraft/world/entity/ai/goal/RandomLookAroundGoal;
[04:23:46] [main/DEBUG]: Skipping Lnet/minecraft/world/entity/ai/goal/PathfindToRaidGoal;
[04:23:46] [main/DEBUG]: Skipping Lnet/minecraft/world/entity/ai/goal/PanicGoal;
[04:23:46] [main/DEBUG]: Skipping Lnet/minecraft/world/entity/ai/goal/OpenDoorGoal;
[04:23:46] [main/DEBUG]: Skipping Lnet/minecraft/world/entity/ai/goal/OfferFlowerGoal;
[04:23:46] [main/DEBUG]: Skipping Lnet/minecraft/world/entity/ai/goal/OcelotAttackGoal;
[04:23:46] [main/DEBUG]: Skipping Lnet/minecraft/world/entity/ai/goal/MoveTowardsTargetGoal;
[04:23:46] [main/DEBUG]: Skipping Lnet/minecraft/world/entity/ai/goal/MoveTowardsRestrictionGoal;
[04:23:46] [main/DEBUG]: Skipping Lnet/minecraft/world/entity/ai/goal/MoveToBlockGoal;
[04:23:46] [main/DEBUG]: Skipping Lnet/minecraft/world/entity/ai/goal/MoveThroughVillageGoal;
[04:23:46] [main/DEBUG]: Skipping Lnet/minecraft/world/entity/ai/goal/MoveBackToVillageGoal;
[04:23:46] [main/DEBUG]: Skipping Lnet/minecraft/world/entity/ai/goal/LookAtTradingPlayerGoal;
[04:23:46] [main/DEBUG]: Skipping Lnet/minecraft/world/entity/ai/goal/LookAtPlayerGoal;
[04:23:46] [main/DEBUG]: Skipping Lnet/minecraft/world/entity/ai/goal/LlamaFollowCaravanGoal;
[04:23:46] [main/DEBUG]: Skipping Lnet/minecraft/world/entity/ai/goal/LeapAtTargetGoal;
[04:23:46] [main/DEBUG]: Skipping Lnet/minecraft/world/entity/ai/goal/LandOnOwnersShoulderGoal;
[04:23:46] [main/DEBUG]: Skipping Lnet/minecraft/world/entity/ai/goal/JumpGoal;
[04:23:46] [main/DEBUG]: Skipping Lnet/minecraft/world/entity/ai/goal/InteractGoal;
[04:23:46] [main/DEBUG]: Skipping Lnet/minecraft/world/entity/ai/goal/GolemRandomStrollInVillageGoal;
[04:23:46] [main/DEBUG]: Skipping Lnet/minecraft/world/entity/ai/goal/GoalSelector;
[04:23:46] [main/DEBUG]: Skipping Lnet/minecraft/world/entity/ai/goal/GoalSelector$2;
[04:23:46] [main/DEBUG]: Skipping Lnet/minecraft/world/entity/ai/goal/GoalSelector$1;
[04:23:46] [main/DEBUG]: Skipping Lnet/minecraft/world/entity/ai/goal/Goal;
[04:23:46] [main/DEBUG]: Skipping Lnet/minecraft/world/entity/ai/goal/Goal$Flag;
[04:23:46] [main/DEBUG]: Skipping Lnet/minecraft/world/entity/ai/goal/FollowParentGoal;
[04:23:46] [main/DEBUG]: Skipping Lnet/minecraft/world/entity/ai/goal/FollowOwnerGoal;
[04:23:46] [main/DEBUG]: Skipping Lnet/minecraft/world/entity/ai/goal/FollowMobGoal;
[04:23:46] [main/DEBUG]: Skipping Lnet/minecraft/world/entity/ai/goal/FollowFlockLeaderGoal;
[04:23:46] [main/DEBUG]: Skipping Lnet/minecraft/world/entity/ai/goal/FollowBoatGoal;
[04:23:46] [main/DEBUG]: Skipping Lnet/minecraft/world/entity/ai/goal/FleeSunGoal;
[04:23:46] [main/DEBUG]: Skipping Lnet/minecraft/world/entity/ai/goal/DoorInteractGoal;
[04:23:46] [main/DEBUG]: Skipping Lnet/minecraft/world/entity/ai/goal/DolphinJumpGoal;
[04:23:46] [main/DEBUG]: Skipping Lnet/minecraft/world/entity/ai/goal/ClimbOnTopOfPowderSnowGoal;
[04:23:46] [main/DEBUG]: Skipping Lnet/minecraft/world/entity/ai/goal/CatSitOnBlockGoal;
[04:23:46] [main/DEBUG]: Skipping Lnet/minecraft/world/entity/ai/goal/CatLieOnBedGoal;
[04:23:46] [main/DEBUG]: Skipping Lnet/minecraft/world/entity/ai/goal/BreedGoal;
[04:23:46] [main/DEBUG]: Skipping Lnet/minecraft/world/entity/ai/goal/BreathAirGoal;
[04:23:46] [main/DEBUG]: Skipping Lnet/minecraft/world/entity/ai/goal/BoatGoals;
[04:23:46] [main/DEBUG]: Skipping Lnet/minecraft/world/entity/ai/goal/BegGoal;
[04:23:46] [main/DEBUG]: Skipping Lnet/minecraft/world/entity/ai/goal/AvoidEntityGoal;
[04:23:46] [main/DEBUG]: Skipping Lnet/minecraft/world/entity/ai/goal/RunAroundLikeCrazyGoal;
[04:23:46] [main/DEBUG]: Skipping Lnet/minecraft/world/entity/ai/goal/RemoveBlockGoal;
[04:23:46] [main/DEBUG]: Skipping Lnet/minecraft/world/entity/ai/goal/RangedCrossbowAttackGoal;
[04:23:46] [main/DEBUG]: Skipping Lnet/minecraft/world/entity/ai/goal/RangedCrossbowAttackGoal$CrossbowState;
[04:23:46] [main/DEBUG]: Skipping Lnet/minecraft/world/entity/ai/goal/RangedBowAttackGoal;
[04:23:46] [main/DEBUG]: Skipping Lnet/minecraft/world/entity/ai/goal/MeleeAttackGoal;
[04:23:46] [main/DEBUG]: Skipping Lnet/minecraft/world/entity/ai/goal/FloatGoal;
[04:23:46] [main/DEBUG]: Skipping Lnet/minecraft/world/entity/ai/goal/EatBlockGoal;
[04:23:46] [main/DEBUG]: Skipping Lnet/minecraft/world/entity/ai/goal/BreakDoorGoal;
[04:23:46] [main/DEBUG]: Skipping Lnet/minecraft/world/entity/ai/control/package-info;
[04:23:46] [main/DEBUG]: Skipping Lnet/minecraft/world/entity/ai/control/SmoothSwimmingMoveControl;
[04:23:46] [main/DEBUG]: Skipping Lnet/minecraft/world/entity/ai/control/SmoothSwimmingLookControl;
[04:23:46] [main/DEBUG]: Skipping Lnet/minecraft/world/entity/ai/control/LookControl;
[04:23:46] [main/DEBUG]: Skipping Lnet/minecraft/world/entity/ai/control/JumpControl;
[04:23:46] [main/DEBUG]: Skipping Lnet/minecraft/world/entity/ai/control/FlyingMoveControl;
[04:23:46] [main/DEBUG]: Skipping Lnet/minecraft/world/entity/ai/control/Control;
[04:23:46] [main/DEBUG]: Skipping Lnet/minecraft/world/entity/ai/control/BodyRotationControl;
[04:23:46] [main/DEBUG]: Skipping Lnet/minecraft/world/entity/ai/control/MoveControl;
[04:23:46] [main/DEBUG]: Skipping Lnet/minecraft/world/entity/ai/control/MoveControl$Operation;
[04:23:46] [main/DEBUG]: Skipping Lnet/minecraft/world/entity/ai/behavior/warden/package-info;
[04:23:46] [main/DEBUG]: Skipping Lnet/minecraft/world/entity/ai/behavior/warden/TryToSniff;
[04:23:46] [main/DEBUG]: Skipping Lnet/minecraft/world/entity/ai/behavior/warden/SonicBoom;
[04:23:46] [main/DEBUG]: Skipping Lnet/minecraft/world/entity/ai/behavior/warden/Sniffing;
[04:23:46] [main/DEBUG]: Skipping Lnet/minecraft/world/entity/ai/behavior/warden/SetWardenLookTarget;
[04:23:46] [main/DEBUG]: Skipping Lnet/minecraft/world/entity/ai/behavior/warden/SetRoarTarget;
[04:23:46] [main/DEBUG]: Skipping Lnet/minecraft/world/entity/ai/behavior/warden/Roar;
[04:23:46] [main/DEBUG]: Skipping Lnet/minecraft/world/entity/ai/behavior/warden/ForceUnmount;
[04:23:46] [main/DEBUG]: Skipping Lnet/minecraft/world/entity/ai/behavior/warden/Emerging;
[04:23:46] [main/DEBUG]: Skipping Lnet/minecraft/world/entity/ai/behavior/warden/Digging;
[04:23:46] [main/DEBUG]: Skipping Lnet/minecraft/world/entity/ai/behavior/package-info;
[04:23:46] [main/DEBUG]: Skipping Lnet/minecraft/world/entity/ai/behavior/declarative/package-info;
[04:23:46] [main/DEBUG]: Skipping Lnet/minecraft/world/entity/ai/behavior/declarative/Trigger;
[04:23:46] [main/DEBUG]: Skipping Lnet/minecraft/world/entity/ai/behavior/declarative/MemoryCondition;
[04:23:46] [main/DEBUG]: Skipping Lnet/minecraft/world/entity/ai/behavior/declarative/MemoryCondition$Registered;
[04:23:46] [main/DEBUG]: Skipping Lnet/minecraft/world/entity/ai/behavior/declarative/MemoryCondition$Present;
[04:23:46] [main/DEBUG]: Skipping Lnet/minecraft/world/entity/ai/behavior/declarative/MemoryCondition$Absent;
[04:23:46] [main/DEBUG]: Skipping Lnet/minecraft/world/entity/ai/behavior/declarative/MemoryAccessor;
[04:23:46] [main/DEBUG]: Skipping Lnet/minecraft/world/entity/ai/behavior/declarative/BehaviorBuilder;
[04:23:46] [main/DEBUG]: Skipping Lnet/minecraft/world/entity/ai/behavior/declarative/BehaviorBuilder$TriggerWrapper;
[04:23:46] [main/DEBUG]: Skipping Lnet/minecraft/world/entity/ai/behavior/declarative/BehaviorBuilder$TriggerWrapper$1;
[04:23:46] [main/DEBUG]: Skipping Lnet/minecraft/world/entity/ai/behavior/declarative/BehaviorBuilder$TriggerWithResult;
[04:23:46] [main/DEBUG]: Skipping Lnet/minecraft/world/entity/ai/behavior/declarative/BehaviorBuilder$PureMemory;
[04:23:46] [main/DEBUG]: Skipping Lnet/minecraft/world/entity/ai/behavior/declarative/BehaviorBuilder$PureMemory$1;
[04:23:46] [main/DEBUG]: Skipping Lnet/minecraft/world/entity/ai/behavior/declarative/BehaviorBuilder$Mu;
[04:23:46] [main/DEBUG]: Skipping Lnet/minecraft/world/entity/ai/behavior/declarative/BehaviorBuilder$Instance;
[04:23:46] [main/DEBUG]: Skipping Lnet/minecraft/world/entity/ai/behavior/declarative/BehaviorBuilder$Instance$Mu;
[04:23:46] [main/DEBUG]: Skipping Lnet/minecraft/world/entity/ai/behavior/declarative/BehaviorBuilder$Instance$5;
[04:23:46] [main/DEBUG]: Skipping Lnet/minecraft/world/entity/ai/behavior/declarative/BehaviorBuilder$Instance$4;
[04:23:46] [main/DEBUG]: Skipping Lnet/minecraft/world/entity/ai/behavior/declarative/BehaviorBuilder$Instance$3;
[04:23:46] [main/DEBUG]: Skipping Lnet/minecraft/world/entity/ai/behavior/declarative/BehaviorBuilder$Instance$2;
[04:23:46] [main/DEBUG]: Skipping Lnet/minecraft/world/entity/ai/behavior/declarative/BehaviorBuilder$Instance$1;
[04:23:46] [main/DEBUG]: Skipping Lnet/minecraft/world/entity/ai/behavior/declarative/BehaviorBuilder$Constant;
[04:23:46] [main/DEBUG]: Skipping Lnet/minecraft/world/entity/ai/behavior/declarative/BehaviorBuilder$Constant$1;
[04:23:46] [main/DEBUG]: Skipping Lnet/minecraft/world/entity/ai/behavior/declarative/BehaviorBuilder$1;
[04:23:46] [main/DEBUG]: Skipping Lnet/minecraft/world/entity/ai/behavior/YieldJobSite;
[04:23:46] [main/DEBUG]: Skipping Lnet/minecraft/world/entity/ai/behavior/WorkAtPoi;
[04:23:46] [main/DEBUG]: Skipping Lnet/minecraft/world/entity/ai/behavior/WorkAtComposter;
[04:23:46] [main/DEBUG]: Skipping Lnet/minecraft/world/entity/ai/behavior/WakeUp;
[04:23:46] [main/DEBUG]: Skipping Lnet/minecraft/world/entity/ai/behavior/VillagerPanicTrigger;
[04:23:46] [main/DEBUG]: Skipping Lnet/minecraft/world/entity/ai/behavior/VillagerMakeLove;
[04:23:46] [main/DEBUG]: Skipping Lnet/minecraft/world/entity/ai/behavior/VillagerGoalPackages;
[04:23:46] [main/DEBUG]: Skipping Lnet/minecraft/world/entity/ai/behavior/VillagerCalmDown;
[04:23:46] [main/DEBUG]: Skipping Lnet/minecraft/world/entity/ai/behavior/VillageBoundRandomStroll;
[04:23:46] [main/DEBUG]: Skipping Lnet/minecraft/world/entity/ai/behavior/ValidateNearbyPoi;
[04:23:46] [main/DEBUG]: Skipping Lnet/minecraft/world/entity/ai/behavior/UseBonemeal;
[04:23:46] [main/DEBUG]: Skipping Lnet/minecraft/world/entity/ai/behavior/UpdateActivityFromSchedule;
[04:23:46] [main/DEBUG]: Skipping Lnet/minecraft/world/entity/ai/behavior/TryLaySpawnOnWaterNearLand;
[04:23:46] [main/DEBUG]: Skipping Lnet/minecraft/world/entity/ai/behavior/TryFindWater;
[04:23:46] [main/DEBUG]: Skipping Lnet/minecraft/world/entity/ai/behavior/TryFindLandNearWater;
[04:23:46] [main/DEBUG]: Skipping Lnet/minecraft/world/entity/ai/behavior/TryFindLand;
[04:23:46] [main/DEBUG]: Skipping Lnet/minecraft/world/entity/ai/behavior/TriggerGate;
[04:23:46] [main/DEBUG]: Skipping Lnet/minecraft/world/entity/ai/behavior/TradeWithVillager;
[04:23:46] [main/DEBUG]: Skipping Lnet/minecraft/world/entity/ai/behavior/StrollToPoiList;
[04:23:46] [main/DEBUG]: Skipping Lnet/minecraft/world/entity/ai/behavior/StrollToPoi;
[04:23:46] [main/DEBUG]: Skipping Lnet/minecraft/world/entity/ai/behavior/StrollAroundPoi;
[04:23:46] [main/DEBUG]: Skipping Lnet/minecraft/world/entity/ai/behavior/StopBeingAngryIfTargetDead;
[04:23:46] [main/DEBUG]: Skipping Lnet/minecraft/world/entity/ai/behavior/StopAttackingIfTargetInvalid;
[04:23:46] [main/DEBUG]: Skipping Lnet/minecraft/world/entity/ai/behavior/StayCloseToTarget;
[04:23:46] [main/DEBUG]: Skipping Lnet/minecraft/world/entity/ai/behavior/StartCelebratingIfTargetDead;
[04:23:46] [main/DEBUG]: Skipping Lnet/minecraft/world/entity/ai/behavior/SocializeAtBell;
[04:23:46] [main/DEBUG]: Skipping Lnet/minecraft/world/entity/ai/behavior/SleepInBed;
[04:23:46] [main/DEBUG]: Skipping Lnet/minecraft/world/entity/ai/behavior/ShufflingList;
[04:23:46] [main/DEBUG]: Skipping Lnet/minecraft/world/entity/ai/behavior/ShufflingList$WeightedEntry;
[04:23:46] [main/DEBUG]: Skipping Lnet/minecraft/world/entity/ai/behavior/ShufflingList$WeightedEntry$1;
[04:23:46] [main/DEBUG]: Skipping Lnet/minecraft/world/entity/ai/behavior/ShowTradesToPlayer;
[04:23:46] [main/DEBUG]: Skipping Lnet/minecraft/world/entity/ai/behavior/SetWalkTargetFromLookTarget;
[04:23:46] [main/DEBUG]: Skipping Lnet/minecraft/world/entity/ai/behavior/SetWalkTargetFromBlockMemory;
[04:23:46] [main/DEBUG]: Skipping Lnet/minecraft/world/entity/ai/behavior/SetWalkTargetFromAttackTargetIfTargetOutOfReach;
[04:23:46] [main/DEBUG]: Skipping Lnet/minecraft/world/entity/ai/behavior/SetWalkTargetAwayFrom;
[04:23:46] [main/DEBUG]: Skipping Lnet/minecraft/world/entity/ai/behavior/SetRaidStatus;
[04:23:46] [main/DEBUG]: Skipping Lnet/minecraft/world/entity/ai/behavior/SetLookAndInteract;
[04:23:46] [main/DEBUG]: Skipping Lnet/minecraft/world/entity/ai/behavior/SetHiddenState;
[04:23:46] [main/DEBUG]: Skipping Lnet/minecraft/world/entity/ai/behavior/SetEntityLookTargetSometimes;
[04:23:46] [main/DEBUG]: Skipping Lnet/minecraft/world/entity/ai/behavior/SetEntityLookTargetSometimes$Ticker;
[04:23:46] [main/DEBUG]: Skipping Lnet/minecraft/world/entity/ai/behavior/SetEntityLookTarget;
[04:23:46] [main/DEBUG]: Skipping Lnet/minecraft/world/entity/ai/behavior/SetClosestHomeAsWalkTarget;
[04:23:46] [main/DEBUG]: Skipping Lnet/minecraft/world/entity/ai/behavior/RunOne;
[04:23:46] [main/DEBUG]: Skipping Lnet/minecraft/world/entity/ai/behavior/RingBell;
[04:23:46] [main/DEBUG]: Skipping Lnet/minecraft/world/entity/ai/behavior/ResetRaidStatus;
[04:23:46] [main/DEBUG]: Skipping Lnet/minecraft/world/entity/ai/behavior/ResetProfession;
[04:23:46] [main/DEBUG]: Skipping Lnet/minecraft/world/entity/ai/behavior/ReactToBell;
[04:23:46] [main/DEBUG]: Skipping Lnet/minecraft/world/entity/ai/behavior/RandomStroll;
[04:23:46] [main/DEBUG]: Skipping Lnet/minecraft/world/entity/ai/behavior/RandomLookAround;
[04:23:46] [main/DEBUG]: Skipping Lnet/minecraft/world/entity/ai/behavior/RamTarget;
[04:23:46] [main/DEBUG]: Skipping Lnet/minecraft/world/entity/ai/behavior/PrepareRamNearestTarget;
[04:23:46] [main/DEBUG]: Skipping Lnet/minecraft/world/entity/ai/behavior/PrepareRamNearestTarget$RamCandidate;
[04:23:46] [main/DEBUG]: Skipping Lnet/minecraft/world/entity/ai/behavior/PositionTracker;
[04:23:46] [main/DEBUG]: Skipping Lnet/minecraft/world/entity/ai/behavior/PoiCompetitorScan;
[04:23:46] [main/DEBUG]: Skipping Lnet/minecraft/world/entity/ai/behavior/PlayTagWithOtherKids;
[04:23:46] [main/DEBUG]: Skipping Lnet/minecraft/world/entity/ai/behavior/OneShot;
[04:23:46] [main/DEBUG]: Skipping Lnet/minecraft/world/entity/ai/behavior/MoveToTargetSink;
[04:23:46] [main/DEBUG]: Skipping Lnet/minecraft/world/entity/ai/behavior/MoveToSkySeeingSpot;
[04:23:46] [main/DEBUG]: Skipping Lnet/minecraft/world/entity/ai/behavior/Mount;
[04:23:46] [main/DEBUG]: Skipping Lnet/minecraft/world/entity/ai/behavior/MeleeAttack;
[04:23:46] [main/DEBUG]: Skipping Lnet/minecraft/world/entity/ai/behavior/LookAtTargetSink;
[04:23:46] [main/DEBUG]: Skipping Lnet/minecraft/world/entity/ai/behavior/LookAndFollowTradingPlayerSink;
[04:23:46] [main/DEBUG]: Skipping Lnet/minecraft/world/entity/ai/behavior/LongJumpUtil;
[04:23:46] [main/DEBUG]: Skipping Lnet/minecraft/world/entity/ai/behavior/LongJumpToRandomPos;
[04:23:46] [main/DEBUG]: Skipping Lnet/minecraft/world/entity/ai/behavior/LongJumpToRandomPos$PossibleJump;
[04:23:46] [main/DEBUG]: Skipping Lnet/minecraft/world/entity/ai/behavior/LongJumpToPreferredBlock;
[04:23:46] [main/DEBUG]: Skipping Lnet/minecraft/world/entity/ai/behavior/LongJumpMidJump;
[04:23:46] [main/DEBUG]: Skipping Lnet/minecraft/world/entity/ai/behavior/LocateHidingPlace;
[04:23:46] [main/DEBUG]: Skipping Lnet/minecraft/world/entity/ai/behavior/JumpOnBed;
[04:23:46] [main/DEBUG]: Skipping Lnet/minecraft/world/entity/ai/behavior/InteractWithDoor;
[04:23:46] [main/DEBUG]: Skipping Lnet/minecraft/world/entity/ai/behavior/InteractWith;
[04:23:46] [main/DEBUG]: Skipping Lnet/minecraft/world/entity/ai/behavior/InsideBrownianWalk;
[04:23:46] [main/DEBUG]: Skipping Lnet/minecraft/world/entity/ai/behavior/GoToWantedItem;
[04:23:46] [main/DEBUG]: Skipping Lnet/minecraft/world/entity/ai/behavior/GoToTargetLocation;
[04:23:46] [main/DEBUG]: Skipping Lnet/minecraft/world/entity/ai/behavior/GoToPotentialJobSite;
[04:23:46] [main/DEBUG]: Skipping Lnet/minecraft/world/entity/ai/behavior/GoToClosestVillage;
[04:23:46] [main/DEBUG]: Skipping Lnet/minecraft/world/entity/ai/behavior/GoAndGiveItemsToTarget;
[04:23:46] [main/DEBUG]: Skipping Lnet/minecraft/world/entity/ai/behavior/GiveGiftToHero;
[04:23:46] [main/DEBUG]: Skipping Lnet/minecraft/world/entity/ai/behavior/GateBehavior;
[04:23:46] [main/DEBUG]: Skipping Lnet/minecraft/world/entity/ai/behavior/GateBehavior$RunningPolicy;
[04:23:46] [main/DEBUG]: Skipping Lnet/minecraft/world/entity/ai/behavior/GateBehavior$RunningPolicy$2;
[04:23:46] [main/DEBUG]: Skipping Lnet/minecraft/world/entity/ai/behavior/GateBehavior$RunningPolicy$1;
[04:23:46] [main/DEBUG]: Skipping Lnet/minecraft/world/entity/ai/behavior/GateBehavior$OrderPolicy;
[04:23:46] [main/DEBUG]: Skipping Lnet/minecraft/world/entity/ai/behavior/FollowTemptation;
[04:23:46] [main/DEBUG]: Skipping Lnet/minecraft/world/entity/ai/behavior/EraseMemoryIf;
[04:23:46] [main/DEBUG]: Skipping Lnet/minecraft/world/entity/ai/behavior/EntityTracker;
[04:23:46] [main/DEBUG]: Skipping Lnet/minecraft/world/entity/ai/behavior/DoNothing;
[04:23:46] [main/DEBUG]: Skipping Lnet/minecraft/world/entity/ai/behavior/DismountOrSkipMounting;
[04:23:46] [main/DEBUG]: Skipping Lnet/minecraft/world/entity/ai/behavior/Croak;
[04:23:46] [main/DEBUG]: Skipping Lnet/minecraft/world/entity/ai/behavior/CountDownCooldownTicks;
[04:23:46] [main/DEBUG]: Skipping Lnet/minecraft/world/entity/ai/behavior/CopyMemoryWithExpiry;
[04:23:46] [main/DEBUG]: Skipping Lnet/minecraft/world/entity/ai/behavior/CelebrateVillagersSurvivedRaid;
[04:23:46] [main/DEBUG]: Skipping Lnet/minecraft/world/entity/ai/behavior/BlockPosTracker;
[04:23:46] [main/DEBUG]: Skipping Lnet/minecraft/world/entity/ai/behavior/BehaviorUtils;
[04:23:46] [main/DEBUG]: Skipping Lnet/minecraft/world/entity/ai/behavior/BehaviorControl;
[04:23:46] [main/DEBUG]: Skipping Lnet/minecraft/world/entity/ai/behavior/Behavior;
[04:23:46] [main/DEBUG]: Skipping Lnet/minecraft/world/entity/ai/behavior/Behavior$Status;
[04:23:46] [main/DEBUG]: Skipping Lnet/minecraft/world/entity/ai/behavior/BecomePassiveIfMemoryPresent;
[04:23:46] [main/DEBUG]: Skipping Lnet/minecraft/world/entity/ai/behavior/BackUpIfTooClose;
[04:23:46] [main/DEBUG]: Skipping Lnet/minecraft/world/entity/ai/behavior/BabyFollowAdult;
[04:23:46] [main/DEBUG]: Skipping Lnet/minecraft/world/entity/ai/behavior/AssignProfessionFromJobSite;
[04:23:46] [main/DEBUG]: Skipping Lnet/minecraft/world/entity/ai/behavior/AnimalPanic;
[04:23:46] [main/DEBUG]: Skipping Lnet/minecraft/world/entity/ai/behavior/AnimalMakeLove;
[04:23:46] [main/DEBUG]: Skipping Lnet/minecraft/world/entity/ai/behavior/AcquirePoi;
[04:23:46] [main/DEBUG]: Skipping Lnet/minecraft/world/entity/ai/behavior/AcquirePoi$JitteredLinearRetry;
[04:23:46] [main/DEBUG]: Skipping Lnet/minecraft/world/entity/ai/behavior/Swim;
[04:23:46] [main/DEBUG]: Skipping Lnet/minecraft/world/entity/ai/behavior/StartAttacking;
[04:23:46] [main/DEBUG]: Skipping Lnet/minecraft/world/entity/ai/behavior/HarvestFarmland;
[04:23:46] [main/DEBUG]: Skipping Lnet/minecraft/world/entity/ai/behavior/CrossbowAttack;
[04:23:46] [main/DEBUG]: Skipping Lnet/minecraft/world/entity/ai/behavior/CrossbowAttack$CrossbowState;
[04:23:46] [main/DEBUG]: Skipping Lnet/minecraft/world/entity/ai/attributes/package-info;
[04:23:46] [main/DEBUG]: Skipping Lnet/minecraft/world/entity/ai/attributes/RangedAttribute;
[04:23:46] [main/DEBUG]: Skipping Lnet/minecraft/world/entity/ai/attributes/Attributes;
[04:23:46] [main/DEBUG]: Skipping Lnet/minecraft/world/entity/ai/attributes/AttributeModifier;
[04:23:46] [main/DEBUG]: Skipping Lnet/minecraft/world/entity/ai/attributes/AttributeModifier$Operation;
[04:23:46] [main/DEBUG]: Skipping Lnet/minecraft/world/entity/ai/attributes/AttributeMap;
[04:23:46] [main/DEBUG]: Skipping Lnet/minecraft/world/entity/ai/attributes/AttributeInstance;
[04:23:46] [main/DEBUG]: Skipping Lnet/minecraft/world/entity/ai/attributes/Attribute;
[04:23:46] [main/DEBUG]: Skipping Lnet/minecraft/world/entity/ai/attributes/DefaultAttributes;
[04:23:46] [main/DEBUG]: Skipping Lnet/minecraft/world/entity/ai/attributes/AttributeSupplier;
[04:23:46] [main/DEBUG]: Skipping Lnet/minecraft/world/entity/ai/attributes/AttributeSupplier$Builder;
[04:23:46] [main/DEBUG]: Skipping Lnet/minecraft/world/entity/ai/Brain;
[04:23:46] [main/DEBUG]: Skipping Lnet/minecraft/world/entity/ai/Brain$Provider;
[04:23:46] [main/DEBUG]: Skipping Lnet/minecraft/world/entity/ai/Brain$MemoryValue;
[04:23:46] [main/DEBUG]: Skipping Lnet/minecraft/world/entity/ai/Brain$1;
[04:23:46] [main/DEBUG]: Skipping Lnet/minecraft/world/entity/WalkAnimationState;
[04:23:46] [main/DEBUG]: Skipping Lnet/minecraft/world/entity/VariantHolder;
[04:23:46] [main/DEBUG]: Skipping Lnet/minecraft/world/entity/TraceableEntity;
[04:23:46] [main/DEBUG]: Skipping Lnet/minecraft/world/entity/Targeting;
[04:23:46] [main/DEBUG]: Skipping Lnet/minecraft/world/entity/SpawnGroupData;
[04:23:46] [main/DEBUG]: Skipping Lnet/minecraft/world/entity/SlotAccess;
[04:23:46] [main/DEBUG]: Skipping Lnet/minecraft/world/entity/SlotAccess$3;
[04:23:46] [main/DEBUG]: Skipping Lnet/minecraft/world/entity/SlotAccess$2;
[04:23:46] [main/DEBUG]: Skipping Lnet/minecraft/world/entity/SlotAccess$1;
[04:23:46] [main/DEBUG]: Skipping Lnet/minecraft/world/entity/Saddleable;
[04:23:46] [main/DEBUG]: Skipping Lnet/minecraft/world/entity/ReputationEventHandler;
[04:23:46] [main/DEBUG]: Skipping Lnet/minecraft/world/entity/RelativeMovement;
[04:23:46] [main/DEBUG]: Skipping Lnet/minecraft/world/entity/PowerableMob;
[04:23:46] [main/DEBUG]: Skipping Lnet/minecraft/world/entity/Pose;
[04:23:46] [main/DEBUG]: Skipping Lnet/minecraft/world/entity/PlayerRideableJumping;
[04:23:46] [main/DEBUG]: Skipping Lnet/minecraft/world/entity/PlayerRideable;
[04:23:46] [main/DEBUG]: Skipping Lnet/minecraft/world/entity/PathfinderMob;
[04:23:46] [main/DEBUG]: Skipping Lnet/minecraft/world/entity/OwnableEntity;
[04:23:46] [main/DEBUG]: Skipping Lnet/minecraft/world/entity/NeutralMob;
[04:23:46] [main/DEBUG]: Skipping Lnet/minecraft/world/entity/MoverType;
[04:23:46] [main/DEBUG]: Skipping Lnet/minecraft/world/entity/MobType;
[04:23:46] [main/DEBUG]: Skipping Lnet/minecraft/world/entity/MobSpawnType;
[04:23:46] [main/DEBUG]: Skipping Lnet/minecraft/world/entity/Marker;
[04:23:46] [main/DEBUG]: Skipping Lnet/minecraft/world/entity/LerpingModel;
[04:23:46] [main/DEBUG]: Skipping Lnet/minecraft/world/entity/ItemSteerable;
[04:23:46] [main/DEBUG]: Skipping Lnet/minecraft/world/entity/ItemBasedSteering;
[04:23:46] [main/DEBUG]: Skipping Lnet/minecraft/world/entity/Interaction;
[04:23:46] [main/DEBUG]: Skipping Lnet/minecraft/world/entity/Interaction$PlayerAction;
[04:23:46] [main/DEBUG]: Skipping Lnet/minecraft/world/entity/HumanoidArm;
[04:23:46] [main/DEBUG]: Skipping Lnet/minecraft/world/entity/HasCustomInventoryScreen;
[04:23:46] [main/DEBUG]: Skipping Lnet/minecraft/world/entity/GlowSquid;
[04:23:47] [main/DEBUG]: Skipping Lnet/minecraft/world/entity/EquipmentSlot;
[04:23:47] [main/DEBUG]: Skipping Lnet/minecraft/world/entity/EquipmentSlot$Type;
[04:23:47] [main/DEBUG]: Skipping Lnet/minecraft/world/entity/EntitySelector;
[04:23:47] [main/DEBUG]: Skipping Lnet/minecraft/world/entity/EntitySelector$MobCanWearArmorEntitySelector;
[04:23:47] [main/DEBUG]: Skipping Lnet/minecraft/world/entity/EntityEvent;
[04:23:47] [main/DEBUG]: Skipping Lnet/minecraft/world/entity/EntityDimensions;
[04:23:47] [main/DEBUG]: Skipping Lnet/minecraft/world/entity/Display;
[04:23:47] [main/DEBUG]: Skipping Lnet/minecraft/world/entity/Display$TransformationInterpolator;
[04:23:47] [main/DEBUG]: Skipping Lnet/minecraft/world/entity/Display$TextDisplay;
[04:23:47] [main/DEBUG]: Skipping Lnet/minecraft/world/entity/Display$TextDisplay$TextRenderState;
[04:23:47] [main/DEBUG]: Skipping Lnet/minecraft/world/entity/Display$TextDisplay$LineSplitter;
[04:23:47] [main/DEBUG]: Skipping Lnet/minecraft/world/entity/Display$TextDisplay$CachedLine;
[04:23:47] [main/DEBUG]: Skipping Lnet/minecraft/world/entity/Display$TextDisplay$CachedInfo;
[04:23:47] [main/DEBUG]: Skipping Lnet/minecraft/world/entity/Display$TextDisplay$Align;
[04:23:47] [main/DEBUG]: Skipping Lnet/minecraft/world/entity/Display$RenderState;
[04:23:47] [main/DEBUG]: Skipping Lnet/minecraft/world/entity/Display$PosRotInterpolationTarget;
[04:23:47] [main/DEBUG]: Skipping Lnet/minecraft/world/entity/Display$LinearIntInterpolator;
[04:23:47] [main/DEBUG]: Skipping Lnet/minecraft/world/entity/Display$LinearFloatInterpolator;
[04:23:47] [main/DEBUG]: Skipping Lnet/minecraft/world/entity/Display$ItemDisplay;
[04:23:47] [main/DEBUG]: Skipping Lnet/minecraft/world/entity/Display$ItemDisplay$ItemRenderState;
[04:23:47] [main/DEBUG]: Skipping Lnet/minecraft/world/entity/Display$ItemDisplay$1;
[04:23:47] [main/DEBUG]: Skipping Lnet/minecraft/world/entity/Display$IntInterpolator;
[04:23:47] [main/DEBUG]: Skipping Lnet/minecraft/world/entity/Display$GenericInterpolator;
[04:23:47] [main/DEBUG]: Skipping Lnet/minecraft/world/entity/Display$FloatInterpolator;
[04:23:47] [main/DEBUG]: Skipping Lnet/minecraft/world/entity/Display$ColorInterpolator;
[04:23:47] [main/DEBUG]: Skipping Lnet/minecraft/world/entity/Display$BlockDisplay;
[04:23:47] [main/DEBUG]: Skipping Lnet/minecraft/world/entity/Display$BlockDisplay$BlockRenderState;
[04:23:47] [main/DEBUG]: Skipping Lnet/minecraft/world/entity/Display$BillboardConstraints;
[04:23:47] [main/DEBUG]: Skipping Lnet/minecraft/world/entity/Display$1;
[04:23:47] [main/DEBUG]: Skipping Lnet/minecraft/world/entity/Attackable;
[04:23:47] [main/DEBUG]: Skipping Lnet/minecraft/world/entity/AreaEffectCloud;
[04:23:47] [main/DEBUG]: Skipping Lnet/minecraft/world/entity/AnimationState;
[04:23:47] [main/DEBUG]: Skipping Lnet/minecraft/world/entity/AgeableMob;
[04:23:47] [main/DEBUG]: Skipping Lnet/minecraft/world/entity/AgeableMob$AgeableMobGroupData;
[04:23:47] [main/DEBUG]: Skipping Lnet/minecraft/world/entity/TamableAnimal;
[04:23:47] [main/DEBUG]: Transforming class Lnet/minecraft/world/entity/SpawnPlacements;
[04:23:47] [main/DEBUG]: Transforming net/minecraft/world/entity/SpawnPlacements METHOD m_21754_(Lnet/minecraft/world/entity/EntityType;Lnet/minecraft/world/entity/SpawnPlacements$Type;Lnet/minecraft/world/level/levelgen/Heightmap$Types;Lnet/minecraft/world/entity/SpawnPlacements$SpawnPredicate;)V to access PUBLIC and LEAVE
[04:23:47] [main/DEBUG]: Skipping Lnet/minecraft/world/entity/SpawnPlacements$Type;
[04:23:47] [main/DEBUG]: Skipping Lnet/minecraft/world/entity/SpawnPlacements$SpawnPredicate;
[04:23:47] [main/DEBUG]: Skipping Lnet/minecraft/world/entity/SpawnPlacements$Data;
[04:23:47] [main/DEBUG]: Skipping Lnet/minecraft/world/entity/Shearable;
[04:23:47] [main/DEBUG]: Skipping Lnet/minecraft/world/entity/MobCategory;
[04:23:47] [main/DEBUG]: Transforming class Lnet/minecraft/world/entity/Mob;
[04:23:47] [main/DEBUG]: Transforming net/minecraft/world/entity/Mob FIELD f_21345_ to access PUBLIC and LEAVE
[04:23:47] [main/DEBUG]: Transforming net/minecraft/world/entity/Mob FIELD f_21346_ to access PUBLIC and LEAVE
[04:23:47] [main/DEBUG]: Skipping Lnet/minecraft/world/entity/Mob$1;
[04:23:47] [main/DEBUG]: Skipping Lnet/minecraft/world/entity/LivingEntity;
[04:23:47] [main/DEBUG]: Skipping Lnet/minecraft/world/entity/LivingEntity$Fallsounds;
[04:23:47] [main/DEBUG]: Skipping Lnet/minecraft/world/entity/LivingEntity$1;
[04:23:47] [main/DEBUG]: Skipping Lnet/minecraft/world/entity/LightningBolt;
[04:23:47] [main/DEBUG]: Skipping Lnet/minecraft/world/entity/FlyingMob;
[04:23:47] [main/DEBUG]: Transforming class Lnet/minecraft/world/entity/ExperienceOrb;
[04:23:47] [main/DEBUG]: Transforming net/minecraft/world/entity/ExperienceOrb FIELD f_20770_ to access PUBLIC and LEAVE
[04:23:47] [main/DEBUG]: Skipping Lnet/minecraft/world/entity/EntityType;
[04:23:47] [main/DEBUG]: Skipping Lnet/minecraft/world/entity/EntityType$EntityFactory;
[04:23:47] [main/DEBUG]: Skipping Lnet/minecraft/world/entity/EntityType$Builder;
[04:23:47] [main/DEBUG]: Skipping Lnet/minecraft/world/entity/EntityType$1;
[04:23:47] [main/DEBUG]: Transforming class Lnet/minecraft/world/entity/Entity;
[04:23:47] [main/DEBUG]: Transforming net/minecraft/world/entity/Entity FIELD f_19843_ to access PROTECTED and LEAVE
[04:23:47] [main/DEBUG]: Transforming net/minecraft/world/entity/Entity METHOD m_20078_()Ljava/lang/String; to access PUBLIC and LEAVE
[04:23:47] [main/DEBUG]: Skipping Lnet/minecraft/world/entity/Entity$RemovalReason;
[04:23:47] [main/DEBUG]: Skipping Lnet/minecraft/world/entity/Entity$MovementEmission;
[04:23:47] [main/DEBUG]: Skipping Lnet/minecraft/world/entity/Entity$MoveFunction;
[04:23:47] [main/DEBUG]: Skipping Lnet/minecraft/world/entity/Entity$1;
[04:23:47] [main/DEBUG]: Skipping Lnet/minecraft/world/effect/package-info;
[04:23:47] [main/DEBUG]: Skipping Lnet/minecraft/world/effect/WitherMobEffect;
[04:23:47] [main/DEBUG]: Skipping Lnet/minecraft/world/effect/SaturationMobEffect;
[04:23:47] [main/DEBUG]: Skipping Lnet/minecraft/world/effect/RegenerationMobEffect;
[04:23:47] [main/DEBUG]: Skipping Lnet/minecraft/world/effect/PoisonMobEffect;
[04:23:47] [main/DEBUG]: Skipping Lnet/minecraft/world/effect/MobEffects;
[04:23:47] [main/DEBUG]: Skipping Lnet/minecraft/world/effect/MobEffectUtil;
[04:23:47] [main/DEBUG]: Skipping Lnet/minecraft/world/effect/MobEffectCategory;
[04:23:47] [main/DEBUG]: Skipping Lnet/minecraft/world/effect/InstantenousMobEffect;
[04:23:47] [main/DEBUG]: Skipping Lnet/minecraft/world/effect/HungerMobEffect;
[04:23:47] [main/DEBUG]: Skipping Lnet/minecraft/world/effect/HealOrHarmMobEffect;
[04:23:47] [main/DEBUG]: Skipping Lnet/minecraft/world/effect/BadOmenMobEffect;
[04:23:47] [main/DEBUG]: Skipping Lnet/minecraft/world/effect/AttributeModifierTemplate;
[04:23:47] [main/DEBUG]: Skipping Lnet/minecraft/world/effect/AbsorptionMobEffect;
[04:23:47] [main/DEBUG]: Skipping Lnet/minecraft/world/effect/MobEffectInstance;
[04:23:47] [main/DEBUG]: Skipping Lnet/minecraft/world/effect/MobEffectInstance$FactorData;
[04:23:47] [main/DEBUG]: Skipping Lnet/minecraft/world/effect/MobEffect;
[04:23:47] [main/DEBUG]: Skipping Lnet/minecraft/world/effect/MobEffect$MobEffectAttributeModifierTemplate;
[04:23:47] [main/DEBUG]: Skipping Lnet/minecraft/world/damagesource/package-info;
[04:23:47] [main/DEBUG]: Skipping Lnet/minecraft/world/damagesource/FallLocation;
[04:23:47] [main/DEBUG]: Skipping Lnet/minecraft/world/damagesource/DeathMessageType;
[04:23:47] [main/DEBUG]: Skipping Lnet/minecraft/world/damagesource/DamageTypes;
[04:23:47] [main/DEBUG]: Skipping Lnet/minecraft/world/damagesource/DamageType;
[04:23:47] [main/DEBUG]: Skipping Lnet/minecraft/world/damagesource/DamageSources;
[04:23:47] [main/DEBUG]: Transforming class Lnet/minecraft/world/damagesource/DamageSource;
[04:23:47] [main/DEBUG]: Transforming net/minecraft/world/damagesource/DamageSource METHOD <init>(Lnet/minecraft/core/Holder;Lnet/minecraft/world/entity/Entity;Lnet/minecraft/world/entity/Entity;Lnet/minecraft/world/phys/Vec3;)V to access PUBLIC and LEAVE
[04:23:47] [main/DEBUG]: Skipping Lnet/minecraft/world/damagesource/DamageSource$1;
[04:23:47] [main/DEBUG]: Skipping Lnet/minecraft/world/damagesource/DamageScaling;
[04:23:47] [main/DEBUG]: Skipping Lnet/minecraft/world/damagesource/DamageEffects;
[04:23:47] [main/DEBUG]: Skipping Lnet/minecraft/world/damagesource/CombatTracker;
[04:23:47] [main/DEBUG]: Skipping Lnet/minecraft/world/damagesource/CombatRules;
[04:23:47] [main/DEBUG]: Skipping Lnet/minecraft/world/damagesource/CombatEntry;
[04:23:47] [main/DEBUG]: Skipping Lnet/minecraft/world/WorldlyContainerHolder;
[04:23:47] [main/DEBUG]: Skipping Lnet/minecraft/world/WorldlyContainer;
[04:23:47] [main/DEBUG]: Skipping Lnet/minecraft/world/TickRateManager;
[04:23:47] [main/DEBUG]: Skipping Lnet/minecraft/world/SimpleMenuProvider;
[04:23:47] [main/DEBUG]: Skipping Lnet/minecraft/world/SimpleContainer;
[04:23:47] [main/DEBUG]: Skipping Lnet/minecraft/world/RandomizableContainer;
[04:23:47] [main/DEBUG]: Skipping Lnet/minecraft/world/RandomSequences;
[04:23:47] [main/DEBUG]: Skipping Lnet/minecraft/world/RandomSequences$DirtyMarkingRandomSource;
[04:23:47] [main/DEBUG]: Skipping Lnet/minecraft/world/RandomSequence;
[04:23:47] [main/DEBUG]: Skipping Lnet/minecraft/world/Nameable;
[04:23:47] [main/DEBUG]: Skipping Lnet/minecraft/world/MenuProvider;
[04:23:47] [main/DEBUG]: Skipping Lnet/minecraft/world/LockCode;
[04:23:47] [main/DEBUG]: Skipping Lnet/minecraft/world/InteractionResultHolder;
[04:23:47] [main/DEBUG]: Skipping Lnet/minecraft/world/InteractionResult;
[04:23:47] [main/DEBUG]: Skipping Lnet/minecraft/world/InteractionHand;
[04:23:47] [main/DEBUG]: Skipping Lnet/minecraft/world/DifficultyInstance;
[04:23:47] [main/DEBUG]: Skipping Lnet/minecraft/world/Difficulty;
[04:23:47] [main/DEBUG]: Skipping Lnet/minecraft/world/Containers;
[04:23:47] [main/DEBUG]: Skipping Lnet/minecraft/world/ContainerListener;
[04:23:47] [main/DEBUG]: Skipping Lnet/minecraft/world/ContainerHelper;
[04:23:47] [main/DEBUG]: Skipping Lnet/minecraft/world/Container;
[04:23:47] [main/DEBUG]: Skipping Lnet/minecraft/world/CompoundContainer;
[04:23:47] [main/DEBUG]: Skipping Lnet/minecraft/world/Clearable;
[04:23:47] [main/DEBUG]: Skipping Lnet/minecraft/world/BossEvent;
[04:23:47] [main/DEBUG]: Skipping Lnet/minecraft/world/BossEvent$BossBarOverlay;
[04:23:47] [main/DEBUG]: Skipping Lnet/minecraft/world/BossEvent$BossBarColor;
[04:23:47] [main/DEBUG]: Skipping Lnet/minecraft/util/worldupdate/package-info;
[04:23:47] [main/DEBUG]: Skipping Lnet/minecraft/util/worldupdate/WorldUpgrader;
[04:23:47] [main/DEBUG]: Skipping Lnet/minecraft/util/valueproviders/package-info;
[04:23:47] [main/DEBUG]: Skipping Lnet/minecraft/util/valueproviders/WeightedListInt;
[04:23:47] [main/DEBUG]: Skipping Lnet/minecraft/util/valueproviders/UniformInt;
[04:23:47] [main/DEBUG]: Skipping Lnet/minecraft/util/valueproviders/UniformFloat;
[04:23:47] [main/DEBUG]: Skipping Lnet/minecraft/util/valueproviders/TrapezoidFloat;
[04:23:47] [main/DEBUG]: Skipping Lnet/minecraft/util/valueproviders/SampledFloat;
[04:23:47] [main/DEBUG]: Skipping Lnet/minecraft/util/valueproviders/MultipliedFloats;
[04:23:47] [main/DEBUG]: Skipping Lnet/minecraft/util/valueproviders/IntProviderType;
[04:23:47] [main/DEBUG]: Skipping Lnet/minecraft/util/valueproviders/IntProvider;
[04:23:47] [main/DEBUG]: Skipping Lnet/minecraft/util/valueproviders/FloatProviderType;
[04:23:47] [main/DEBUG]: Skipping Lnet/minecraft/util/valueproviders/FloatProvider;
[04:23:47] [main/DEBUG]: Skipping Lnet/minecraft/util/valueproviders/ConstantInt;
[04:23:47] [main/DEBUG]: Skipping Lnet/minecraft/util/valueproviders/ConstantFloat;
[04:23:47] [main/DEBUG]: Skipping Lnet/minecraft/util/valueproviders/ClampedNormalInt;
[04:23:47] [main/DEBUG]: Skipping Lnet/minecraft/util/valueproviders/ClampedNormalFloat;
[04:23:47] [main/DEBUG]: Skipping Lnet/minecraft/util/valueproviders/ClampedInt;
[04:23:47] [main/DEBUG]: Skipping Lnet/minecraft/util/valueproviders/BiasedToBottomInt;
[04:23:47] [main/DEBUG]: Skipping Lnet/minecraft/util/thread/package-info;
[04:23:47] [main/DEBUG]: Skipping Lnet/minecraft/util/thread/StrictQueue;
[04:23:47] [main/DEBUG]: Skipping Lnet/minecraft/util/thread/StrictQueue$QueueStrictQueue;
[04:23:47] [main/DEBUG]: Skipping Lnet/minecraft/util/thread/StrictQueue$IntRunnable;
[04:23:47] [main/DEBUG]: Skipping Lnet/minecraft/util/thread/StrictQueue$FixedPriorityQueue;
[04:23:47] [main/DEBUG]: Skipping Lnet/minecraft/util/thread/ReentrantBlockableEventLoop;
[04:23:47] [main/DEBUG]: Skipping Lnet/minecraft/util/thread/ProcessorMailbox;
[04:23:47] [main/DEBUG]: Skipping Lnet/minecraft/util/thread/ProcessorHandle;
[04:23:47] [main/DEBUG]: Skipping Lnet/minecraft/util/thread/ProcessorHandle$1;
[04:23:47] [main/DEBUG]: Skipping Lnet/minecraft/util/thread/NamedThreadFactory;
[04:23:47] [main/DEBUG]: Transforming class Lnet/minecraft/util/thread/BlockableEventLoop;
[04:23:47] [main/DEBUG]: Transforming net/minecraft/util/thread/BlockableEventLoop METHOD m_18689_(Ljava/lang/Runnable;)Ljava/util/concurrent/CompletableFuture; to access PUBLIC and LEAVE
[04:23:47] [main/DEBUG]: Skipping Lnet/minecraft/util/random/package-info;
[04:23:47] [main/DEBUG]: Skipping Lnet/minecraft/util/random/WeightedRandomList;
[04:23:47] [main/DEBUG]: Skipping Lnet/minecraft/util/random/WeightedRandom;
[04:23:47] [main/DEBUG]: Skipping Lnet/minecraft/util/random/WeightedEntry;
[04:23:47] [main/DEBUG]: Skipping Lnet/minecraft/util/random/WeightedEntry$Wrapper;
[04:23:47] [main/DEBUG]: Skipping Lnet/minecraft/util/random/WeightedEntry$IntrusiveBase;
[04:23:47] [main/DEBUG]: Skipping Lnet/minecraft/util/random/Weight;
[04:23:47] [main/DEBUG]: Skipping Lnet/minecraft/util/random/SimpleWeightedRandomList;
[04:23:47] [main/DEBUG]: Skipping Lnet/minecraft/util/random/SimpleWeightedRandomList$Builder;
[04:23:47] [main/DEBUG]: Skipping Lnet/minecraft/util/profiling/package-info;
[04:23:47] [main/DEBUG]: Skipping Lnet/minecraft/util/profiling/metrics/storage/package-info;
[04:23:47] [main/DEBUG]: Skipping Lnet/minecraft/util/profiling/metrics/storage/RecordedDeviation;
[04:23:47] [main/DEBUG]: Skipping Lnet/minecraft/util/profiling/metrics/storage/MetricsPersister;
[04:23:47] [main/DEBUG]: Skipping Lnet/minecraft/util/profiling/metrics/profiling/package-info;
[04:23:47] [main/DEBUG]: Skipping Lnet/minecraft/util/profiling/metrics/profiling/ServerMetricsSamplersProvider;
[04:23:47] [main/DEBUG]: Skipping Lnet/minecraft/util/profiling/metrics/profiling/ServerMetricsSamplersProvider$CpuStats;
[04:23:47] [main/DEBUG]: Skipping Lnet/minecraft/util/profiling/metrics/profiling/ServerMetricsSamplersProvider$1;
[04:23:47] [main/DEBUG]: Skipping Lnet/minecraft/util/profiling/metrics/profiling/ProfilerSamplerAdapter;
[04:23:47] [main/DEBUG]: Skipping Lnet/minecraft/util/profiling/metrics/profiling/MetricsRecorder;
[04:23:47] [main/DEBUG]: Skipping Lnet/minecraft/util/profiling/metrics/profiling/InactiveMetricsRecorder;
[04:23:47] [main/DEBUG]: Skipping Lnet/minecraft/util/profiling/metrics/profiling/ActiveMetricsRecorder;
[04:23:47] [main/DEBUG]: Skipping Lnet/minecraft/util/profiling/metrics/package-info;
[04:23:47] [main/DEBUG]: Skipping Lnet/minecraft/util/profiling/metrics/ProfilerMeasured;
[04:23:47] [main/DEBUG]: Skipping Lnet/minecraft/util/profiling/metrics/MetricsSamplerProvider;
[04:23:47] [main/DEBUG]: Skipping Lnet/minecraft/util/profiling/metrics/MetricsRegistry;
[04:23:47] [main/DEBUG]: Skipping Lnet/minecraft/util/profiling/metrics/MetricsRegistry$AggregatedMetricSampler;
[04:23:47] [main/DEBUG]: Skipping Lnet/minecraft/util/profiling/metrics/MetricSampler;
[04:23:47] [main/DEBUG]: Skipping Lnet/minecraft/util/profiling/metrics/MetricSampler$ValueIncreasedByPercentage;
[04:23:47] [main/DEBUG]: Skipping Lnet/minecraft/util/profiling/metrics/MetricSampler$ThresholdTest;
[04:23:47] [main/DEBUG]: Skipping Lnet/minecraft/util/profiling/metrics/MetricSampler$SamplerResult;
[04:23:47] [main/DEBUG]: Skipping Lnet/minecraft/util/profiling/metrics/MetricSampler$MetricSamplerBuilder;
[04:23:47] [main/DEBUG]: Skipping Lnet/minecraft/util/profiling/metrics/MetricCategory;
[04:23:47] [main/DEBUG]: Skipping Lnet/minecraft/util/profiling/jfr/stats/package-info;
[04:23:47] [main/DEBUG]: Skipping Lnet/minecraft/util/profiling/jfr/stats/TimedStatSummary;
[04:23:47] [main/DEBUG]: Skipping Lnet/minecraft/util/profiling/jfr/stats/TimedStat;
[04:23:47] [main/DEBUG]: Skipping Lnet/minecraft/util/profiling/jfr/stats/TickTimeStat;
[04:23:47] [main/DEBUG]: Skipping Lnet/minecraft/util/profiling/jfr/stats/ThreadAllocationStat;
[04:23:47] [main/DEBUG]: Skipping Lnet/minecraft/util/profiling/jfr/stats/ThreadAllocationStat$Summary;
[04:23:47] [main/DEBUG]: Skipping Lnet/minecraft/util/profiling/jfr/stats/NetworkPacketSummary;
[04:23:47] [main/DEBUG]: Skipping Lnet/minecraft/util/profiling/jfr/stats/NetworkPacketSummary$PacketIdentification;
[04:23:47] [main/DEBUG]: Skipping Lnet/minecraft/util/profiling/jfr/stats/NetworkPacketSummary$PacketCountAndSize;
[04:23:47] [main/DEBUG]: Skipping Lnet/minecraft/util/profiling/jfr/stats/GcHeapStat;
[04:23:47] [main/DEBUG]: Skipping Lnet/minecraft/util/profiling/jfr/stats/GcHeapStat$Timing;
[04:23:47] [main/DEBUG]: Skipping Lnet/minecraft/util/profiling/jfr/stats/GcHeapStat$Summary;
[04:23:47] [main/DEBUG]: Skipping Lnet/minecraft/util/profiling/jfr/stats/FileIOStat;
[04:23:47] [main/DEBUG]: Skipping Lnet/minecraft/util/profiling/jfr/stats/FileIOStat$Summary;
[04:23:47] [main/DEBUG]: Skipping Lnet/minecraft/util/profiling/jfr/stats/CpuLoadStat;
[04:23:47] [main/DEBUG]: Skipping Lnet/minecraft/util/profiling/jfr/stats/ChunkGenStat;
[04:23:47] [main/DEBUG]: Skipping Lnet/minecraft/util/profiling/jfr/serialize/package-info;
[04:23:47] [main/DEBUG]: Skipping Lnet/minecraft/util/profiling/jfr/serialize/JfrResultJsonSerializer;
[04:23:47] [main/DEBUG]: Skipping Lnet/minecraft/util/profiling/jfr/parse/package-info;
[04:23:47] [main/DEBUG]: Skipping Lnet/minecraft/util/profiling/jfr/parse/JfrStatsResult;
[04:23:47] [main/DEBUG]: Skipping Lnet/minecraft/util/profiling/jfr/parse/JfrStatsParser;
[04:23:47] [main/DEBUG]: Skipping Lnet/minecraft/util/profiling/jfr/parse/JfrStatsParser$MutableCountAndSize;
[04:23:47] [main/DEBUG]: Skipping Lnet/minecraft/util/profiling/jfr/parse/JfrStatsParser$1;
[04:23:47] [main/DEBUG]: Skipping Lnet/minecraft/util/profiling/jfr/package-info;
[04:23:47] [main/DEBUG]: Skipping Lnet/minecraft/util/profiling/jfr/event/package-info;
[04:23:47] [main/DEBUG]: Skipping Lnet/minecraft/util/profiling/jfr/event/WorldLoadFinishedEvent;
[04:23:47] [main/DEBUG]: Skipping Lnet/minecraft/util/profiling/jfr/event/ServerTickTimeEvent;
[04:23:47] [main/DEBUG]: Skipping Lnet/minecraft/util/profiling/jfr/event/ServerTickTimeEvent$Fields;
[04:23:47] [main/DEBUG]: Skipping Lnet/minecraft/util/profiling/jfr/event/PacketSentEvent;
[04:23:47] [main/DEBUG]: Skipping Lnet/minecraft/util/profiling/jfr/event/PacketReceivedEvent;
[04:23:47] [main/DEBUG]: Skipping Lnet/minecraft/util/profiling/jfr/event/PacketEvent;
[04:23:47] [main/DEBUG]: Skipping Lnet/minecraft/util/profiling/jfr/event/PacketEvent$Fields;
[04:23:47] [main/DEBUG]: Skipping Lnet/minecraft/util/profiling/jfr/event/NetworkSummaryEvent;
[04:23:47] [main/DEBUG]: Skipping Lnet/minecraft/util/profiling/jfr/event/NetworkSummaryEvent$SumAggregation;
[04:23:47] [main/DEBUG]: Skipping Lnet/minecraft/util/profiling/jfr/event/NetworkSummaryEvent$Fields;
[04:23:47] [main/DEBUG]: Skipping Lnet/minecraft/util/profiling/jfr/event/ChunkGenerationEvent;
[04:23:47] [main/DEBUG]: Skipping Lnet/minecraft/util/profiling/jfr/event/ChunkGenerationEvent$Fields;
[04:23:47] [main/DEBUG]: Skipping Lnet/minecraft/util/profiling/jfr/callback/package-info;
[04:23:47] [main/DEBUG]: Skipping Lnet/minecraft/util/profiling/jfr/callback/ProfiledDuration;
[04:23:47] [main/DEBUG]: Skipping Lnet/minecraft/util/profiling/jfr/SummaryReporter;
[04:23:47] [main/DEBUG]: Skipping Lnet/minecraft/util/profiling/jfr/Percentiles;
[04:23:47] [main/DEBUG]: Skipping Lnet/minecraft/util/profiling/jfr/JvmProfiler;
[04:23:47] [main/DEBUG]: Skipping Lnet/minecraft/util/profiling/jfr/JvmProfiler$NoOpProfiler;
[04:23:47] [main/DEBUG]: Skipping Lnet/minecraft/util/profiling/jfr/JfrProfiler;
[04:23:47] [main/DEBUG]: Skipping Lnet/minecraft/util/profiling/jfr/JfrProfiler$1;
[04:23:47] [main/DEBUG]: Skipping Lnet/minecraft/util/profiling/jfr/Environment;
[04:23:47] [main/DEBUG]: Skipping Lnet/minecraft/util/profiling/SingleTickProfiler;
[04:23:47] [main/DEBUG]: Skipping Lnet/minecraft/util/profiling/ResultField;
[04:23:47] [main/DEBUG]: Skipping Lnet/minecraft/util/profiling/ProfilerPathEntry;
[04:23:47] [main/DEBUG]: Skipping Lnet/minecraft/util/profiling/ProfilerFiller;
[04:23:47] [main/DEBUG]: Skipping Lnet/minecraft/util/profiling/ProfilerFiller$1;
[04:23:47] [main/DEBUG]: Skipping Lnet/minecraft/util/profiling/ProfileResults;
[04:23:47] [main/DEBUG]: Skipping Lnet/minecraft/util/profiling/ProfileCollector;
[04:23:47] [main/DEBUG]: Skipping Lnet/minecraft/util/profiling/InactiveProfiler;
[04:23:47] [main/DEBUG]: Skipping Lnet/minecraft/util/profiling/FilledProfileResults;
[04:23:47] [main/DEBUG]: Skipping Lnet/minecraft/util/profiling/FilledProfileResults$CounterCollector;
[04:23:47] [main/DEBUG]: Skipping Lnet/minecraft/util/profiling/FilledProfileResults$1;
[04:23:47] [main/DEBUG]: Skipping Lnet/minecraft/util/profiling/EmptyProfileResults;
[04:23:47] [main/DEBUG]: Skipping Lnet/minecraft/util/profiling/ContinuousProfiler;
[04:23:47] [main/DEBUG]: Skipping Lnet/minecraft/util/profiling/ActiveProfiler;
[04:23:47] [main/DEBUG]: Skipping Lnet/minecraft/util/profiling/ActiveProfiler$PathEntry;
[04:23:47] [main/DEBUG]: Skipping Lnet/minecraft/util/package-info;
[04:23:47] [main/DEBUG]: Skipping Lnet/minecraft/util/monitoring/jmx/package-info;
[04:23:47] [main/DEBUG]: Skipping Lnet/minecraft/util/monitoring/jmx/MinecraftServerStatistics;
[04:23:47] [main/DEBUG]: Skipping Lnet/minecraft/util/monitoring/jmx/MinecraftServerStatistics$AttributeDescription;
[04:23:47] [main/DEBUG]: Skipping Lnet/minecraft/util/eventlog/package-info;
[04:23:47] [main/DEBUG]: Skipping Lnet/minecraft/util/eventlog/JsonEventLogReader;
[04:23:47] [main/DEBUG]: Skipping Lnet/minecraft/util/eventlog/JsonEventLogReader$1;
[04:23:47] [main/DEBUG]: Skipping Lnet/minecraft/util/eventlog/JsonEventLog;
[04:23:47] [main/DEBUG]: Skipping Lnet/minecraft/util/eventlog/JsonEventLog$1;
[04:23:47] [main/DEBUG]: Skipping Lnet/minecraft/util/eventlog/EventLogDirectory;
[04:23:47] [main/DEBUG]: Skipping Lnet/minecraft/util/eventlog/EventLogDirectory$RawFile;
[04:23:47] [main/DEBUG]: Skipping Lnet/minecraft/util/eventlog/EventLogDirectory$FileList;
[04:23:47] [main/DEBUG]: Skipping Lnet/minecraft/util/eventlog/EventLogDirectory$FileId;
[04:23:47] [main/DEBUG]: Skipping Lnet/minecraft/util/eventlog/EventLogDirectory$File;
[04:23:47] [main/DEBUG]: Skipping Lnet/minecraft/util/eventlog/EventLogDirectory$CompressedFile;
[04:23:47] [main/DEBUG]: Skipping Lnet/minecraft/util/datafix/schemas/package-info;
[04:23:47] [main/DEBUG]: Skipping Lnet/minecraft/util/datafix/schemas/V99;
[04:23:47] [main/DEBUG]: Skipping Lnet/minecraft/util/datafix/schemas/V99$1;
[04:23:47] [main/DEBUG]: Skipping Lnet/minecraft/util/datafix/schemas/V808;
[04:23:47] [main/DEBUG]: Skipping Lnet/minecraft/util/datafix/schemas/V705;
[04:23:47] [main/DEBUG]: Skipping Lnet/minecraft/util/datafix/schemas/V705$1;
[04:23:47] [main/DEBUG]: Skipping Lnet/minecraft/util/datafix/schemas/V704;
[04:23:47] [main/DEBUG]: Skipping Lnet/minecraft/util/datafix/schemas/V704$1;
[04:23:47] [main/DEBUG]: Skipping Lnet/minecraft/util/datafix/schemas/V703;
[04:23:47] [main/DEBUG]: Skipping Lnet/minecraft/util/datafix/schemas/V702;
[04:23:47] [main/DEBUG]: Skipping Lnet/minecraft/util/datafix/schemas/V701;
[04:23:47] [main/DEBUG]: Skipping Lnet/minecraft/util/datafix/schemas/V700;
[04:23:47] [main/DEBUG]: Skipping Lnet/minecraft/util/datafix/schemas/V501;
[04:23:47] [main/DEBUG]: Skipping Lnet/minecraft/util/datafix/schemas/V3689;
[04:23:47] [main/DEBUG]: Skipping Lnet/minecraft/util/datafix/schemas/V3685;
[04:23:47] [main/DEBUG]: Skipping Lnet/minecraft/util/datafix/schemas/V3683;
[04:23:47] [main/DEBUG]: Skipping Lnet/minecraft/util/datafix/schemas/V3682;
[04:23:47] [main/DEBUG]: Skipping Lnet/minecraft/util/datafix/schemas/V3448;
[04:23:47] [main/DEBUG]: Skipping Lnet/minecraft/util/datafix/schemas/V3438;
[04:23:47] [main/DEBUG]: Skipping Lnet/minecraft/util/datafix/schemas/V3328;
[04:23:47] [main/DEBUG]: Skipping Lnet/minecraft/util/datafix/schemas/V3327;
[04:23:47] [main/DEBUG]: Skipping Lnet/minecraft/util/datafix/schemas/V3326;
[04:23:47] [main/DEBUG]: Skipping Lnet/minecraft/util/datafix/schemas/V3325;
[04:23:47] [main/DEBUG]: Skipping Lnet/minecraft/util/datafix/schemas/V3204;
[04:23:47] [main/DEBUG]: Skipping Lnet/minecraft/util/datafix/schemas/V3203;
[04:23:47] [main/DEBUG]: Skipping Lnet/minecraft/util/datafix/schemas/V3202;
[04:23:47] [main/DEBUG]: Skipping Lnet/minecraft/util/datafix/schemas/V3083;
[04:23:47] [main/DEBUG]: Skipping Lnet/minecraft/util/datafix/schemas/V3082;
[04:23:47] [main/DEBUG]: Skipping Lnet/minecraft/util/datafix/schemas/V3081;
[04:23:47] [main/DEBUG]: Skipping Lnet/minecraft/util/datafix/schemas/V3078;
[04:23:47] [main/DEBUG]: Skipping Lnet/minecraft/util/datafix/schemas/V3076;
[04:23:47] [main/DEBUG]: Skipping Lnet/minecraft/util/datafix/schemas/V2842;
[04:23:47] [main/DEBUG]: Skipping Lnet/minecraft/util/datafix/schemas/V2831;
[04:23:47] [main/DEBUG]: Skipping Lnet/minecraft/util/datafix/schemas/V2707;
[04:23:47] [main/DEBUG]: Skipping Lnet/minecraft/util/datafix/schemas/V2704;
[04:23:47] [main/DEBUG]: Skipping Lnet/minecraft/util/datafix/schemas/V2688;
[04:23:47] [main/DEBUG]: Skipping Lnet/minecraft/util/datafix/schemas/V2686;
[04:23:47] [main/DEBUG]: Skipping Lnet/minecraft/util/datafix/schemas/V2684;
[04:23:47] [main/DEBUG]: Skipping Lnet/minecraft/util/datafix/schemas/V2571;
[04:23:47] [main/DEBUG]: Skipping Lnet/minecraft/util/datafix/schemas/V2568;
[04:23:47] [main/DEBUG]: Skipping Lnet/minecraft/util/datafix/schemas/V2551;
[04:23:47] [main/DEBUG]: Skipping Lnet/minecraft/util/datafix/schemas/V2522;
[04:23:47] [main/DEBUG]: Skipping Lnet/minecraft/util/datafix/schemas/V2519;
[04:23:47] [main/DEBUG]: Skipping Lnet/minecraft/util/datafix/schemas/V2509;
[04:23:47] [main/DEBUG]: Skipping Lnet/minecraft/util/datafix/schemas/V2505;
[04:23:47] [main/DEBUG]: Skipping Lnet/minecraft/util/datafix/schemas/V2502;
[04:23:47] [main/DEBUG]: Skipping Lnet/minecraft/util/datafix/schemas/V2501;
[04:23:47] [main/DEBUG]: Skipping Lnet/minecraft/util/datafix/schemas/V2100;
[04:23:47] [main/DEBUG]: Skipping Lnet/minecraft/util/datafix/schemas/V1931;
[04:23:47] [main/DEBUG]: Skipping Lnet/minecraft/util/datafix/schemas/V1929;
[04:23:47] [main/DEBUG]: Skipping Lnet/minecraft/util/datafix/schemas/V1928;
[04:23:47] [main/DEBUG]: Skipping Lnet/minecraft/util/datafix/schemas/V1920;
[04:23:47] [main/DEBUG]: Skipping Lnet/minecraft/util/datafix/schemas/V1909;
[04:23:47] [main/DEBUG]: Skipping Lnet/minecraft/util/datafix/schemas/V1906;
[04:23:47] [main/DEBUG]: Skipping Lnet/minecraft/util/datafix/schemas/V1904;
[04:23:47] [main/DEBUG]: Skipping Lnet/minecraft/util/datafix/schemas/V1801;
[04:23:47] [main/DEBUG]: Skipping Lnet/minecraft/util/datafix/schemas/V1800;
[04:23:47] [main/DEBUG]: Skipping Lnet/minecraft/util/datafix/schemas/V1510;
[04:23:47] [main/DEBUG]: Skipping Lnet/minecraft/util/datafix/schemas/V1486;
[04:23:47] [main/DEBUG]: Skipping Lnet/minecraft/util/datafix/schemas/V1483;
[04:23:47] [main/DEBUG]: Skipping Lnet/minecraft/util/datafix/schemas/V1481;
[04:23:47] [main/DEBUG]: Skipping Lnet/minecraft/util/datafix/schemas/V1470;
[04:23:47] [main/DEBUG]: Skipping Lnet/minecraft/util/datafix/schemas/V1466;
[04:23:47] [main/DEBUG]: Skipping Lnet/minecraft/util/datafix/schemas/V1460;
[04:23:47] [main/DEBUG]: Skipping Lnet/minecraft/util/datafix/schemas/V1451_6;
[04:23:47] [main/DEBUG]: Skipping Lnet/minecraft/util/datafix/schemas/V1451_6$2;
[04:23:47] [main/DEBUG]: Skipping Lnet/minecraft/util/datafix/schemas/V1451_6$1;
[04:23:47] [main/DEBUG]: Skipping Lnet/minecraft/util/datafix/schemas/V1451_5;
[04:23:47] [main/DEBUG]: Skipping Lnet/minecraft/util/datafix/schemas/V1451_4;
[04:23:47] [main/DEBUG]: Skipping Lnet/minecraft/util/datafix/schemas/V1451_3;
[04:23:47] [main/DEBUG]: Skipping Lnet/minecraft/util/datafix/schemas/V1451_2;
[04:23:47] [main/DEBUG]: Skipping Lnet/minecraft/util/datafix/schemas/V1451_1;
[04:23:47] [main/DEBUG]: Skipping Lnet/minecraft/util/datafix/schemas/V1451;
[04:23:47] [main/DEBUG]: Skipping Lnet/minecraft/util/datafix/schemas/V143;
[04:23:47] [main/DEBUG]: Skipping Lnet/minecraft/util/datafix/schemas/V135;
[04:23:47] [main/DEBUG]: Skipping Lnet/minecraft/util/datafix/schemas/V1125;
[04:23:47] [main/DEBUG]: Skipping Lnet/minecraft/util/datafix/schemas/V107;
[04:23:47] [main/DEBUG]: Skipping Lnet/minecraft/util/datafix/schemas/V106;
[04:23:47] [main/DEBUG]: Skipping Lnet/minecraft/util/datafix/schemas/V1022;
[04:23:47] [main/DEBUG]: Skipping Lnet/minecraft/util/datafix/schemas/V102;
[04:23:47] [main/DEBUG]: Skipping Lnet/minecraft/util/datafix/schemas/V100;
[04:23:47] [main/DEBUG]: Skipping Lnet/minecraft/util/datafix/schemas/NamespacedSchema;
[04:23:47] [main/DEBUG]: Skipping Lnet/minecraft/util/datafix/schemas/NamespacedSchema$1;
[04:23:47] [main/DEBUG]: Skipping Lnet/minecraft/util/datafix/schemas/V2832;
[04:23:47] [main/DEBUG]: Skipping Lnet/minecraft/util/datafix/package-info;
[04:23:47] [main/DEBUG]: Skipping Lnet/minecraft/util/datafix/fixes/package-info;
[04:23:47] [main/DEBUG]: Skipping Lnet/minecraft/util/datafix/fixes/ZombieVillagerRebuildXpFix;
[04:23:47] [main/DEBUG]: Skipping Lnet/minecraft/util/datafix/fixes/WriteAndReadFix;
[04:23:47] [main/DEBUG]: Skipping Lnet/minecraft/util/datafix/fixes/WorldGenSettingsHeightAndBiomeFix;
[04:23:47] [main/DEBUG]: Skipping Lnet/minecraft/util/datafix/fixes/WorldGenSettingsFix;
[04:23:47] [main/DEBUG]: Skipping Lnet/minecraft/util/datafix/fixes/WorldGenSettingsFix$StructureFeatureConfiguration;
[04:23:47] [main/DEBUG]: Skipping Lnet/minecraft/util/datafix/fixes/WorldGenSettingsDisallowOldCustomWorldsFix;
[04:23:47] [main/DEBUG]: Skipping Lnet/minecraft/util/datafix/fixes/WeaponSmithChestLootTableFix;
[04:23:47] [main/DEBUG]: Skipping Lnet/minecraft/util/datafix/fixes/WallPropertyFix;
[04:23:47] [main/DEBUG]: Skipping Lnet/minecraft/util/datafix/fixes/VillagerTradeFix;
[04:23:47] [main/DEBUG]: Skipping Lnet/minecraft/util/datafix/fixes/VillagerRebuildLevelAndXpFix;
[04:23:47] [main/DEBUG]: Skipping Lnet/minecraft/util/datafix/fixes/VillagerFollowRangeFix;
[04:23:47] [main/DEBUG]: Skipping Lnet/minecraft/util/datafix/fixes/VillagerDataFix;
[04:23:47] [main/DEBUG]: Skipping Lnet/minecraft/util/datafix/fixes/VariantRenameFix;
[04:23:47] [main/DEBUG]: Skipping Lnet/minecraft/util/datafix/fixes/TrappedChestBlockEntityFix;
[04:23:47] [main/DEBUG]: Skipping Lnet/minecraft/util/datafix/fixes/TrappedChestBlockEntityFix$TrappedChestSection;
[04:23:47] [main/DEBUG]: Skipping Lnet/minecraft/util/datafix/fixes/TeamDisplayNameFix;
[04:23:47] [main/DEBUG]: Skipping Lnet/minecraft/util/datafix/fixes/StructureSettingsFlattenFix;
[04:23:47] [main/DEBUG]: Skipping Lnet/minecraft/util/datafix/fixes/StructureReferenceCountFix;
[04:23:47] [main/DEBUG]: Skipping Lnet/minecraft/util/datafix/fixes/StriderGravityFix;
[04:23:47] [main/DEBUG]: Skipping Lnet/minecraft/util/datafix/fixes/StatsRenameFix;
[04:23:47] [main/DEBUG]: Skipping Lnet/minecraft/util/datafix/fixes/StatsCounterFix;
[04:23:47] [main/DEBUG]: Skipping Lnet/minecraft/util/datafix/fixes/StatsCounterFix$StatType;
[04:23:47] [main/DEBUG]: Skipping Lnet/minecraft/util/datafix/fixes/SpawnerDataFix;
[04:23:47] [main/DEBUG]: Skipping Lnet/minecraft/util/datafix/fixes/SimplestEntityRenameFix;
[04:23:47] [main/DEBUG]: Skipping Lnet/minecraft/util/datafix/fixes/SimpleEntityRenameFix;
[04:23:47] [main/DEBUG]: Skipping Lnet/minecraft/util/datafix/fixes/ScoreboardDisplaySlotFix;
[04:23:47] [main/DEBUG]: Skipping Lnet/minecraft/util/datafix/fixes/SavedDataUUIDFix;
[04:23:47] [main/DEBUG]: Skipping Lnet/minecraft/util/datafix/fixes/SavedDataFeaturePoolElementFix;
[04:23:47] [main/DEBUG]: Skipping Lnet/minecraft/util/datafix/fixes/ReorganizePoi;
[04:23:47] [main/DEBUG]: Skipping Lnet/minecraft/util/datafix/fixes/RenamedCoralFix;
[04:23:47] [main/DEBUG]: Skipping Lnet/minecraft/util/datafix/fixes/RenamedCoralFansFix;
[04:23:47] [main/DEBUG]: Skipping Lnet/minecraft/util/datafix/fixes/RemoveGolemGossipFix;
[04:23:47] [main/DEBUG]: Skipping Lnet/minecraft/util/datafix/fixes/RemapChunkStatusFix;
[04:23:47] [main/DEBUG]: Skipping Lnet/minecraft/util/datafix/fixes/References;
[04:23:47] [main/DEBUG]: Skipping Lnet/minecraft/util/datafix/fixes/RedstoneWireConnectionsFix;
[04:23:47] [main/DEBUG]: Skipping Lnet/minecraft/util/datafix/fixes/RecipesRenameningFix;
[04:23:47] [main/DEBUG]: Skipping Lnet/minecraft/util/datafix/fixes/RecipesFix;
[04:23:47] [main/DEBUG]: Skipping Lnet/minecraft/util/datafix/fixes/RandomSequenceSettingsFix;
[04:23:47] [main/DEBUG]: Skipping Lnet/minecraft/util/datafix/fixes/PrimedTntBlockStateFixer;
[04:23:47] [main/DEBUG]: Skipping Lnet/minecraft/util/datafix/fixes/PoiTypeRenameFix;
[04:23:47] [main/DEBUG]: Skipping Lnet/minecraft/util/datafix/fixes/PoiTypeRemoveFix;
[04:23:47] [main/DEBUG]: Skipping Lnet/minecraft/util/datafix/fixes/PlayerUUIDFix;
[04:23:47] [main/DEBUG]: Skipping Lnet/minecraft/util/datafix/fixes/OverreachingTickFix;
[04:23:47] [main/DEBUG]: Skipping Lnet/minecraft/util/datafix/fixes/OptionsRenameFieldFix;
[04:23:47] [main/DEBUG]: Skipping Lnet/minecraft/util/datafix/fixes/OptionsProgrammerArtFix;
[04:23:47] [main/DEBUG]: Skipping Lnet/minecraft/util/datafix/fixes/OptionsLowerCaseLanguageFix;
[04:23:47] [main/DEBUG]: Skipping Lnet/minecraft/util/datafix/fixes/OptionsKeyTranslationFix;
[04:23:47] [main/DEBUG]: Skipping Lnet/minecraft/util/datafix/fixes/OptionsKeyLwjgl3Fix;
[04:23:47] [main/DEBUG]: Skipping Lnet/minecraft/util/datafix/fixes/OptionsForceVBOFix;
[04:23:47] [main/DEBUG]: Skipping Lnet/minecraft/util/datafix/fixes/OptionsAmbientOcclusionFix;
[04:23:47] [main/DEBUG]: Skipping Lnet/minecraft/util/datafix/fixes/OptionsAddTextBackgroundFix;
[04:23:47] [main/DEBUG]: Skipping Lnet/minecraft/util/datafix/fixes/OptionsAccessibilityOnboardFix;
[04:23:47] [main/DEBUG]: Skipping Lnet/minecraft/util/datafix/fixes/OminousBannerRenameFix;
[04:23:47] [main/DEBUG]: Skipping Lnet/minecraft/util/datafix/fixes/OminousBannerBlockEntityRenameFix;
[04:23:47] [main/DEBUG]: Skipping Lnet/minecraft/util/datafix/fixes/ObjectiveRenderTypeFix;
[04:23:47] [main/DEBUG]: Skipping Lnet/minecraft/util/datafix/fixes/ObjectiveDisplayNameFix;
[04:23:47] [main/DEBUG]: Skipping Lnet/minecraft/util/datafix/fixes/NewVillageFix;
[04:23:47] [main/DEBUG]: Skipping Lnet/minecraft/util/datafix/fixes/NamespacedTypeRenameFix;
[04:23:47] [main/DEBUG]: Skipping Lnet/minecraft/util/datafix/fixes/NamedEntityWriteReadFix;
[04:23:47] [main/DEBUG]: Skipping Lnet/minecraft/util/datafix/fixes/NamedEntityFix;
[04:23:47] [main/DEBUG]: Skipping Lnet/minecraft/util/datafix/fixes/MobSpawnerEntityIdentifiersFix;
[04:23:47] [main/DEBUG]: Skipping Lnet/minecraft/util/datafix/fixes/MobEffectIdFix;
[04:23:47] [main/DEBUG]: Skipping Lnet/minecraft/util/datafix/fixes/MissingDimensionFix;
[04:23:47] [main/DEBUG]: Skipping Lnet/minecraft/util/datafix/fixes/MemoryExpiryDataFix;
[04:23:47] [main/DEBUG]: Skipping Lnet/minecraft/util/datafix/fixes/MapIdFix;
[04:23:47] [main/DEBUG]: Skipping Lnet/minecraft/util/datafix/fixes/LevelUUIDFix;
[04:23:47] [main/DEBUG]: Skipping Lnet/minecraft/util/datafix/fixes/LevelLegacyWorldGenSettingsFix;
[04:23:47] [main/DEBUG]: Skipping Lnet/minecraft/util/datafix/fixes/LevelFlatGeneratorInfoFix;
[04:23:47] [main/DEBUG]: Skipping Lnet/minecraft/util/datafix/fixes/LevelDataGeneratorOptionsFix;
[04:23:47] [main/DEBUG]: Skipping Lnet/minecraft/util/datafix/fixes/LegacyDragonFightFix;
[04:23:47] [main/DEBUG]: Skipping Lnet/minecraft/util/datafix/fixes/LeavesFix;
[04:23:47] [main/DEBUG]: Skipping Lnet/minecraft/util/datafix/fixes/LeavesFix$Section;
[04:23:47] [main/DEBUG]: Skipping Lnet/minecraft/util/datafix/fixes/LeavesFix$LeavesSection;
[04:23:47] [main/DEBUG]: Skipping Lnet/minecraft/util/datafix/fixes/JigsawRotationFix;
[04:23:47] [main/DEBUG]: Skipping Lnet/minecraft/util/datafix/fixes/JigsawPropertiesFix;
[04:23:47] [main/DEBUG]: Skipping Lnet/minecraft/util/datafix/fixes/ItemWrittenBookPagesStrictJsonFix;
[04:23:47] [main/DEBUG]: Skipping Lnet/minecraft/util/datafix/fixes/ItemWaterPotionFix;
[04:23:47] [main/DEBUG]: Skipping Lnet/minecraft/util/datafix/fixes/ItemStackUUIDFix;
[04:23:47] [main/DEBUG]: Skipping Lnet/minecraft/util/datafix/fixes/ItemStackTheFlatteningFix;
[04:23:47] [main/DEBUG]: Skipping Lnet/minecraft/util/datafix/fixes/ItemStackTagFix;
[04:23:47] [main/DEBUG]: Skipping Lnet/minecraft/util/datafix/fixes/ItemStackSpawnEggFix;
[04:23:47] [main/DEBUG]: Skipping Lnet/minecraft/util/datafix/fixes/ItemStackMapIdFix;
[04:23:47] [main/DEBUG]: Skipping Lnet/minecraft/util/datafix/fixes/ItemStackEnchantmentNamesFix;
[04:23:47] [main/DEBUG]: Skipping Lnet/minecraft/util/datafix/fixes/ItemSpawnEggFix;
[04:23:47] [main/DEBUG]: Skipping Lnet/minecraft/util/datafix/fixes/ItemShulkerBoxColorFix;
[04:23:47] [main/DEBUG]: Skipping Lnet/minecraft/util/datafix/fixes/ItemRenameFix;
[04:23:47] [main/DEBUG]: Skipping Lnet/minecraft/util/datafix/fixes/ItemRenameFix$1;
[04:23:47] [main/DEBUG]: Skipping Lnet/minecraft/util/datafix/fixes/ItemRemoveBlockEntityTagFix;
[04:23:47] [main/DEBUG]: Skipping Lnet/minecraft/util/datafix/fixes/ItemPotionFix;
[04:23:47] [main/DEBUG]: Skipping Lnet/minecraft/util/datafix/fixes/ItemLoreFix;
[04:23:47] [main/DEBUG]: Skipping Lnet/minecraft/util/datafix/fixes/ItemIdFix;
[04:23:47] [main/DEBUG]: Skipping Lnet/minecraft/util/datafix/fixes/ItemCustomNameToComponentFix;
[04:23:47] [main/DEBUG]: Skipping Lnet/minecraft/util/datafix/fixes/ItemBannerColorFix;
[04:23:47] [main/DEBUG]: Skipping Lnet/minecraft/util/datafix/fixes/IglooMetadataRemovalFix;
[04:23:47] [main/DEBUG]: Skipping Lnet/minecraft/util/datafix/fixes/HeightmapRenamingFix;
[04:23:47] [main/DEBUG]: Skipping Lnet/minecraft/util/datafix/fixes/GossipUUIDFix;
[04:23:47] [main/DEBUG]: Skipping Lnet/minecraft/util/datafix/fixes/GoatHornIdFix;
[04:23:47] [main/DEBUG]: Skipping Lnet/minecraft/util/datafix/fixes/FurnaceRecipeFix;
[04:23:47] [main/DEBUG]: Skipping Lnet/minecraft/util/datafix/fixes/ForcePoiRebuild;
[04:23:47] [main/DEBUG]: Skipping Lnet/minecraft/util/datafix/fixes/FixProjectileStoredItem;
[04:23:47] [main/DEBUG]: Skipping Lnet/minecraft/util/datafix/fixes/FixProjectileStoredItem$SubFixer;
[04:23:47] [main/DEBUG]: Skipping Lnet/minecraft/util/datafix/fixes/FilteredSignsFix;
[04:23:47] [main/DEBUG]: Skipping Lnet/minecraft/util/datafix/fixes/FilteredBooksFix;
[04:23:47] [main/DEBUG]: Skipping Lnet/minecraft/util/datafix/fixes/FeatureFlagRemoveFix;
[04:23:47] [main/DEBUG]: Skipping Lnet/minecraft/util/datafix/fixes/EntityZombifiedPiglinRenameFix;
[04:23:47] [main/DEBUG]: Skipping Lnet/minecraft/util/datafix/fixes/EntityZombieVillagerTypeFix;
[04:23:47] [main/DEBUG]: Skipping Lnet/minecraft/util/datafix/fixes/EntityZombieSplitFix;
[04:23:47] [main/DEBUG]: Skipping Lnet/minecraft/util/datafix/fixes/EntityWolfColorFix;
[04:23:47] [main/DEBUG]: Skipping Lnet/minecraft/util/datafix/fixes/EntityVariantFix;
[04:23:47] [main/DEBUG]: Skipping Lnet/minecraft/util/datafix/fixes/EntityUUIDFix;
[04:23:47] [main/DEBUG]: Skipping Lnet/minecraft/util/datafix/fixes/EntityTippedArrowFix;
[04:23:47] [main/DEBUG]: Skipping Lnet/minecraft/util/datafix/fixes/EntityTheRenameningFix;
[04:23:47] [main/DEBUG]: Skipping Lnet/minecraft/util/datafix/fixes/EntityStringUuidFix;
[04:23:47] [main/DEBUG]: Skipping Lnet/minecraft/util/datafix/fixes/EntitySkeletonSplitFix;
[04:23:47] [main/DEBUG]: Skipping Lnet/minecraft/util/datafix/fixes/EntityShulkerRotationFix;
[04:23:47] [main/DEBUG]: Skipping Lnet/minecraft/util/datafix/fixes/EntityShulkerColorFix;
[04:23:47] [main/DEBUG]: Skipping Lnet/minecraft/util/datafix/fixes/EntityRidingToPassengersFix;
[04:23:47] [main/DEBUG]: Skipping Lnet/minecraft/util/datafix/fixes/EntityRenameFix;
[04:23:47] [main/DEBUG]: Skipping Lnet/minecraft/util/datafix/fixes/EntityRedundantChanceTagsFix;
[04:23:47] [main/DEBUG]: Skipping Lnet/minecraft/util/datafix/fixes/EntityRavagerRenameFix;
[04:23:47] [main/DEBUG]: Skipping Lnet/minecraft/util/datafix/fixes/EntityPufferfishRenameFix;
[04:23:47] [main/DEBUG]: Skipping Lnet/minecraft/util/datafix/fixes/EntityProjectileOwnerFix;
[04:23:47] [main/DEBUG]: Skipping Lnet/minecraft/util/datafix/fixes/EntityPaintingMotiveFix;
[04:23:47] [main/DEBUG]: Skipping Lnet/minecraft/util/datafix/fixes/EntityPaintingItemFrameDirectionFix;
[04:23:47] [main/DEBUG]: Skipping Lnet/minecraft/util/datafix/fixes/EntityPaintingFieldsRenameFix;
[04:23:47] [main/DEBUG]: Skipping Lnet/minecraft/util/datafix/fixes/EntityMinecartIdentifiersFix;
[04:23:47] [main/DEBUG]: Skipping Lnet/minecraft/util/datafix/fixes/EntityItemFrameDirectionFix;
[04:23:47] [main/DEBUG]: Skipping Lnet/minecraft/util/datafix/fixes/EntityIdFix;
[04:23:47] [main/DEBUG]: Skipping Lnet/minecraft/util/datafix/fixes/EntityHorseSplitFix;
[04:23:47] [main/DEBUG]: Skipping Lnet/minecraft/util/datafix/fixes/EntityHorseSaddleFix;
[04:23:47] [main/DEBUG]: Skipping Lnet/minecraft/util/datafix/fixes/EntityHealthFix;
[04:23:47] [main/DEBUG]: Skipping Lnet/minecraft/util/datafix/fixes/EntityGoatMissingStateFix;
[04:23:47] [main/DEBUG]: Skipping Lnet/minecraft/util/datafix/fixes/EntityEquipmentToArmorAndHandFix;
[04:23:47] [main/DEBUG]: Skipping Lnet/minecraft/util/datafix/fixes/EntityElderGuardianSplitFix;
[04:23:47] [main/DEBUG]: Skipping Lnet/minecraft/util/datafix/fixes/EntityCustomNameToComponentFix;
[04:23:47] [main/DEBUG]: Skipping Lnet/minecraft/util/datafix/fixes/EntityCodSalmonFix;
[04:23:47] [main/DEBUG]: Skipping Lnet/minecraft/util/datafix/fixes/EntityCatSplitFix;
[04:23:47] [main/DEBUG]: Skipping Lnet/minecraft/util/datafix/fixes/EntityBrushableBlockFieldsRenameFix;
[04:23:47] [main/DEBUG]: Skipping Lnet/minecraft/util/datafix/fixes/EntityBlockStateFix;
[04:23:47] [main/DEBUG]: Skipping Lnet/minecraft/util/datafix/fixes/EntityArmorStandSilentFix;
[04:23:47] [main/DEBUG]: Skipping Lnet/minecraft/util/datafix/fixes/EffectDurationFix;
[04:23:47] [main/DEBUG]: Skipping Lnet/minecraft/util/datafix/fixes/DyeItemRenameFix;
[04:23:47] [main/DEBUG]: Skipping Lnet/minecraft/util/datafix/fixes/DropInvalidSignDataFix;
[04:23:47] [main/DEBUG]: Skipping Lnet/minecraft/util/datafix/fixes/DecoratedPotFieldRenameFix;
[04:23:47] [main/DEBUG]: Skipping Lnet/minecraft/util/datafix/fixes/CriteriaRenameFix;
[04:23:47] [main/DEBUG]: Skipping Lnet/minecraft/util/datafix/fixes/ColorlessShulkerEntityFix;
[04:23:47] [main/DEBUG]: Skipping Lnet/minecraft/util/datafix/fixes/ChunkToProtochunkFix;
[04:23:47] [main/DEBUG]: Skipping Lnet/minecraft/util/datafix/fixes/ChunkStructuresTemplateRenameFix;
[04:23:47] [main/DEBUG]: Skipping Lnet/minecraft/util/datafix/fixes/ChunkStatusFix2;
[04:23:47] [main/DEBUG]: Skipping Lnet/minecraft/util/datafix/fixes/ChunkStatusFix;
[04:23:47] [main/DEBUG]: Skipping Lnet/minecraft/util/datafix/fixes/ChunkRenamesFix;
[04:23:47] [main/DEBUG]: Skipping Lnet/minecraft/util/datafix/fixes/ChunkProtoTickListFix;
[04:23:47] [main/DEBUG]: Skipping Lnet/minecraft/util/datafix/fixes/ChunkProtoTickListFix$PoorMansPalettedContainer;
[04:23:47] [main/DEBUG]: Skipping Lnet/minecraft/util/datafix/fixes/ChunkPalettedStorageFix;
[04:23:47] [main/DEBUG]: Skipping Lnet/minecraft/util/datafix/fixes/ChunkPalettedStorageFix$UpgradeChunk;
[04:23:47] [main/DEBUG]: Skipping Lnet/minecraft/util/datafix/fixes/ChunkPalettedStorageFix$Section;
[04:23:47] [main/DEBUG]: Skipping Lnet/minecraft/util/datafix/fixes/ChunkPalettedStorageFix$Direction;
[04:23:47] [main/DEBUG]: Skipping Lnet/minecraft/util/datafix/fixes/ChunkPalettedStorageFix$Direction$AxisDirection;
[04:23:47] [main/DEBUG]: Skipping Lnet/minecraft/util/datafix/fixes/ChunkPalettedStorageFix$Direction$Axis;
[04:23:47] [main/DEBUG]: Skipping Lnet/minecraft/util/datafix/fixes/ChunkPalettedStorageFix$DataLayer;
[04:23:47] [main/DEBUG]: Skipping Lnet/minecraft/util/datafix/fixes/ChunkPalettedStorageFix$1;
[04:23:47] [main/DEBUG]: Skipping Lnet/minecraft/util/datafix/fixes/ChunkLightRemoveFix;
[04:23:47] [main/DEBUG]: Skipping Lnet/minecraft/util/datafix/fixes/ChunkHeightAndBiomeFix;
[04:23:47] [main/DEBUG]: Skipping Lnet/minecraft/util/datafix/fixes/ChunkDeleteLightFix;
[04:23:47] [main/DEBUG]: Skipping Lnet/minecraft/util/datafix/fixes/ChunkDeleteIgnoredLightDataFix;
[04:23:47] [main/DEBUG]: Skipping Lnet/minecraft/util/datafix/fixes/ChunkBiomeFix;
[04:23:47] [main/DEBUG]: Skipping Lnet/minecraft/util/datafix/fixes/ChunkBedBlockEntityInjecterFix;
[04:23:47] [main/DEBUG]: Skipping Lnet/minecraft/util/datafix/fixes/CavesAndCliffsRenames;
[04:23:47] [main/DEBUG]: Skipping Lnet/minecraft/util/datafix/fixes/CauldronRenameFix;
[04:23:47] [main/DEBUG]: Skipping Lnet/minecraft/util/datafix/fixes/CatTypeFix;
[04:23:47] [main/DEBUG]: Skipping Lnet/minecraft/util/datafix/fixes/BlockStateStructureTemplateFix;
[04:23:47] [main/DEBUG]: Skipping Lnet/minecraft/util/datafix/fixes/BlockStateData;
[04:23:47] [main/DEBUG]: Skipping Lnet/minecraft/util/datafix/fixes/BlockRenameFixWithJigsaw;
[04:23:47] [main/DEBUG]: Skipping Lnet/minecraft/util/datafix/fixes/BlockRenameFixWithJigsaw$1;
[04:23:47] [main/DEBUG]: Skipping Lnet/minecraft/util/datafix/fixes/BlockRenameFix;
[04:23:47] [main/DEBUG]: Skipping Lnet/minecraft/util/datafix/fixes/BlockRenameFix$1;
[04:23:47] [main/DEBUG]: Skipping Lnet/minecraft/util/datafix/fixes/BlockNameFlatteningFix;
[04:23:47] [main/DEBUG]: Skipping Lnet/minecraft/util/datafix/fixes/BlockEntityUUIDFix;
[04:23:47] [main/DEBUG]: Skipping Lnet/minecraft/util/datafix/fixes/BlockEntitySignTextStrictJsonFix;
[04:23:47] [main/DEBUG]: Skipping Lnet/minecraft/util/datafix/fixes/BlockEntitySignTextStrictJsonFix$1;
[04:23:47] [main/DEBUG]: Skipping Lnet/minecraft/util/datafix/fixes/BlockEntitySignDoubleSidedEditableTextFix;
[04:23:47] [main/DEBUG]: Skipping Lnet/minecraft/util/datafix/fixes/BlockEntityShulkerBoxColorFix;
[04:23:47] [main/DEBUG]: Skipping Lnet/minecraft/util/datafix/fixes/BlockEntityRenameFix;
[04:23:47] [main/DEBUG]: Skipping Lnet/minecraft/util/datafix/fixes/BlockEntityKeepPacked;
[04:23:47] [main/DEBUG]: Skipping Lnet/minecraft/util/datafix/fixes/BlockEntityJukeboxFix;
[04:23:47] [main/DEBUG]: Skipping Lnet/minecraft/util/datafix/fixes/BlockEntityIdFix;
[04:23:47] [main/DEBUG]: Skipping Lnet/minecraft/util/datafix/fixes/BlockEntityCustomNameToComponentFix;
[04:23:47] [main/DEBUG]: Skipping Lnet/minecraft/util/datafix/fixes/BlockEntityBlockStateFix;
[04:23:47] [main/DEBUG]: Skipping Lnet/minecraft/util/datafix/fixes/BlockEntityBannerColorFix;
[04:23:47] [main/DEBUG]: Skipping Lnet/minecraft/util/datafix/fixes/BlendingDataRemoveFromNetherEndFix;
[04:23:47] [main/DEBUG]: Skipping Lnet/minecraft/util/datafix/fixes/BlendingDataFix;
[04:23:47] [main/DEBUG]: Skipping Lnet/minecraft/util/datafix/fixes/BitStorageAlignFix;
[04:23:47] [main/DEBUG]: Skipping Lnet/minecraft/util/datafix/fixes/BiomeFix;
[04:23:47] [main/DEBUG]: Skipping Lnet/minecraft/util/datafix/fixes/BedItemColorFix;
[04:23:47] [main/DEBUG]: Skipping Lnet/minecraft/util/datafix/fixes/AttributesRename;
[04:23:47] [main/DEBUG]: Skipping Lnet/minecraft/util/datafix/fixes/AdvancementsRenameFix;
[04:23:47] [main/DEBUG]: Skipping Lnet/minecraft/util/datafix/fixes/AdvancementsFix;
[04:23:47] [main/DEBUG]: Skipping Lnet/minecraft/util/datafix/fixes/AddNewChoices;
[04:23:47] [main/DEBUG]: Skipping Lnet/minecraft/util/datafix/fixes/AddFlagIfNotPresentFix;
[04:23:47] [main/DEBUG]: Skipping Lnet/minecraft/util/datafix/fixes/AbstractUUIDFix;
[04:23:47] [main/DEBUG]: Skipping Lnet/minecraft/util/datafix/fixes/AbstractPoiSectionFix;
[04:23:47] [main/DEBUG]: Skipping Lnet/minecraft/util/datafix/fixes/AbstractArrowPickupFix;
[04:23:47] [main/DEBUG]: Transforming class Lnet/minecraft/util/datafix/fixes/StructuresBecomeConfiguredFix;
[04:23:47] [main/DEBUG]: Transforming net/minecraft/util/datafix/fixes/StructuresBecomeConfiguredFix INNERCLASS Conversion to access PUBLIC and LEAVE
[04:23:47] [main/DEBUG]: Transforming class Lnet/minecraft/util/datafix/fixes/StructuresBecomeConfiguredFix$Conversion;
[04:23:47] [main/DEBUG]: Transforming net/minecraft/util/datafix/fixes/StructuresBecomeConfiguredFix$Conversion CLASS to access PUBLIC and LEAVE
[04:23:47] [main/DEBUG]: Skipping Lnet/minecraft/util/datafix/PackedBitStorage;
[04:23:47] [main/DEBUG]: Skipping Lnet/minecraft/util/datafix/DataFixers;
[04:23:47] [main/DEBUG]: Skipping Lnet/minecraft/util/datafix/DataFixers$2;
[04:23:47] [main/DEBUG]: Skipping Lnet/minecraft/util/datafix/DataFixers$1;
[04:23:47] [main/DEBUG]: Skipping Lnet/minecraft/util/datafix/DataFixTypes;
[04:23:47] [main/DEBUG]: Skipping Lnet/minecraft/util/datafix/DataFixTypes$1;
[04:23:47] [main/DEBUG]: Skipping Lnet/minecraft/util/datafix/ComponentDataFixUtils;
[04:23:47] [main/DEBUG]: Skipping Lnet/minecraft/util/ZeroBitStorage;
[04:23:47] [main/DEBUG]: Skipping Lnet/minecraft/util/VisibleForDebug;
[04:23:47] [main/DEBUG]: Skipping Lnet/minecraft/util/Unit;
[04:23:47] [main/DEBUG]: Skipping Lnet/minecraft/util/Tuple;
[04:23:47] [main/DEBUG]: Skipping Lnet/minecraft/util/ToFloatFunction;
[04:23:47] [main/DEBUG]: Skipping Lnet/minecraft/util/ToFloatFunction$2;
[04:23:47] [main/DEBUG]: Skipping Lnet/minecraft/util/ToFloatFunction$1;
[04:23:47] [main/DEBUG]: Skipping Lnet/minecraft/util/TimeUtil;
[04:23:47] [main/DEBUG]: Skipping Lnet/minecraft/util/TimeSource;
[04:23:47] [main/DEBUG]: Skipping Lnet/minecraft/util/TimeSource$NanoTimeSource;
[04:23:47] [main/DEBUG]: Skipping Lnet/minecraft/util/ThreadingDetector;
[04:23:47] [main/DEBUG]: Skipping Lnet/minecraft/util/TaskChainer;
[04:23:47] [main/DEBUG]: Skipping Lnet/minecraft/util/TaskChainer$1;
[04:23:47] [main/DEBUG]: Skipping Lnet/minecraft/util/StringUtil;
[04:23:47] [main/DEBUG]: Skipping Lnet/minecraft/util/StringRepresentable;
[04:23:47] [main/DEBUG]: Skipping Lnet/minecraft/util/StringRepresentable$StringRepresentableCodec;
[04:23:47] [main/DEBUG]: Skipping Lnet/minecraft/util/StringRepresentable$EnumCodec;
[04:23:47] [main/DEBUG]: Skipping Lnet/minecraft/util/StringRepresentable$1;
[04:23:47] [main/DEBUG]: Skipping Lnet/minecraft/util/StringDecomposer;
[04:23:47] [main/DEBUG]: Skipping Lnet/minecraft/util/SortedArraySet;
[04:23:47] [main/DEBUG]: Skipping Lnet/minecraft/util/SortedArraySet$ArrayIterator;
[04:23:47] [main/DEBUG]: Skipping Lnet/minecraft/util/SmoothDouble;
[04:23:47] [main/DEBUG]: Skipping Lnet/minecraft/util/SingleKeyCache;
[04:23:47] [main/DEBUG]: Skipping Lnet/minecraft/util/SimpleBitStorage;
[04:23:47] [main/DEBUG]: Skipping Lnet/minecraft/util/SimpleBitStorage$InitializationException;
[04:23:47] [main/DEBUG]: Skipping Lnet/minecraft/util/Signer;
[04:23:47] [main/DEBUG]: Skipping Lnet/minecraft/util/SignatureValidator;
[04:23:47] [main/DEBUG]: Skipping Lnet/minecraft/util/SignatureUpdater;
[04:23:47] [main/DEBUG]: Skipping Lnet/minecraft/util/SignatureUpdater$Output;
[04:23:47] [main/DEBUG]: Skipping Lnet/minecraft/util/SequencedPriorityIterator;
[04:23:47] [main/DEBUG]: Skipping Lnet/minecraft/util/SegmentedAnglePrecision;
[04:23:47] [main/DEBUG]: Skipping Lnet/minecraft/util/SampleLogger;
[04:23:47] [main/DEBUG]: Skipping Lnet/minecraft/util/ResourceLocationPattern;
[04:23:47] [main/DEBUG]: Skipping Lnet/minecraft/util/RandomSource;
[04:23:47] [main/DEBUG]: Skipping Lnet/minecraft/util/ProgressListener;
[04:23:47] [main/DEBUG]: Skipping Lnet/minecraft/util/ProblemReporter;
[04:23:47] [main/DEBUG]: Skipping Lnet/minecraft/util/ProblemReporter$Collector;
[04:23:47] [main/DEBUG]: Skipping Lnet/minecraft/util/PngInfo;
[04:23:47] [main/DEBUG]: Skipping Lnet/minecraft/util/ParticleUtils;
[04:23:47] [main/DEBUG]: Skipping Lnet/minecraft/util/OptionEnum;
[04:23:47] [main/DEBUG]: Skipping Lnet/minecraft/util/NativeModuleLister;
[04:23:47] [main/DEBUG]: Skipping Lnet/minecraft/util/NativeModuleLister$NativeModuleVersion;
[04:23:47] [main/DEBUG]: Skipping Lnet/minecraft/util/NativeModuleLister$NativeModuleInfo;
[04:23:47] [main/DEBUG]: Skipping Lnet/minecraft/util/Mth;
[04:23:47] [main/DEBUG]: Skipping Lnet/minecraft/util/ModCheck;
[04:23:47] [main/DEBUG]: Skipping Lnet/minecraft/util/ModCheck$Confidence;
[04:23:47] [main/DEBUG]: Skipping Lnet/minecraft/util/MemoryReserve;
[04:23:47] [main/DEBUG]: Skipping Lnet/minecraft/util/LowerCaseEnumTypeAdapterFactory;
[04:23:47] [main/DEBUG]: Skipping Lnet/minecraft/util/LowerCaseEnumTypeAdapterFactory$1;
[04:23:47] [main/DEBUG]: Skipping Lnet/minecraft/util/LinearCongruentialGenerator;
[04:23:47] [main/DEBUG]: Skipping Lnet/minecraft/util/LazyLoadedValue;
[04:23:47] [main/DEBUG]: Skipping Lnet/minecraft/util/KeyDispatchDataCodec;
[04:23:47] [main/DEBUG]: Skipping Lnet/minecraft/util/JavaOps;
[04:23:47] [main/DEBUG]: Skipping Lnet/minecraft/util/JavaOps$FixedMapBuilder;
[04:23:47] [main/DEBUG]: Skipping Lnet/minecraft/util/JavaOps$1;
[04:23:47] [main/DEBUG]: Skipping Lnet/minecraft/util/InclusiveRange;
[04:23:47] [main/DEBUG]: Skipping Lnet/minecraft/util/HttpUtil;
[04:23:47] [main/DEBUG]: Skipping Lnet/minecraft/util/HttpUtil$DownloadProgressListener;
[04:23:47] [main/DEBUG]: Skipping Lnet/minecraft/util/GsonHelper;
[04:23:47] [main/DEBUG]: Skipping Lnet/minecraft/util/Graph;
[04:23:47] [main/DEBUG]: Skipping Lnet/minecraft/util/FutureChain;
[04:23:47] [main/DEBUG]: Skipping Lnet/minecraft/util/FormattedCharSink;
[04:23:47] [main/DEBUG]: Skipping Lnet/minecraft/util/FormattedCharSequence;
[04:23:47] [main/DEBUG]: Skipping Lnet/minecraft/util/FileZipper;
[04:23:47] [main/DEBUG]: Skipping Lnet/minecraft/util/FastColor;
[04:23:47] [main/DEBUG]: Skipping Lnet/minecraft/util/FastColor$ARGB32;
[04:23:47] [main/DEBUG]: Skipping Lnet/minecraft/util/FastColor$ABGR32;
[04:23:47] [main/DEBUG]: Skipping Lnet/minecraft/util/FastBufferedInputStream;
[04:23:47] [main/DEBUG]: Transforming class Lnet/minecraft/util/ExtraCodecs;
[04:23:47] [main/DEBUG]: Transforming net/minecraft/util/ExtraCodecs INNERCLASS EitherCodec to access PUBLIC and LEAVE
[04:23:47] [main/DEBUG]: Skipping Lnet/minecraft/util/ExtraCodecs$XorCodec;
[04:23:47] [main/DEBUG]: Skipping Lnet/minecraft/util/ExtraCodecs$TagOrElementLocation;
[04:23:47] [main/DEBUG]: Skipping Lnet/minecraft/util/ExtraCodecs$StrictUnboundedMapCodec;
[04:23:47] [main/DEBUG]: Skipping Lnet/minecraft/util/ExtraCodecs$StrictOptionalFieldCodec;
[04:23:47] [main/DEBUG]: Skipping Lnet/minecraft/util/ExtraCodecs$RecursiveCodec;
[04:23:47] [main/DEBUG]: Transforming class Lnet/minecraft/util/ExtraCodecs$EitherCodec;
[04:23:47] [main/DEBUG]: Transforming net/minecraft/util/ExtraCodecs$EitherCodec CLASS to access PUBLIC and LEAVE
[04:23:47] [main/DEBUG]: Skipping Lnet/minecraft/util/ExtraCodecs$6;
[04:23:47] [main/DEBUG]: Skipping Lnet/minecraft/util/ExtraCodecs$5;
[04:23:47] [main/DEBUG]: Skipping Lnet/minecraft/util/ExtraCodecs$4;
[04:23:47] [main/DEBUG]: Skipping Lnet/minecraft/util/ExtraCodecs$3;
[04:23:47] [main/DEBUG]: Skipping Lnet/minecraft/util/ExtraCodecs$2;
[04:23:47] [main/DEBUG]: Skipping Lnet/minecraft/util/ExtraCodecs$1ContextRetrievalCodec;
[04:23:47] [main/DEBUG]: Skipping Lnet/minecraft/util/ExtraCodecs$1;
[04:23:47] [main/DEBUG]: Skipping Lnet/minecraft/util/ExceptionCollector;
[04:23:47] [main/DEBUG]: Skipping Lnet/minecraft/util/DirectoryLock;
[04:23:47] [main/DEBUG]: Skipping Lnet/minecraft/util/DirectoryLock$LockException;
[04:23:47] [main/DEBUG]: Skipping Lnet/minecraft/util/DependencySorter;
[04:23:47] [main/DEBUG]: Skipping Lnet/minecraft/util/DependencySorter$Entry;
[04:23:47] [main/DEBUG]: Skipping Lnet/minecraft/util/DelegateDataOutput;
[04:23:47] [main/DEBUG]: Skipping Lnet/minecraft/util/DebugBuffer;
[04:23:47] [main/DEBUG]: Skipping Lnet/minecraft/util/CubicSpline;
[04:23:47] [main/DEBUG]: Skipping Lnet/minecraft/util/CubicSpline$Multipoint;
[04:23:47] [main/DEBUG]: Skipping Lnet/minecraft/util/CubicSpline$CoordinateVisitor;
[04:23:47] [main/DEBUG]: Skipping Lnet/minecraft/util/CubicSpline$Constant;
[04:23:47] [main/DEBUG]: Skipping Lnet/minecraft/util/CubicSpline$Builder;
[04:23:47] [main/DEBUG]: Skipping Lnet/minecraft/util/CubicSpline$1Point;
[04:23:47] [main/DEBUG]: Skipping Lnet/minecraft/util/CubicSampler;
[04:23:47] [main/DEBUG]: Skipping Lnet/minecraft/util/CubicSampler$Vec3Fetcher;
[04:23:47] [main/DEBUG]: Skipping Lnet/minecraft/util/CsvOutput;
[04:23:47] [main/DEBUG]: Skipping Lnet/minecraft/util/CsvOutput$Builder;
[04:23:47] [main/DEBUG]: Skipping Lnet/minecraft/util/CryptException;
[04:23:47] [main/DEBUG]: Skipping Lnet/minecraft/util/Crypt;
[04:23:47] [main/DEBUG]: Skipping Lnet/minecraft/util/Crypt$SaltSupplier;
[04:23:47] [main/DEBUG]: Skipping Lnet/minecraft/util/Crypt$SaltSignaturePair;
[04:23:47] [main/DEBUG]: Skipping Lnet/minecraft/util/Crypt$ByteArrayToKeyFunction;
[04:23:47] [main/DEBUG]: Skipping Lnet/minecraft/util/CrudeIncrementalIntIdentityHashBiMap;
[04:23:47] [main/DEBUG]: Skipping Lnet/minecraft/util/CommonLinks;
[04:23:47] [main/DEBUG]: Skipping Lnet/minecraft/util/CommonColors;
[04:23:47] [main/DEBUG]: Skipping Lnet/minecraft/util/ColorRGBA;
[04:23:47] [main/DEBUG]: Skipping Lnet/minecraft/util/ClassInstanceMultiMap;
[04:23:47] [main/DEBUG]: Skipping Lnet/minecraft/util/ByIdMap;
[04:23:47] [main/DEBUG]: Skipping Lnet/minecraft/util/ByIdMap$OutOfBoundsStrategy;
[04:23:47] [main/DEBUG]: Skipping Lnet/minecraft/util/ByIdMap$1;
[04:23:47] [main/DEBUG]: Skipping Lnet/minecraft/util/Brightness;
[04:23:47] [main/DEBUG]: Skipping Lnet/minecraft/util/BitStorage;
[04:23:47] [main/DEBUG]: Skipping Lnet/minecraft/util/ArrayListDeque;
[04:23:47] [main/DEBUG]: Skipping Lnet/minecraft/util/ArrayListDeque$DescendingIterator;
[04:23:47] [main/DEBUG]: Skipping Lnet/minecraft/util/AbortableIterationConsumer;
[04:23:47] [main/DEBUG]: Skipping Lnet/minecraft/util/AbortableIterationConsumer$Continuation;
[04:23:47] [main/DEBUG]: Skipping Lnet/minecraft/util/SpawnUtil;
[04:23:47] [main/DEBUG]: Skipping Lnet/minecraft/util/SpawnUtil$Strategy;
[04:23:47] [main/DEBUG]: Skipping Lnet/minecraft/tags/package-info;
[04:23:47] [main/DEBUG]: Skipping Lnet/minecraft/tags/WorldPresetTags;
[04:23:47] [main/DEBUG]: Skipping Lnet/minecraft/tags/TagNetworkSerialization;
[04:23:47] [main/DEBUG]: Skipping Lnet/minecraft/tags/TagNetworkSerialization$TagOutput;
[04:23:47] [main/DEBUG]: Skipping Lnet/minecraft/tags/TagNetworkSerialization$NetworkPayload;
[04:23:47] [main/DEBUG]: Skipping Lnet/minecraft/tags/TagKey;
[04:23:47] [main/DEBUG]: Skipping Lnet/minecraft/tags/StructureTags;
[04:23:47] [main/DEBUG]: Skipping Lnet/minecraft/tags/PoiTypeTags;
[04:23:47] [main/DEBUG]: Skipping Lnet/minecraft/tags/PaintingVariantTags;
[04:23:47] [main/DEBUG]: Skipping Lnet/minecraft/tags/InstrumentTags;
[04:23:47] [main/DEBUG]: Skipping Lnet/minecraft/tags/GameEventTags;
[04:23:47] [main/DEBUG]: Skipping Lnet/minecraft/tags/FlatLevelGeneratorPresetTags;
[04:23:47] [main/DEBUG]: Skipping Lnet/minecraft/tags/EntityTypeTags;
[04:23:47] [main/DEBUG]: Skipping Lnet/minecraft/tags/DamageTypeTags;
[04:23:47] [main/DEBUG]: Skipping Lnet/minecraft/tags/CatVariantTags;
[04:23:47] [main/DEBUG]: Skipping Lnet/minecraft/tags/BiomeTags;
[04:23:47] [main/DEBUG]: Skipping Lnet/minecraft/tags/BannerPatternTags;
[04:23:47] [main/DEBUG]: Skipping Lnet/minecraft/tags/TagManager;
[04:23:47] [main/DEBUG]: Skipping Lnet/minecraft/tags/TagManager$LoadResult;
[04:23:47] [main/DEBUG]: Skipping Lnet/minecraft/tags/TagLoader;
[04:23:47] [main/DEBUG]: Skipping Lnet/minecraft/tags/TagLoader$SortingEntry;
[04:23:47] [main/DEBUG]: Skipping Lnet/minecraft/tags/TagLoader$EntryWithSource;
[04:23:47] [main/DEBUG]: Skipping Lnet/minecraft/tags/TagLoader$1;
[04:23:47] [main/DEBUG]: Skipping Lnet/minecraft/tags/TagFile;
[04:23:47] [main/DEBUG]: Skipping Lnet/minecraft/tags/TagEntry;
[04:23:47] [main/DEBUG]: Skipping Lnet/minecraft/tags/TagEntry$Lookup;
[04:23:47] [main/DEBUG]: Skipping Lnet/minecraft/tags/TagBuilder;
[04:23:47] [main/DEBUG]: Skipping Lnet/minecraft/tags/ItemTags;
[04:23:47] [main/DEBUG]: Skipping Lnet/minecraft/tags/FluidTags;
[04:23:47] [main/DEBUG]: Skipping Lnet/minecraft/tags/BlockTags;
[04:23:47] [main/DEBUG]: Skipping Lnet/minecraft/stats/package-info;
[04:23:47] [main/DEBUG]: Skipping Lnet/minecraft/stats/StatsCounter;
[04:23:47] [main/DEBUG]: Skipping Lnet/minecraft/stats/Stats;
[04:23:47] [main/DEBUG]: Skipping Lnet/minecraft/stats/StatType;
[04:23:47] [main/DEBUG]: Skipping Lnet/minecraft/stats/StatFormatter;
[04:23:47] [main/DEBUG]: Skipping Lnet/minecraft/stats/Stat;
[04:23:47] [main/DEBUG]: Skipping Lnet/minecraft/stats/ServerStatsCounter;
[04:23:47] [main/DEBUG]: Skipping Lnet/minecraft/stats/ServerRecipeBook;
[04:23:47] [main/DEBUG]: Skipping Lnet/minecraft/stats/RecipeBook;
[04:23:47] [main/DEBUG]: Skipping Lnet/minecraft/stats/RecipeBookSettings;
[04:23:47] [main/DEBUG]: Skipping Lnet/minecraft/stats/RecipeBookSettings$TypeSettings;
[04:23:47] [main/DEBUG]: Skipping Lnet/minecraft/sounds/package-info;
[04:23:47] [main/DEBUG]: Skipping Lnet/minecraft/sounds/SoundSource;
[04:23:47] [main/DEBUG]: Skipping Lnet/minecraft/sounds/SoundEvents;
[04:23:47] [main/DEBUG]: Skipping Lnet/minecraft/sounds/SoundEvent;
[04:23:47] [main/DEBUG]: Skipping Lnet/minecraft/sounds/Musics;
[04:23:47] [main/DEBUG]: Skipping Lnet/minecraft/sounds/Music;
[04:23:47] [main/DEBUG]: Skipping Lnet/minecraft/server/rcon/thread/package-info;
[04:23:47] [main/DEBUG]: Skipping Lnet/minecraft/server/rcon/thread/RconThread;
[04:23:47] [main/DEBUG]: Skipping Lnet/minecraft/server/rcon/thread/QueryThreadGs4;
[04:23:47] [main/DEBUG]: Skipping Lnet/minecraft/server/rcon/thread/QueryThreadGs4$RequestChallenge;
[04:23:47] [main/DEBUG]: Skipping Lnet/minecraft/server/rcon/thread/GenericThread;
[04:23:47] [main/DEBUG]: Skipping Lnet/minecraft/server/rcon/thread/RconClient;
[04:23:47] [main/DEBUG]: Skipping Lnet/minecraft/server/rcon/package-info;
[04:23:47] [main/DEBUG]: Skipping Lnet/minecraft/server/rcon/PktUtils;
[04:23:47] [main/DEBUG]: Skipping Lnet/minecraft/server/rcon/NetworkDataOutputStream;
[04:23:47] [main/DEBUG]: Skipping Lnet/minecraft/server/rcon/RconConsoleSource;
[04:23:47] [main/DEBUG]: Skipping Lnet/minecraft/server/players/package-info;
[04:23:47] [main/DEBUG]: Skipping Lnet/minecraft/server/players/UserWhiteListEntry;
[04:23:47] [main/DEBUG]: Skipping Lnet/minecraft/server/players/UserWhiteList;
[04:23:47] [main/DEBUG]: Skipping Lnet/minecraft/server/players/UserBanListEntry;
[04:23:47] [main/DEBUG]: Skipping Lnet/minecraft/server/players/UserBanList;
[04:23:47] [main/DEBUG]: Skipping Lnet/minecraft/server/players/StoredUserList;
[04:23:47] [main/DEBUG]: Skipping Lnet/minecraft/server/players/StoredUserEntry;
[04:23:47] [main/DEBUG]: Skipping Lnet/minecraft/server/players/SleepStatus;
[04:23:47] [main/DEBUG]: Skipping Lnet/minecraft/server/players/ServerOpListEntry;
[04:23:47] [main/DEBUG]: Skipping Lnet/minecraft/server/players/ServerOpList;
[04:23:47] [main/DEBUG]: Skipping Lnet/minecraft/server/players/OldUsersConverter;
[04:23:47] [main/DEBUG]: Skipping Lnet/minecraft/server/players/OldUsersConverter$ConversionError;
[04:23:47] [main/DEBUG]: Skipping Lnet/minecraft/server/players/OldUsersConverter$5;
[04:23:47] [main/DEBUG]: Skipping Lnet/minecraft/server/players/OldUsersConverter$4;
[04:23:47] [main/DEBUG]: Skipping Lnet/minecraft/server/players/OldUsersConverter$3;
[04:23:47] [main/DEBUG]: Skipping Lnet/minecraft/server/players/OldUsersConverter$2;
[04:23:47] [main/DEBUG]: Skipping Lnet/minecraft/server/players/OldUsersConverter$1;
[04:23:47] [main/DEBUG]: Skipping Lnet/minecraft/server/players/IpBanListEntry;
[04:23:47] [main/DEBUG]: Skipping Lnet/minecraft/server/players/IpBanList;
[04:23:47] [main/DEBUG]: Skipping Lnet/minecraft/server/players/GameProfileCache;
[04:23:47] [main/DEBUG]: Skipping Lnet/minecraft/server/players/GameProfileCache$GameProfileInfo;
[04:23:47] [main/DEBUG]: Skipping Lnet/minecraft/server/players/GameProfileCache$1;
[04:23:47] [main/DEBUG]: Skipping Lnet/minecraft/server/players/BanListEntry;
[04:23:47] [main/DEBUG]: Skipping Lnet/minecraft/server/players/PlayerList;
[04:23:47] [main/DEBUG]: Skipping Lnet/minecraft/server/players/PlayerList$1;
[04:23:47] [main/DEBUG]: Skipping Lnet/minecraft/server/packs/resources/package-info;
[04:23:47] [main/DEBUG]: Skipping Lnet/minecraft/server/packs/resources/SimpleReloadInstance;
[04:23:47] [main/DEBUG]: Skipping Lnet/minecraft/server/packs/resources/SimpleReloadInstance$StateFactory;
[04:23:47] [main/DEBUG]: Skipping Lnet/minecraft/server/packs/resources/SimpleReloadInstance$1;
[04:23:47] [main/DEBUG]: Skipping Lnet/minecraft/server/packs/resources/SimplePreparableReloadListener;
[04:23:47] [main/DEBUG]: Skipping Lnet/minecraft/server/packs/resources/ResourceProvider;
[04:23:47] [main/DEBUG]: Skipping Lnet/minecraft/server/packs/resources/ResourceMetadata;
[04:23:47] [main/DEBUG]: Skipping Lnet/minecraft/server/packs/resources/ResourceMetadata$Builder;
[04:23:47] [main/DEBUG]: Skipping Lnet/minecraft/server/packs/resources/ResourceMetadata$Builder$1;
[04:23:47] [main/DEBUG]: Skipping Lnet/minecraft/server/packs/resources/ResourceMetadata$2;
[04:23:47] [main/DEBUG]: Skipping Lnet/minecraft/server/packs/resources/ResourceMetadata$1;
[04:23:47] [main/DEBUG]: Skipping Lnet/minecraft/server/packs/resources/ResourceManagerReloadListener;
[04:23:47] [main/DEBUG]: Skipping Lnet/minecraft/server/packs/resources/ResourceManager;
[04:23:47] [main/DEBUG]: Skipping Lnet/minecraft/server/packs/resources/ResourceManager$Empty;
[04:23:47] [main/DEBUG]: Skipping Lnet/minecraft/server/packs/resources/ResourceFilterSection;
[04:23:47] [main/DEBUG]: Skipping Lnet/minecraft/server/packs/resources/Resource;
[04:23:47] [main/DEBUG]: Skipping Lnet/minecraft/server/packs/resources/ReloadInstance;
[04:23:47] [main/DEBUG]: Skipping Lnet/minecraft/server/packs/resources/ProfiledReloadInstance;
[04:23:47] [main/DEBUG]: Skipping Lnet/minecraft/server/packs/resources/ProfiledReloadInstance$State;
[04:23:47] [main/DEBUG]: Skipping Lnet/minecraft/server/packs/resources/PreparableReloadListener;
[04:23:47] [main/DEBUG]: Skipping Lnet/minecraft/server/packs/resources/PreparableReloadListener$PreparationBarrier;
[04:23:47] [main/DEBUG]: Skipping Lnet/minecraft/server/packs/resources/MultiPackResourceManager;
[04:23:47] [main/DEBUG]: Skipping Lnet/minecraft/server/packs/resources/IoSupplier;
[04:23:47] [main/DEBUG]: Skipping Lnet/minecraft/server/packs/resources/CloseableResourceManager;
[04:23:47] [main/DEBUG]: Skipping Lnet/minecraft/server/packs/resources/SimpleJsonResourceReloadListener;
[04:23:47] [main/DEBUG]: Skipping Lnet/minecraft/server/packs/resources/ReloadableResourceManager;
[04:23:47] [main/DEBUG]: Transforming class Lnet/minecraft/server/packs/resources/FallbackResourceManager;
[04:23:47] [main/DEBUG]: Transforming net/minecraft/server/packs/resources/FallbackResourceManager FIELD f_10599_ to access PUBLIC and LEAVE
[04:23:47] [main/DEBUG]: Skipping Lnet/minecraft/server/packs/resources/FallbackResourceManager$ResourceWithSource;
[04:23:47] [main/DEBUG]: Skipping Lnet/minecraft/server/packs/resources/FallbackResourceManager$PackEntry;
[04:23:47] [main/DEBUG]: Skipping Lnet/minecraft/server/packs/resources/FallbackResourceManager$LeakedResourceWarningInputStream;
[04:23:47] [main/DEBUG]: Skipping Lnet/minecraft/server/packs/resources/FallbackResourceManager$EntryStack;
[04:23:47] [main/DEBUG]: Skipping Lnet/minecraft/server/packs/resources/FallbackResourceManager$1ResourceWithSourceAndIndex;
[04:23:47] [main/DEBUG]: Skipping Lnet/minecraft/server/packs/repository/package-info;
[04:23:47] [main/DEBUG]: Skipping Lnet/minecraft/server/packs/repository/RepositorySource;
[04:23:47] [main/DEBUG]: Skipping Lnet/minecraft/server/packs/repository/PackSource;
[04:23:47] [main/DEBUG]: Skipping Lnet/minecraft/server/packs/repository/PackSource$1;
[04:23:47] [main/DEBUG]: Skipping Lnet/minecraft/server/packs/repository/PackDetector;
[04:23:47] [main/DEBUG]: Skipping Lnet/minecraft/server/packs/repository/PackCompatibility;
[04:23:47] [main/DEBUG]: Skipping Lnet/minecraft/server/packs/repository/FolderRepositorySource;
[04:23:47] [main/DEBUG]: Skipping Lnet/minecraft/server/packs/repository/FolderRepositorySource$FolderPackDetector;
[04:23:47] [main/DEBUG]: Skipping Lnet/minecraft/server/packs/repository/BuiltInPackSource;
[04:23:47] [main/DEBUG]: Skipping Lnet/minecraft/server/packs/repository/BuiltInPackSource$1;
[04:23:47] [main/DEBUG]: Transforming class Lnet/minecraft/server/packs/repository/ServerPacksSource;
[04:23:47] [main/DEBUG]: Transforming net/minecraft/server/packs/repository/ServerPacksSource METHOD m_246173_()Lnet/minecraft/server/packs/VanillaPackResources; to access PUBLIC and LEAVE
[04:23:47] [main/DEBUG]: Skipping Lnet/minecraft/server/packs/repository/PackRepository;
[04:23:47] [main/DEBUG]: Skipping Lnet/minecraft/server/packs/repository/Pack;
[04:23:47] [main/DEBUG]: Skipping Lnet/minecraft/server/packs/repository/Pack$ResourcesSupplier;
[04:23:47] [main/DEBUG]: Skipping Lnet/minecraft/server/packs/repository/Pack$Position;
[04:23:47] [main/DEBUG]: Skipping Lnet/minecraft/server/packs/repository/Pack$Info;
[04:23:47] [main/DEBUG]: Skipping Lnet/minecraft/server/packs/package-info;
[04:23:47] [main/DEBUG]: Skipping Lnet/minecraft/server/packs/metadata/package-info;
[04:23:47] [main/DEBUG]: Skipping Lnet/minecraft/server/packs/metadata/pack/package-info;
[04:23:47] [main/DEBUG]: Skipping Lnet/minecraft/server/packs/metadata/pack/PackMetadataSection;
[04:23:47] [main/DEBUG]: Skipping Lnet/minecraft/server/packs/metadata/MetadataSectionType;
[04:23:47] [main/DEBUG]: Skipping Lnet/minecraft/server/packs/metadata/MetadataSectionType$1;
[04:23:47] [main/DEBUG]: Skipping Lnet/minecraft/server/packs/metadata/MetadataSectionSerializer;
[04:23:47] [main/DEBUG]: Skipping Lnet/minecraft/server/packs/linkfs/package-info;
[04:23:47] [main/DEBUG]: Skipping Lnet/minecraft/server/packs/linkfs/PathContents;
[04:23:47] [main/DEBUG]: Skipping Lnet/minecraft/server/packs/linkfs/PathContents$FileContents;
[04:23:47] [main/DEBUG]: Skipping Lnet/minecraft/server/packs/linkfs/PathContents$DirectoryContents;
[04:23:47] [main/DEBUG]: Skipping Lnet/minecraft/server/packs/linkfs/PathContents$2;
[04:23:47] [main/DEBUG]: Skipping Lnet/minecraft/server/packs/linkfs/PathContents$1;
[04:23:47] [main/DEBUG]: Skipping Lnet/minecraft/server/packs/linkfs/LinkFileSystem;
[04:23:47] [main/DEBUG]: Skipping Lnet/minecraft/server/packs/linkfs/LinkFileSystem$DirectoryEntry;
[04:23:47] [main/DEBUG]: Skipping Lnet/minecraft/server/packs/linkfs/LinkFileSystem$Builder;
[04:23:47] [main/DEBUG]: Skipping Lnet/minecraft/server/packs/linkfs/LinkFSProvider;
[04:23:47] [main/DEBUG]: Skipping Lnet/minecraft/server/packs/linkfs/LinkFSProvider$2;
[04:23:47] [main/DEBUG]: Skipping Lnet/minecraft/server/packs/linkfs/LinkFSProvider$1;
[04:23:47] [main/DEBUG]: Skipping Lnet/minecraft/server/packs/linkfs/LinkFSPath;
[04:23:47] [main/DEBUG]: Skipping Lnet/minecraft/server/packs/linkfs/LinkFSPath$3;
[04:23:47] [main/DEBUG]: Skipping Lnet/minecraft/server/packs/linkfs/LinkFSPath$2;
[04:23:47] [main/DEBUG]: Skipping Lnet/minecraft/server/packs/linkfs/LinkFSPath$1;
[04:23:47] [main/DEBUG]: Skipping Lnet/minecraft/server/packs/linkfs/LinkFSFileStore;
[04:23:47] [main/DEBUG]: Skipping Lnet/minecraft/server/packs/linkfs/DummyFileAttributes;
[04:23:47] [main/DEBUG]: Skipping Lnet/minecraft/server/packs/VanillaPackResourcesBuilder;
[04:23:47] [main/DEBUG]: Skipping Lnet/minecraft/server/packs/VanillaPackResources;
[04:23:47] [main/DEBUG]: Skipping Lnet/minecraft/server/packs/PathPackResources;
[04:23:47] [main/DEBUG]: Skipping Lnet/minecraft/server/packs/PathPackResources$PathResourcesSupplier;
[04:23:47] [main/DEBUG]: Skipping Lnet/minecraft/server/packs/PackType;
[04:23:47] [main/DEBUG]: Skipping Lnet/minecraft/server/packs/OverlayMetadataSection;
[04:23:47] [main/DEBUG]: Skipping Lnet/minecraft/server/packs/OverlayMetadataSection$OverlayEntry;
[04:23:47] [main/DEBUG]: Skipping Lnet/minecraft/server/packs/FilePackResources;
[04:23:47] [main/DEBUG]: Skipping Lnet/minecraft/server/packs/FilePackResources$SharedZipFileAccess;
[04:23:47] [main/DEBUG]: Skipping Lnet/minecraft/server/packs/FilePackResources$FileResourcesSupplier;
[04:23:47] [main/DEBUG]: Skipping Lnet/minecraft/server/packs/FeatureFlagsMetadataSection;
[04:23:47] [main/DEBUG]: Skipping Lnet/minecraft/server/packs/DownloadQueue;
[04:23:47] [main/DEBUG]: Skipping Lnet/minecraft/server/packs/DownloadQueue$LogEntry;
[04:23:47] [main/DEBUG]: Skipping Lnet/minecraft/server/packs/DownloadQueue$FileInfoEntry;
[04:23:47] [main/DEBUG]: Skipping Lnet/minecraft/server/packs/DownloadQueue$DownloadRequest;
[04:23:47] [main/DEBUG]: Skipping Lnet/minecraft/server/packs/DownloadQueue$BatchResult;
[04:23:47] [main/DEBUG]: Skipping Lnet/minecraft/server/packs/DownloadQueue$BatchConfig;
[04:23:47] [main/DEBUG]: Skipping Lnet/minecraft/server/packs/DownloadCacheCleaner;
[04:23:47] [main/DEBUG]: Skipping Lnet/minecraft/server/packs/DownloadCacheCleaner$PathAndTime;
[04:23:47] [main/DEBUG]: Skipping Lnet/minecraft/server/packs/DownloadCacheCleaner$PathAndPriority;
[04:23:47] [main/DEBUG]: Skipping Lnet/minecraft/server/packs/DownloadCacheCleaner$1;
[04:23:47] [main/DEBUG]: Skipping Lnet/minecraft/server/packs/CompositePackResources;
[04:23:47] [main/DEBUG]: Skipping Lnet/minecraft/server/packs/BuiltInMetadata;
[04:23:47] [main/DEBUG]: Skipping Lnet/minecraft/server/packs/PackResources;
[04:23:47] [main/DEBUG]: Skipping Lnet/minecraft/server/packs/PackResources$ResourceOutput;
[04:23:47] [main/DEBUG]: Skipping Lnet/minecraft/server/packs/AbstractPackResources;
[04:23:47] [main/DEBUG]: Skipping Lnet/minecraft/server/package-info;
[04:23:47] [main/DEBUG]: Skipping Lnet/minecraft/server/network/package-info;
[04:23:47] [main/DEBUG]: Skipping Lnet/minecraft/server/network/config/package-info;
[04:23:47] [main/DEBUG]: Skipping Lnet/minecraft/server/network/config/ServerResourcePackConfigurationTask;
[04:23:47] [main/DEBUG]: Skipping Lnet/minecraft/server/network/config/JoinWorldTask;
[04:23:47] [main/DEBUG]: Skipping Lnet/minecraft/server/network/TextFilterClient;
[04:23:47] [main/DEBUG]: Skipping Lnet/minecraft/server/network/TextFilterClient$RequestFailedException;
[04:23:47] [main/DEBUG]: Skipping Lnet/minecraft/server/network/TextFilterClient$PlayerContext;
[04:23:47] [main/DEBUG]: Skipping Lnet/minecraft/server/network/TextFilterClient$MessageEncoder;
[04:23:47] [main/DEBUG]: Skipping Lnet/minecraft/server/network/TextFilterClient$JoinOrLeaveEncoder;
[04:23:47] [main/DEBUG]: Skipping Lnet/minecraft/server/network/TextFilterClient$IgnoreStrategy;
[04:23:47] [main/DEBUG]: Skipping Lnet/minecraft/server/network/TextFilter;
[04:23:47] [main/DEBUG]: Skipping Lnet/minecraft/server/network/TextFilter$1;
[04:23:47] [main/DEBUG]: Skipping Lnet/minecraft/server/network/ServerPlayerConnection;
[04:23:47] [main/DEBUG]: Skipping Lnet/minecraft/server/network/LegacyQueryHandler;
[04:23:47] [main/DEBUG]: Skipping Lnet/minecraft/server/network/LegacyProtocolUtils;
[04:23:47] [main/DEBUG]: Skipping Lnet/minecraft/server/network/FilteredText;
[04:23:47] [main/DEBUG]: Skipping Lnet/minecraft/server/network/CommonListenerCookie;
[04:23:47] [main/DEBUG]: Skipping Lnet/minecraft/server/network/ServerStatusPacketListenerImpl;
[04:23:47] [main/DEBUG]: Skipping Lnet/minecraft/server/network/ServerLoginPacketListenerImpl;
[04:23:47] [main/DEBUG]: Skipping Lnet/minecraft/server/network/ServerLoginPacketListenerImpl$State;
[04:23:47] [main/DEBUG]: Skipping Lnet/minecraft/server/network/ServerLoginPacketListenerImpl$1;
[04:23:47] [main/DEBUG]: Skipping Lnet/minecraft/server/network/ServerHandshakePacketListenerImpl;
[04:23:47] [main/DEBUG]: Skipping Lnet/minecraft/server/network/ServerHandshakePacketListenerImpl$1;
[04:23:47] [main/DEBUG]: Skipping Lnet/minecraft/server/network/ServerGamePacketListenerImpl;
[04:23:47] [main/DEBUG]: Skipping Lnet/minecraft/server/network/ServerGamePacketListenerImpl$EntityInteraction;
[04:23:47] [main/DEBUG]: Skipping Lnet/minecraft/server/network/ServerGamePacketListenerImpl$2;
[04:23:47] [main/DEBUG]: Skipping Lnet/minecraft/server/network/ServerGamePacketListenerImpl$1;
[04:23:47] [main/DEBUG]: Skipping Lnet/minecraft/server/network/ServerConnectionListener;
[04:23:47] [main/DEBUG]: Skipping Lnet/minecraft/server/network/ServerConnectionListener$LatencySimulator;
[04:23:47] [main/DEBUG]: Skipping Lnet/minecraft/server/network/ServerConnectionListener$LatencySimulator$DelayedMessage;
[04:23:47] [main/DEBUG]: Skipping Lnet/minecraft/server/network/ServerConnectionListener$2;
[04:23:47] [main/DEBUG]: Skipping Lnet/minecraft/server/network/ServerConnectionListener$1;
[04:23:47] [main/DEBUG]: Transforming class Lnet/minecraft/server/network/ServerConfigurationPacketListenerImpl;
[04:23:47] [main/DEBUG]: Transforming net/minecraft/server/network/ServerConfigurationPacketListenerImpl METHOD m_293514_(Lnet/minecraft/server/network/ConfigurationTask$Type;)V to access PUBLIC and LEAVE
[04:23:47] [main/DEBUG]: Skipping Lnet/minecraft/server/network/ServerCommonPacketListenerImpl;
[04:23:47] [main/DEBUG]: Skipping Lnet/minecraft/server/network/PlayerChunkSender;
[04:23:47] [main/DEBUG]: Skipping Lnet/minecraft/server/network/MemoryServerHandshakePacketListenerImpl;
[04:23:47] [main/DEBUG]: Skipping Lnet/minecraft/server/network/ConfigurationTask;
[04:23:47] [main/DEBUG]: Skipping Lnet/minecraft/server/network/ConfigurationTask$Type;
[04:23:47] [main/DEBUG]: Skipping Lnet/minecraft/server/level/progress/package-info;
[04:23:47] [main/DEBUG]: Skipping Lnet/minecraft/server/level/progress/StoringChunkProgressListener;
[04:23:47] [main/DEBUG]: Skipping Lnet/minecraft/server/level/progress/ProcessorChunkProgressListener;
[04:23:47] [main/DEBUG]: Skipping Lnet/minecraft/server/level/progress/LoggerChunkProgressListener;
[04:23:47] [main/DEBUG]: Skipping Lnet/minecraft/server/level/progress/ChunkProgressListenerFactory;
[04:23:47] [main/DEBUG]: Skipping Lnet/minecraft/server/level/progress/ChunkProgressListener;
[04:23:47] [main/DEBUG]: Skipping Lnet/minecraft/server/level/package-info;
[04:23:47] [main/DEBUG]: Skipping Lnet/minecraft/server/level/TickingTracker;
[04:23:47] [main/DEBUG]: Skipping Lnet/minecraft/server/level/TicketType;
[04:23:47] [main/DEBUG]: Skipping Lnet/minecraft/server/level/ThreadedLevelLightEngine;
[04:23:47] [main/DEBUG]: Skipping Lnet/minecraft/server/level/ThreadedLevelLightEngine$TaskType;
[04:23:47] [main/DEBUG]: Skipping Lnet/minecraft/server/level/ServerBossEvent;
[04:23:47] [main/DEBUG]: Skipping Lnet/minecraft/server/level/SectionTracker;
[04:23:47] [main/DEBUG]: Skipping Lnet/minecraft/server/level/PlayerRespawnLogic;
[04:23:47] [main/DEBUG]: Skipping Lnet/minecraft/server/level/PlayerMap;
[04:23:47] [main/DEBUG]: Skipping Lnet/minecraft/server/level/FullChunkStatus;
[04:23:47] [main/DEBUG]: Skipping Lnet/minecraft/server/level/DemoMode;
[04:23:47] [main/DEBUG]: Skipping Lnet/minecraft/server/level/ColumnPos;
[04:23:47] [main/DEBUG]: Skipping Lnet/minecraft/server/level/ClientInformation;
[04:23:47] [main/DEBUG]: Skipping Lnet/minecraft/server/level/ChunkTrackingView;
[04:23:47] [main/DEBUG]: Skipping Lnet/minecraft/server/level/ChunkTrackingView$Positioned;
[04:23:47] [main/DEBUG]: Skipping Lnet/minecraft/server/level/ChunkTrackingView$1;
[04:23:47] [main/DEBUG]: Skipping Lnet/minecraft/server/level/ChunkTracker;
[04:23:47] [main/DEBUG]: Skipping Lnet/minecraft/server/level/ChunkTaskPriorityQueueSorter;
[04:23:47] [main/DEBUG]: Skipping Lnet/minecraft/server/level/ChunkTaskPriorityQueueSorter$Release;
[04:23:47] [main/DEBUG]: Skipping Lnet/minecraft/server/level/ChunkTaskPriorityQueueSorter$Message;
[04:23:47] [main/DEBUG]: Skipping Lnet/minecraft/server/level/ChunkTaskPriorityQueue;
[04:23:47] [main/DEBUG]: Skipping Lnet/minecraft/server/level/ChunkLevel;
[04:23:47] [main/DEBUG]: Skipping Lnet/minecraft/server/level/ChunkLevel$1;
[04:23:47] [main/DEBUG]: Skipping Lnet/minecraft/server/level/BlockDestructionProgress;
[04:23:47] [main/DEBUG]: Skipping Lnet/minecraft/server/level/WorldGenRegion;
[04:23:47] [main/DEBUG]: Skipping Lnet/minecraft/server/level/Ticket;
[04:23:47] [main/DEBUG]: Skipping Lnet/minecraft/server/level/ServerPlayerGameMode;
[04:23:47] [main/DEBUG]: Transforming class Lnet/minecraft/server/level/ServerPlayer;
[04:23:47] [main/DEBUG]: Transforming net/minecraft/server/level/ServerPlayer FIELD f_8940_ to access PUBLIC and LEAVE
[04:23:47] [main/DEBUG]: Transforming net/minecraft/server/level/ServerPlayer METHOD m_143399_(Lnet/minecraft/world/inventory/AbstractContainerMenu;)V to access PUBLIC and LEAVE
[04:23:47] [main/DEBUG]: Transforming net/minecraft/server/level/ServerPlayer METHOD m_9217_()V to access PUBLIC and LEAVE
[04:23:47] [main/DEBUG]: Skipping Lnet/minecraft/server/level/ServerPlayer$2;
[04:23:47] [main/DEBUG]: Skipping Lnet/minecraft/server/level/ServerPlayer$1;
[04:23:47] [main/DEBUG]: Transforming class Lnet/minecraft/server/level/ServerLevel;
[04:23:47] [main/DEBUG]: Transforming net/minecraft/server/level/ServerLevel METHOD m_142646_()Lnet/minecraft/world/level/entity/LevelEntityGetter; to access PUBLIC and LEAVE
[04:23:47] [main/DEBUG]: Skipping Lnet/minecraft/server/level/ServerLevel$EntityCallbacks;
[04:23:47] [main/DEBUG]: Skipping Lnet/minecraft/server/level/ServerEntity;
[04:23:47] [main/DEBUG]: Transforming class Lnet/minecraft/server/level/ServerChunkCache;
[04:23:47] [main/DEBUG]: Transforming net/minecraft/server/level/ServerChunkCache FIELD f_8329_ to access PUBLIC and LEAVE
[04:23:47] [main/DEBUG]: Skipping Lnet/minecraft/server/level/ServerChunkCache$MainThreadExecutor;
[04:23:47] [main/DEBUG]: Skipping Lnet/minecraft/server/level/ServerChunkCache$ChunkAndHolder;
[04:23:47] [main/DEBUG]: Skipping Lnet/minecraft/server/level/DistanceManager;
[04:23:47] [main/DEBUG]: Skipping Lnet/minecraft/server/level/DistanceManager$PlayerTicketTracker;
[04:23:47] [main/DEBUG]: Skipping Lnet/minecraft/server/level/DistanceManager$FixedPlayerDistanceChunkTracker;
[04:23:47] [main/DEBUG]: Skipping Lnet/minecraft/server/level/DistanceManager$ChunkTicketTracker;
[04:23:47] [main/DEBUG]: Skipping Lnet/minecraft/server/level/ChunkMap;
[04:23:47] [main/DEBUG]: Skipping Lnet/minecraft/server/level/ChunkMap$TrackedEntity;
[04:23:47] [main/DEBUG]: Skipping Lnet/minecraft/server/level/ChunkMap$DistanceManager;
[04:23:47] [main/DEBUG]: Skipping Lnet/minecraft/server/level/ChunkMap$2;
[04:23:47] [main/DEBUG]: Skipping Lnet/minecraft/server/level/ChunkMap$1;
[04:23:47] [main/DEBUG]: Skipping Lnet/minecraft/server/level/ChunkHolder;
[04:23:47] [main/DEBUG]: Skipping Lnet/minecraft/server/level/ChunkHolder$PlayerProvider;
[04:23:47] [main/DEBUG]: Skipping Lnet/minecraft/server/level/ChunkHolder$LevelChangeListener;
[04:23:47] [main/DEBUG]: Skipping Lnet/minecraft/server/level/ChunkHolder$ChunkSaveDebug;
[04:23:47] [main/DEBUG]: Skipping Lnet/minecraft/server/level/ChunkHolder$ChunkLoadingFailure;
[04:23:47] [main/DEBUG]: Skipping Lnet/minecraft/server/level/ChunkHolder$ChunkLoadingFailure$1;
[04:23:47] [main/DEBUG]: Skipping Lnet/minecraft/server/level/ChunkHolder$1;
[04:23:47] [main/DEBUG]: Skipping Lnet/minecraft/server/gui/package-info;
[04:23:47] [main/DEBUG]: Skipping Lnet/minecraft/server/gui/StatsComponent;
[04:23:47] [main/DEBUG]: Skipping Lnet/minecraft/server/gui/PlayerListComponent;
[04:23:47] [main/DEBUG]: Skipping Lnet/minecraft/server/gui/MinecraftServerGui;
[04:23:47] [main/DEBUG]: Skipping Lnet/minecraft/server/gui/MinecraftServerGui$2;
[04:23:47] [main/DEBUG]: Skipping Lnet/minecraft/server/gui/MinecraftServerGui$1;
[04:23:47] [main/DEBUG]: Skipping Lnet/minecraft/server/dedicated/package-info;
[04:23:47] [main/DEBUG]: Skipping Lnet/minecraft/server/dedicated/DedicatedServerSettings;
[04:23:47] [main/DEBUG]: Skipping Lnet/minecraft/server/dedicated/DedicatedServerProperties;
[04:23:47] [main/DEBUG]: Skipping Lnet/minecraft/server/dedicated/DedicatedServerProperties$WorldDimensionData;
[04:23:47] [main/DEBUG]: Skipping Lnet/minecraft/server/dedicated/DedicatedPlayerList;
[04:23:47] [main/DEBUG]: Skipping Lnet/minecraft/server/dedicated/Settings;
[04:23:47] [main/DEBUG]: Skipping Lnet/minecraft/server/dedicated/Settings$MutableValue;
[04:23:47] [main/DEBUG]: Skipping Lnet/minecraft/server/dedicated/ServerWatchdog;
[04:23:47] [main/DEBUG]: Skipping Lnet/minecraft/server/dedicated/ServerWatchdog$1;
[04:23:47] [main/DEBUG]: Transforming class Lnet/minecraft/server/dedicated/DedicatedServer;
[04:23:47] [main/DEBUG]: Transforming net/minecraft/server/dedicated/DedicatedServer FIELD f_139600_ to access PUBLIC and LEAVE
[04:23:47] [main/DEBUG]: Skipping Lnet/minecraft/server/dedicated/DedicatedServer$1;
[04:23:47] [main/DEBUG]: Skipping Lnet/minecraft/server/commands/package-info;
[04:23:47] [main/DEBUG]: Skipping Lnet/minecraft/server/commands/data/package-info;
[04:23:47] [main/DEBUG]: Skipping Lnet/minecraft/server/commands/data/StorageDataAccessor;
[04:23:47] [main/DEBUG]: Skipping Lnet/minecraft/server/commands/data/StorageDataAccessor$1;
[04:23:47] [main/DEBUG]: Skipping Lnet/minecraft/server/commands/data/EntityDataAccessor;
[04:23:47] [main/DEBUG]: Skipping Lnet/minecraft/server/commands/data/EntityDataAccessor$1;
[04:23:47] [main/DEBUG]: Skipping Lnet/minecraft/server/commands/data/DataCommands;
[04:23:47] [main/DEBUG]: Skipping Lnet/minecraft/server/commands/data/DataCommands$StringProcessor;
[04:23:47] [main/DEBUG]: Skipping Lnet/minecraft/server/commands/data/DataCommands$DataProvider;
[04:23:47] [main/DEBUG]: Skipping Lnet/minecraft/server/commands/data/DataCommands$DataManipulatorDecorator;
[04:23:47] [main/DEBUG]: Skipping Lnet/minecraft/server/commands/data/DataCommands$DataManipulator;
[04:23:47] [main/DEBUG]: Skipping Lnet/minecraft/server/commands/data/DataAccessor;
[04:23:47] [main/DEBUG]: Skipping Lnet/minecraft/server/commands/data/BlockDataAccessor;
[04:23:47] [main/DEBUG]: Skipping Lnet/minecraft/server/commands/data/BlockDataAccessor$1;
[04:23:47] [main/DEBUG]: Skipping Lnet/minecraft/server/commands/WorldBorderCommand;
[04:23:47] [main/DEBUG]: Skipping Lnet/minecraft/server/commands/WhitelistCommand;
[04:23:47] [main/DEBUG]: Skipping Lnet/minecraft/server/commands/WeatherCommand;
[04:23:47] [main/DEBUG]: Skipping Lnet/minecraft/server/commands/WardenSpawnTrackerCommand;
[04:23:47] [main/DEBUG]: Skipping Lnet/minecraft/server/commands/TriggerCommand;
[04:23:47] [main/DEBUG]: Skipping Lnet/minecraft/server/commands/TitleCommand;
[04:23:47] [main/DEBUG]: Skipping Lnet/minecraft/server/commands/TimeCommand;
[04:23:47] [main/DEBUG]: Skipping Lnet/minecraft/server/commands/TickCommand;
[04:23:47] [main/DEBUG]: Skipping Lnet/minecraft/server/commands/TellRawCommand;
[04:23:47] [main/DEBUG]: Skipping Lnet/minecraft/server/commands/TeamMsgCommand;
[04:23:47] [main/DEBUG]: Skipping Lnet/minecraft/server/commands/TeamCommand;
[04:23:47] [main/DEBUG]: Skipping Lnet/minecraft/server/commands/TagCommand;
[04:23:47] [main/DEBUG]: Skipping Lnet/minecraft/server/commands/SummonCommand;
[04:23:47] [main/DEBUG]: Skipping Lnet/minecraft/server/commands/StopSoundCommand;
[04:23:47] [main/DEBUG]: Skipping Lnet/minecraft/server/commands/StopCommand;
[04:23:47] [main/DEBUG]: Skipping Lnet/minecraft/server/commands/SpectateCommand;
[04:23:47] [main/DEBUG]: Skipping Lnet/minecraft/server/commands/SpawnArmorTrimsCommand;
[04:23:47] [main/DEBUG]: Skipping Lnet/minecraft/server/commands/SetWorldSpawnCommand;
[04:23:47] [main/DEBUG]: Skipping Lnet/minecraft/server/commands/SetSpawnCommand;
[04:23:47] [main/DEBUG]: Skipping Lnet/minecraft/server/commands/SetPlayerIdleTimeoutCommand;
[04:23:47] [main/DEBUG]: Skipping Lnet/minecraft/server/commands/SetBlockCommand;
[04:23:47] [main/DEBUG]: Skipping Lnet/minecraft/server/commands/SetBlockCommand$Mode;
[04:23:47] [main/DEBUG]: Skipping Lnet/minecraft/server/commands/SetBlockCommand$Filter;
[04:23:47] [main/DEBUG]: Skipping Lnet/minecraft/server/commands/ServerPackCommand;
[04:23:47] [main/DEBUG]: Skipping Lnet/minecraft/server/commands/SeedCommand;
[04:23:47] [main/DEBUG]: Skipping Lnet/minecraft/server/commands/ScoreboardCommand;
[04:23:47] [main/DEBUG]: Skipping Lnet/minecraft/server/commands/ScoreboardCommand$NumberFormatCommandExecutor;
[04:23:47] [main/DEBUG]: Skipping Lnet/minecraft/server/commands/ScheduleCommand;
[04:23:47] [main/DEBUG]: Skipping Lnet/minecraft/server/commands/SayCommand;
[04:23:47] [main/DEBUG]: Skipping Lnet/minecraft/server/commands/SaveOnCommand;
[04:23:47] [main/DEBUG]: Skipping Lnet/minecraft/server/commands/SaveOffCommand;
[04:23:47] [main/DEBUG]: Skipping Lnet/minecraft/server/commands/SaveAllCommand;
[04:23:47] [main/DEBUG]: Skipping Lnet/minecraft/server/commands/RideCommand;
[04:23:47] [main/DEBUG]: Skipping Lnet/minecraft/server/commands/ReturnCommand;
[04:23:47] [main/DEBUG]: Skipping Lnet/minecraft/server/commands/ReturnCommand$ReturnValueCustomExecutor;
[04:23:47] [main/DEBUG]: Skipping Lnet/minecraft/server/commands/ReturnCommand$ReturnFromCommandCustomModifier;
[04:23:47] [main/DEBUG]: Skipping Lnet/minecraft/server/commands/ReturnCommand$ReturnFailCustomExecutor;
[04:23:47] [main/DEBUG]: Skipping Lnet/minecraft/server/commands/ResetChunksCommand;
[04:23:47] [main/DEBUG]: Skipping Lnet/minecraft/server/commands/ReloadCommand;
[04:23:47] [main/DEBUG]: Skipping Lnet/minecraft/server/commands/RecipeCommand;
[04:23:47] [main/DEBUG]: Skipping Lnet/minecraft/server/commands/RandomCommand;
[04:23:47] [main/DEBUG]: Skipping Lnet/minecraft/server/commands/RaidCommand;
[04:23:47] [main/DEBUG]: Skipping Lnet/minecraft/server/commands/PublishCommand;
[04:23:47] [main/DEBUG]: Skipping Lnet/minecraft/server/commands/PlaySoundCommand;
[04:23:47] [main/DEBUG]: Skipping Lnet/minecraft/server/commands/PlaceCommand;
[04:23:47] [main/DEBUG]: Skipping Lnet/minecraft/server/commands/PerfCommand;
[04:23:47] [main/DEBUG]: Skipping Lnet/minecraft/server/commands/ParticleCommand;
[04:23:47] [main/DEBUG]: Skipping Lnet/minecraft/server/commands/PardonIpCommand;
[04:23:47] [main/DEBUG]: Skipping Lnet/minecraft/server/commands/PardonCommand;
[04:23:47] [main/DEBUG]: Skipping Lnet/minecraft/server/commands/OpCommand;
[04:23:47] [main/DEBUG]: Skipping Lnet/minecraft/server/commands/MsgCommand;
[04:23:47] [main/DEBUG]: Skipping Lnet/minecraft/server/commands/LootCommand;
[04:23:47] [main/DEBUG]: Skipping Lnet/minecraft/server/commands/LootCommand$TailProvider;
[04:23:47] [main/DEBUG]: Skipping Lnet/minecraft/server/commands/LootCommand$DropConsumer;
[04:23:47] [main/DEBUG]: Skipping Lnet/minecraft/server/commands/LootCommand$Callback;
[04:23:47] [main/DEBUG]: Skipping Lnet/minecraft/server/commands/LocateCommand;
[04:23:47] [main/DEBUG]: Skipping Lnet/minecraft/server/commands/ListPlayersCommand;
[04:23:47] [main/DEBUG]: Skipping Lnet/minecraft/server/commands/KillCommand;
[04:23:47] [main/DEBUG]: Skipping Lnet/minecraft/server/commands/KickCommand;
[04:23:47] [main/DEBUG]: Skipping Lnet/minecraft/server/commands/JfrCommand;
[04:23:47] [main/DEBUG]: Skipping Lnet/minecraft/server/commands/ItemCommands;
[04:23:47] [main/DEBUG]: Skipping Lnet/minecraft/server/commands/HelpCommand;
[04:23:47] [main/DEBUG]: Skipping Lnet/minecraft/server/commands/GiveCommand;
[04:23:47] [main/DEBUG]: Skipping Lnet/minecraft/server/commands/GameRuleCommand;
[04:23:47] [main/DEBUG]: Skipping Lnet/minecraft/server/commands/GameRuleCommand$1;
[04:23:47] [main/DEBUG]: Skipping Lnet/minecraft/server/commands/GameModeCommand;
[04:23:47] [main/DEBUG]: Skipping Lnet/minecraft/server/commands/FunctionCommand;
[04:23:47] [main/DEBUG]: Skipping Lnet/minecraft/server/commands/FunctionCommand$FunctionCustomExecutor;
[04:23:47] [main/DEBUG]: Skipping Lnet/minecraft/server/commands/FunctionCommand$Callbacks;
[04:23:47] [main/DEBUG]: Skipping Lnet/minecraft/server/commands/FunctionCommand$5;
[04:23:47] [main/DEBUG]: Skipping Lnet/minecraft/server/commands/FunctionCommand$4;
[04:23:47] [main/DEBUG]: Skipping Lnet/minecraft/server/commands/FunctionCommand$3;
[04:23:47] [main/DEBUG]: Skipping Lnet/minecraft/server/commands/FunctionCommand$2;
[04:23:47] [main/DEBUG]: Skipping Lnet/minecraft/server/commands/FunctionCommand$1Accumulator;
[04:23:47] [main/DEBUG]: Skipping Lnet/minecraft/server/commands/FunctionCommand$1;
[04:23:47] [main/DEBUG]: Skipping Lnet/minecraft/server/commands/ForceLoadCommand;
[04:23:47] [main/DEBUG]: Skipping Lnet/minecraft/server/commands/FillCommand;
[04:23:47] [main/DEBUG]: Skipping Lnet/minecraft/server/commands/FillCommand$Mode;
[04:23:47] [main/DEBUG]: Skipping Lnet/minecraft/server/commands/FillBiomeCommand;
[04:23:47] [main/DEBUG]: Skipping Lnet/minecraft/server/commands/ExperienceCommand;
[04:23:47] [main/DEBUG]: Skipping Lnet/minecraft/server/commands/ExperienceCommand$Type;
[04:23:47] [main/DEBUG]: Skipping Lnet/minecraft/server/commands/ExecuteCommand;
[04:23:47] [main/DEBUG]: Skipping Lnet/minecraft/server/commands/ExecuteCommand$IntBiPredicate;
[04:23:47] [main/DEBUG]: Skipping Lnet/minecraft/server/commands/ExecuteCommand$ExecuteIfFunctionCustomModifier;
[04:23:47] [main/DEBUG]: Skipping Lnet/minecraft/server/commands/ExecuteCommand$CommandPredicate;
[04:23:47] [main/DEBUG]: Skipping Lnet/minecraft/server/commands/ExecuteCommand$CommandNumericPredicate;
[04:23:47] [main/DEBUG]: Skipping Lnet/minecraft/server/commands/ExecuteCommand$CommandGetter;
[04:23:47] [main/DEBUG]: Skipping Lnet/minecraft/server/commands/EnchantCommand;
[04:23:47] [main/DEBUG]: Skipping Lnet/minecraft/server/commands/EmoteCommands;
[04:23:47] [main/DEBUG]: Skipping Lnet/minecraft/server/commands/EffectCommands;
[04:23:47] [main/DEBUG]: Skipping Lnet/minecraft/server/commands/DifficultyCommand;
[04:23:47] [main/DEBUG]: Skipping Lnet/minecraft/server/commands/DefaultGameModeCommands;
[04:23:47] [main/DEBUG]: Skipping Lnet/minecraft/server/commands/DebugPathCommand;
[04:23:47] [main/DEBUG]: Skipping Lnet/minecraft/server/commands/DebugMobSpawningCommand;
[04:23:47] [main/DEBUG]: Skipping Lnet/minecraft/server/commands/DebugConfigCommand;
[04:23:47] [main/DEBUG]: Skipping Lnet/minecraft/server/commands/DebugCommand;
[04:23:47] [main/DEBUG]: Skipping Lnet/minecraft/server/commands/DebugCommand$Tracer;
[04:23:47] [main/DEBUG]: Skipping Lnet/minecraft/server/commands/DebugCommand$TraceCustomExecutor;
[04:23:47] [main/DEBUG]: Skipping Lnet/minecraft/server/commands/DebugCommand$TraceCustomExecutor$1;
[04:23:47] [main/DEBUG]: Skipping Lnet/minecraft/server/commands/DeOpCommands;
[04:23:47] [main/DEBUG]: Skipping Lnet/minecraft/server/commands/DataPackCommand;
[04:23:47] [main/DEBUG]: Skipping Lnet/minecraft/server/commands/DataPackCommand$Inserter;
[04:23:47] [main/DEBUG]: Skipping Lnet/minecraft/server/commands/DamageCommand;
[04:23:47] [main/DEBUG]: Skipping Lnet/minecraft/server/commands/CloneCommands;
[04:23:47] [main/DEBUG]: Skipping Lnet/minecraft/server/commands/CloneCommands$Mode;
[04:23:47] [main/DEBUG]: Skipping Lnet/minecraft/server/commands/CloneCommands$DimensionAndPosition;
[04:23:47] [main/DEBUG]: Skipping Lnet/minecraft/server/commands/CloneCommands$CommandFunction;
[04:23:47] [main/DEBUG]: Skipping Lnet/minecraft/server/commands/CloneCommands$CloneBlockInfo;
[04:23:47] [main/DEBUG]: Skipping Lnet/minecraft/server/commands/ClearInventoryCommands;
[04:23:47] [main/DEBUG]: Skipping Lnet/minecraft/server/commands/ChaseCommand;
[04:23:47] [main/DEBUG]: Skipping Lnet/minecraft/server/commands/BossBarCommands;
[04:23:47] [main/DEBUG]: Skipping Lnet/minecraft/server/commands/BanPlayerCommands;
[04:23:47] [main/DEBUG]: Skipping Lnet/minecraft/server/commands/BanListCommands;
[04:23:47] [main/DEBUG]: Skipping Lnet/minecraft/server/commands/BanIpCommands;
[04:23:47] [main/DEBUG]: Skipping Lnet/minecraft/server/commands/AttributeCommand;
[04:23:47] [main/DEBUG]: Skipping Lnet/minecraft/server/commands/AdvancementCommands;
[04:23:47] [main/DEBUG]: Skipping Lnet/minecraft/server/commands/AdvancementCommands$Mode;
[04:23:47] [main/DEBUG]: Skipping Lnet/minecraft/server/commands/AdvancementCommands$Action;
[04:23:47] [main/DEBUG]: Skipping Lnet/minecraft/server/commands/AdvancementCommands$Action$2;
[04:23:47] [main/DEBUG]: Skipping Lnet/minecraft/server/commands/AdvancementCommands$Action$1;
[04:23:47] [main/DEBUG]: Skipping Lnet/minecraft/server/commands/TeleportCommand;
[04:23:47] [main/DEBUG]: Skipping Lnet/minecraft/server/commands/TeleportCommand$LookAt;
[04:23:47] [main/DEBUG]: Skipping Lnet/minecraft/server/commands/SpreadPlayersCommand;
[04:23:47] [main/DEBUG]: Skipping Lnet/minecraft/server/commands/SpreadPlayersCommand$Position;
[04:23:47] [main/DEBUG]: Skipping Lnet/minecraft/server/chase/package-info;
[04:23:47] [main/DEBUG]: Skipping Lnet/minecraft/server/chase/ChaseServer;
[04:23:47] [main/DEBUG]: Skipping Lnet/minecraft/server/chase/ChaseServer$PlayerPosition;
[04:23:47] [main/DEBUG]: Skipping Lnet/minecraft/server/chase/ChaseClient;
[04:23:47] [main/DEBUG]: Skipping Lnet/minecraft/server/chase/ChaseClient$TeleportTarget;
[04:23:47] [main/DEBUG]: Skipping Lnet/minecraft/server/bossevents/package-info;
[04:23:47] [main/DEBUG]: Skipping Lnet/minecraft/server/bossevents/CustomBossEvents;
[04:23:47] [main/DEBUG]: Skipping Lnet/minecraft/server/bossevents/CustomBossEvent;
[04:23:47] [main/DEBUG]: Skipping Lnet/minecraft/server/advancements/package-info;
[04:23:47] [main/DEBUG]: Skipping Lnet/minecraft/server/advancements/AdvancementVisibilityEvaluator;
[04:23:47] [main/DEBUG]: Skipping Lnet/minecraft/server/advancements/AdvancementVisibilityEvaluator$VisibilityRule;
[04:23:47] [main/DEBUG]: Skipping Lnet/minecraft/server/advancements/AdvancementVisibilityEvaluator$Output;
[04:23:47] [main/DEBUG]: Skipping Lnet/minecraft/server/WorldStem;
[04:23:47] [main/DEBUG]: Skipping Lnet/minecraft/server/WorldLoader;
[04:23:47] [main/DEBUG]: Skipping Lnet/minecraft/server/WorldLoader$WorldDataSupplier;
[04:23:47] [main/DEBUG]: Skipping Lnet/minecraft/server/WorldLoader$ResultFactory;
[04:23:47] [main/DEBUG]: Skipping Lnet/minecraft/server/WorldLoader$PackConfig;
[04:23:47] [main/DEBUG]: Skipping Lnet/minecraft/server/WorldLoader$InitConfig;
[04:23:47] [main/DEBUG]: Skipping Lnet/minecraft/server/WorldLoader$DataLoadOutput;
[04:23:47] [main/DEBUG]: Skipping Lnet/minecraft/server/WorldLoader$DataLoadContext;
[04:23:47] [main/DEBUG]: Skipping Lnet/minecraft/server/TickTask;
[04:23:47] [main/DEBUG]: Skipping Lnet/minecraft/server/Services;
[04:23:47] [main/DEBUG]: Skipping Lnet/minecraft/server/ServerTickRateManager;
[04:23:47] [main/DEBUG]: Skipping Lnet/minecraft/server/ServerScoreboard;
[04:23:47] [main/DEBUG]: Skipping Lnet/minecraft/server/ServerScoreboard$Method;
[04:23:47] [main/DEBUG]: Skipping Lnet/minecraft/server/ServerInterface;
[04:23:47] [main/DEBUG]: Skipping Lnet/minecraft/server/ServerInfo;
[04:23:47] [main/DEBUG]: Skipping Lnet/minecraft/server/ServerFunctionManager;
[04:23:47] [main/DEBUG]: Skipping Lnet/minecraft/server/ServerFunctionLibrary;
[04:23:47] [main/DEBUG]: Skipping Lnet/minecraft/server/RunningOnDifferentThreadException;
[04:23:47] [main/DEBUG]: Skipping Lnet/minecraft/server/RegistryLayer;
[04:23:47] [main/DEBUG]: Skipping Lnet/minecraft/server/LoggedPrintStream;
[04:23:47] [main/DEBUG]: Skipping Lnet/minecraft/server/DebugLoggedPrintStream;
[04:23:47] [main/DEBUG]: Skipping Lnet/minecraft/server/ConsoleInput;
[04:23:47] [main/DEBUG]: Skipping Lnet/minecraft/server/ChainedJsonException;
[04:23:47] [main/DEBUG]: Skipping Lnet/minecraft/server/ChainedJsonException$Entry;
[04:23:47] [main/DEBUG]: Skipping Lnet/minecraft/server/ServerAdvancementManager;
[04:23:47] [main/DEBUG]: Skipping Lnet/minecraft/server/ReloadableServerResources;
[04:23:47] [main/DEBUG]: Skipping Lnet/minecraft/server/PlayerAdvancements;
[04:23:47] [main/DEBUG]: Skipping Lnet/minecraft/server/PlayerAdvancements$Data;
[04:23:47] [main/DEBUG]: Transforming class Lnet/minecraft/server/MinecraftServer;
[04:23:47] [main/DEBUG]: Transforming net/minecraft/server/MinecraftServer INNERCLASS ReloadableResources to access PUBLIC and LEAVE
[04:23:47] [main/DEBUG]: Transforming net/minecraft/server/MinecraftServer FIELD f_303727_ to access PUBLIC and LEAVE
[04:23:47] [main/DEBUG]: Transforming net/minecraft/server/MinecraftServer FIELD f_302313_ to access PROTECTED and LEAVE
[04:23:47] [main/DEBUG]: Skipping Lnet/minecraft/server/MinecraftServer$TimeProfiler;
[04:23:47] [main/DEBUG]: Skipping Lnet/minecraft/server/MinecraftServer$TimeProfiler$1;
[04:23:47] [main/DEBUG]: Skipping Lnet/minecraft/server/MinecraftServer$ServerResourcePackInfo;
[04:23:47] [main/DEBUG]: Transforming class Lnet/minecraft/server/MinecraftServer$ReloadableResources;
[04:23:47] [main/DEBUG]: Transforming net/minecraft/server/MinecraftServer$ReloadableResources CLASS to access PUBLIC and LEAVE
[04:23:47] [main/DEBUG]: Skipping Lnet/minecraft/server/MinecraftServer$1;
[04:23:47] [main/DEBUG]: Skipping Lnet/minecraft/server/Main;
[04:23:47] [main/DEBUG]: Skipping Lnet/minecraft/server/Main$1;
[04:23:47] [main/DEBUG]: Skipping Lnet/minecraft/server/Eula;
[04:23:47] [main/DEBUG]: Skipping Lnet/minecraft/server/Bootstrap;
[04:23:47] [main/DEBUG]: Skipping Lnet/minecraft/server/Bootstrap$1;
[04:23:47] [main/DEBUG]: Skipping Lnet/minecraft/resources/package-info;
[04:23:47] [main/DEBUG]: Skipping Lnet/minecraft/resources/RegistryFixedCodec;
[04:23:47] [main/DEBUG]: Skipping Lnet/minecraft/resources/RegistryFileCodec;
[04:23:47] [main/DEBUG]: Skipping Lnet/minecraft/resources/FileToIdConverter;
[04:23:47] [main/DEBUG]: Skipping Lnet/minecraft/resources/DelegatingOps$Builder;
[04:23:47] [main/DEBUG]: Skipping Lnet/minecraft/resources/DelegatingOps$1;
[04:23:47] [main/DEBUG]: Transforming class Lnet/minecraft/resources/ResourceLocation;
[04:23:47] [main/DEBUG]: Transforming net/minecraft/resources/ResourceLocation METHOD m_135841_(Ljava/lang/String;)Z to access PUBLIC and LEAVE
[04:23:47] [main/DEBUG]: Transforming net/minecraft/resources/ResourceLocation METHOD m_135843_(Ljava/lang/String;)Z to access PUBLIC and LEAVE
[04:23:47] [main/DEBUG]: Transforming net/minecraft/resources/ResourceLocation METHOD m_135835_(C)Z to access PUBLIC and LEAVE
[04:23:47] [main/DEBUG]: Skipping Lnet/minecraft/resources/ResourceLocation$Serializer;
[04:23:47] [main/DEBUG]: Skipping Lnet/minecraft/resources/ResourceLocation$Dummy;
[04:23:47] [main/DEBUG]: Skipping Lnet/minecraft/resources/ResourceKey;
[04:23:47] [main/DEBUG]: Skipping Lnet/minecraft/resources/ResourceKey$InternKey;
[04:23:47] [main/DEBUG]: Skipping Lnet/minecraft/resources/RegistryOps;
[04:23:47] [main/DEBUG]: Skipping Lnet/minecraft/resources/RegistryOps$RegistryInfoLookup;
[04:23:47] [main/DEBUG]: Skipping Lnet/minecraft/resources/RegistryOps$RegistryInfo;
[04:23:47] [main/DEBUG]: Skipping Lnet/minecraft/resources/RegistryOps$2;
[04:23:47] [main/DEBUG]: Skipping Lnet/minecraft/resources/RegistryOps$1;
[04:23:47] [main/DEBUG]: Skipping Lnet/minecraft/resources/RegistryDataLoader;
[04:23:47] [main/DEBUG]: Skipping Lnet/minecraft/resources/RegistryDataLoader$RegistryData;
[04:23:47] [main/DEBUG]: Skipping Lnet/minecraft/resources/RegistryDataLoader$Loader;
[04:23:47] [main/DEBUG]: Skipping Lnet/minecraft/resources/RegistryDataLoader$1;
[04:23:47] [main/DEBUG]: Skipping Lnet/minecraft/resources/HolderSetCodec;
[04:23:47] [main/DEBUG]: Skipping Lnet/minecraft/resources/DelegatingOps;
[04:23:47] [main/DEBUG]: Skipping Lnet/minecraft/references/Items;
[04:23:47] [main/DEBUG]: Skipping Lnet/minecraft/references/Blocks;
[04:23:47] [main/DEBUG]: Skipping Lnet/minecraft/recipebook/package-info;
[04:23:47] [main/DEBUG]: Skipping Lnet/minecraft/recipebook/ServerPlaceRecipe;
[04:23:47] [main/DEBUG]: Skipping Lnet/minecraft/recipebook/PlaceRecipe;
[04:23:47] [main/DEBUG]: Skipping Lnet/minecraft/realms/package-info;
[04:23:47] [main/DEBUG]: Skipping Lnet/minecraft/realms/RepeatedNarrator;
[04:23:47] [main/DEBUG]: Skipping Lnet/minecraft/realms/RepeatedNarrator$Params;
[04:23:47] [main/DEBUG]: Skipping Lnet/minecraft/realms/RealmsScreen;
[04:23:47] [main/DEBUG]: Skipping Lnet/minecraft/realms/RealmsObjectSelectionList;
[04:23:47] [main/DEBUG]: Skipping Lnet/minecraft/realms/RealmsLabel;
[04:23:47] [main/DEBUG]: Skipping Lnet/minecraft/realms/RealmsConnect;
[04:23:47] [main/DEBUG]: Skipping Lnet/minecraft/realms/RealmsConnect$1;
[04:23:47] [main/DEBUG]: Skipping Lnet/minecraft/realms/DisconnectedRealmsScreen;
[04:23:47] [main/DEBUG]: Skipping Lnet/minecraft/package-info;
[04:23:47] [main/DEBUG]: Skipping Lnet/minecraft/obfuscate/package-info;
[04:23:47] [main/DEBUG]: Skipping Lnet/minecraft/obfuscate/DontObfuscate;
[04:23:47] [main/DEBUG]: Skipping Lnet/minecraft/network/syncher/package-info;
[04:23:47] [main/DEBUG]: Skipping Lnet/minecraft/network/syncher/EntityDataSerializer;
[04:23:47] [main/DEBUG]: Skipping Lnet/minecraft/network/syncher/EntityDataSerializer$ForValueType;
[04:23:47] [main/DEBUG]: Skipping Lnet/minecraft/network/syncher/EntityDataSerializer$1;
[04:23:47] [main/DEBUG]: Skipping Lnet/minecraft/network/syncher/EntityDataAccessor;
[04:23:47] [main/DEBUG]: Skipping Lnet/minecraft/network/syncher/SynchedEntityData;
[04:23:47] [main/DEBUG]: Skipping Lnet/minecraft/network/syncher/SynchedEntityData$DataValue;
[04:23:47] [main/DEBUG]: Skipping Lnet/minecraft/network/syncher/SynchedEntityData$DataItem;
[04:23:47] [main/DEBUG]: Skipping Lnet/minecraft/network/syncher/EntityDataSerializers;
[04:23:47] [main/DEBUG]: Skipping Lnet/minecraft/network/syncher/EntityDataSerializers$7;
[04:23:47] [main/DEBUG]: Skipping Lnet/minecraft/network/syncher/EntityDataSerializers$6;
[04:23:47] [main/DEBUG]: Skipping Lnet/minecraft/network/syncher/EntityDataSerializers$5;
[04:23:47] [main/DEBUG]: Skipping Lnet/minecraft/network/syncher/EntityDataSerializers$4;
[04:23:47] [main/DEBUG]: Skipping Lnet/minecraft/network/syncher/EntityDataSerializers$3;
[04:23:47] [main/DEBUG]: Skipping Lnet/minecraft/network/syncher/EntityDataSerializers$2;
[04:23:47] [main/DEBUG]: Skipping Lnet/minecraft/network/syncher/EntityDataSerializers$1;
[04:23:47] [main/DEBUG]: Skipping Lnet/minecraft/network/protocol/status/package-info;
[04:23:47] [main/DEBUG]: Skipping Lnet/minecraft/network/protocol/status/ServerboundStatusRequestPacket;
[04:23:47] [main/DEBUG]: Skipping Lnet/minecraft/network/protocol/status/ServerboundPingRequestPacket;
[04:23:47] [main/DEBUG]: Skipping Lnet/minecraft/network/protocol/status/ServerStatusPacketListener;
[04:23:47] [main/DEBUG]: Skipping Lnet/minecraft/network/protocol/status/ClientboundPongResponsePacket;
[04:23:47] [main/DEBUG]: Skipping Lnet/minecraft/network/protocol/status/ClientStatusPacketListener;
[04:23:47] [main/DEBUG]: Skipping Lnet/minecraft/network/protocol/status/ServerStatus;
[04:23:47] [main/DEBUG]: Skipping Lnet/minecraft/network/protocol/status/ServerStatus$Version;
[04:23:47] [main/DEBUG]: Skipping Lnet/minecraft/network/protocol/status/ServerStatus$Players;
[04:23:47] [main/DEBUG]: Skipping Lnet/minecraft/network/protocol/status/ServerStatus$Favicon;
[04:23:47] [main/DEBUG]: Skipping Lnet/minecraft/network/protocol/status/ClientboundStatusResponsePacket;
[04:23:47] [main/DEBUG]: Skipping Lnet/minecraft/network/protocol/package-info;
[04:23:47] [main/DEBUG]: Skipping Lnet/minecraft/network/protocol/login/package-info;
[04:23:47] [main/DEBUG]: Skipping Lnet/minecraft/network/protocol/login/custom/package-info;
[04:23:47] [main/DEBUG]: Skipping Lnet/minecraft/network/protocol/login/custom/CustomQueryPayload;
[04:23:47] [main/DEBUG]: Skipping Lnet/minecraft/network/protocol/login/custom/CustomQueryAnswerPayload;
[04:23:47] [main/DEBUG]: Skipping Lnet/minecraft/network/protocol/login/custom/DiscardedQueryPayload;
[04:23:47] [main/DEBUG]: Skipping Lnet/minecraft/network/protocol/login/custom/DiscardedQueryAnswerPayload;
[04:23:47] [main/DEBUG]: Skipping Lnet/minecraft/network/protocol/login/ServerboundLoginAcknowledgedPacket;
[04:23:47] [main/DEBUG]: Skipping Lnet/minecraft/network/protocol/login/ServerboundKeyPacket;
[04:23:47] [main/DEBUG]: Skipping Lnet/minecraft/network/protocol/login/ServerboundHelloPacket;
[04:23:47] [main/DEBUG]: Skipping Lnet/minecraft/network/protocol/login/ServerLoginPacketListener;
[04:23:47] [main/DEBUG]: Skipping Lnet/minecraft/network/protocol/login/ClientboundLoginDisconnectPacket;
[04:23:47] [main/DEBUG]: Skipping Lnet/minecraft/network/protocol/login/ClientboundLoginCompressionPacket;
[04:23:47] [main/DEBUG]: Skipping Lnet/minecraft/network/protocol/login/ClientboundHelloPacket;
[04:23:47] [main/DEBUG]: Skipping Lnet/minecraft/network/protocol/login/ClientboundGameProfilePacket;
[04:23:47] [main/DEBUG]: Skipping Lnet/minecraft/network/protocol/login/ClientLoginPacketListener;
[04:23:47] [main/DEBUG]: Skipping Lnet/minecraft/network/protocol/login/ServerboundCustomQueryAnswerPacket;
[04:23:47] [main/DEBUG]: Skipping Lnet/minecraft/network/protocol/login/ClientboundCustomQueryPacket;
[04:23:47] [main/DEBUG]: Skipping Lnet/minecraft/network/protocol/handshake/package-info;
[04:23:47] [main/DEBUG]: Skipping Lnet/minecraft/network/protocol/handshake/ServerHandshakePacketListener;
[04:23:47] [main/DEBUG]: Skipping Lnet/minecraft/network/protocol/handshake/ClientIntentionPacket;
[04:23:47] [main/DEBUG]: Skipping Lnet/minecraft/network/protocol/handshake/ClientIntent;
[04:23:47] [main/DEBUG]: Skipping Lnet/minecraft/network/protocol/handshake/ClientIntent$1;
[04:23:47] [main/DEBUG]: Skipping Lnet/minecraft/network/protocol/game/package-info;
[04:23:47] [main/DEBUG]: Skipping Lnet/minecraft/network/protocol/game/VecDeltaCodec;
[04:23:47] [main/DEBUG]: Skipping Lnet/minecraft/network/protocol/game/ServerboundUseItemPacket;
[04:23:47] [main/DEBUG]: Skipping Lnet/minecraft/network/protocol/game/ServerboundUseItemOnPacket;
[04:23:47] [main/DEBUG]: Skipping Lnet/minecraft/network/protocol/game/ServerboundTeleportToEntityPacket;
[04:23:47] [main/DEBUG]: Skipping Lnet/minecraft/network/protocol/game/ServerboundSwingPacket;
[04:23:47] [main/DEBUG]: Skipping Lnet/minecraft/network/protocol/game/ServerboundSignUpdatePacket;
[04:23:47] [main/DEBUG]: Skipping Lnet/minecraft/network/protocol/game/ServerboundSetStructureBlockPacket;
[04:23:47] [main/DEBUG]: Skipping Lnet/minecraft/network/protocol/game/ServerboundSetJigsawBlockPacket;
[04:23:47] [main/DEBUG]: Skipping Lnet/minecraft/network/protocol/game/ServerboundSetCommandMinecartPacket;
[04:23:47] [main/DEBUG]: Skipping Lnet/minecraft/network/protocol/game/ServerboundSetCommandBlockPacket;
[04:23:47] [main/DEBUG]: Skipping Lnet/minecraft/network/protocol/game/ServerboundSetCarriedItemPacket;
[04:23:47] [main/DEBUG]: Skipping Lnet/minecraft/network/protocol/game/ServerboundSetBeaconPacket;
[04:23:47] [main/DEBUG]: Skipping Lnet/minecraft/network/protocol/game/ServerboundSelectTradePacket;
[04:23:47] [main/DEBUG]: Skipping Lnet/minecraft/network/protocol/game/ServerboundSeenAdvancementsPacket;
[04:23:47] [main/DEBUG]: Skipping Lnet/minecraft/network/protocol/game/ServerboundSeenAdvancementsPacket$Action;
[04:23:47] [main/DEBUG]: Skipping Lnet/minecraft/network/protocol/game/ServerboundRenameItemPacket;
[04:23:47] [main/DEBUG]: Skipping Lnet/minecraft/network/protocol/game/ServerboundRecipeBookSeenRecipePacket;
[04:23:47] [main/DEBUG]: Skipping Lnet/minecraft/network/protocol/game/ServerboundRecipeBookChangeSettingsPacket;
[04:23:47] [main/DEBUG]: Skipping Lnet/minecraft/network/protocol/game/ServerboundPlayerInputPacket;
[04:23:47] [main/DEBUG]: Skipping Lnet/minecraft/network/protocol/game/ServerboundPlayerCommandPacket;
[04:23:47] [main/DEBUG]: Skipping Lnet/minecraft/network/protocol/game/ServerboundPlayerCommandPacket$Action;
[04:23:47] [main/DEBUG]: Skipping Lnet/minecraft/network/protocol/game/ServerboundPlayerActionPacket;
[04:23:47] [main/DEBUG]: Skipping Lnet/minecraft/network/protocol/game/ServerboundPlayerActionPacket$Action;
[04:23:47] [main/DEBUG]: Skipping Lnet/minecraft/network/protocol/game/ServerboundPlayerAbilitiesPacket;
[04:23:47] [main/DEBUG]: Skipping Lnet/minecraft/network/protocol/game/ServerboundPlaceRecipePacket;
[04:23:47] [main/DEBUG]: Skipping Lnet/minecraft/network/protocol/game/ServerboundPickItemPacket;
[04:23:47] [main/DEBUG]: Skipping Lnet/minecraft/network/protocol/game/ServerboundPaddleBoatPacket;
[04:23:47] [main/DEBUG]: Skipping Lnet/minecraft/network/protocol/game/ServerboundMoveVehiclePacket;
[04:23:47] [main/DEBUG]: Skipping Lnet/minecraft/network/protocol/game/ServerboundMovePlayerPacket;
[04:23:47] [main/DEBUG]: Skipping Lnet/minecraft/network/protocol/game/ServerboundMovePlayerPacket$StatusOnly;
[04:23:47] [main/DEBUG]: Skipping Lnet/minecraft/network/protocol/game/ServerboundMovePlayerPacket$Rot;
[04:23:47] [main/DEBUG]: Skipping Lnet/minecraft/network/protocol/game/ServerboundMovePlayerPacket$PosRot;
[04:23:47] [main/DEBUG]: Skipping Lnet/minecraft/network/protocol/game/ServerboundMovePlayerPacket$Pos;
[04:23:47] [main/DEBUG]: Skipping Lnet/minecraft/network/protocol/game/ServerboundLockDifficultyPacket;
[04:23:47] [main/DEBUG]: Skipping Lnet/minecraft/network/protocol/game/ServerboundJigsawGeneratePacket;
[04:23:47] [main/DEBUG]: Skipping Lnet/minecraft/network/protocol/game/ServerboundInteractPacket;
[04:23:47] [main/DEBUG]: Skipping Lnet/minecraft/network/protocol/game/ServerboundInteractPacket$InteractionAtLocationAction;
[04:23:47] [main/DEBUG]: Skipping Lnet/minecraft/network/protocol/game/ServerboundInteractPacket$InteractionAction;
[04:23:48] [main/DEBUG]: Skipping Lnet/minecraft/network/protocol/game/ServerboundInteractPacket$Handler;
[04:23:48] [main/DEBUG]: Skipping Lnet/minecraft/network/protocol/game/ServerboundInteractPacket$ActionType;
[04:23:48] [main/DEBUG]: Skipping Lnet/minecraft/network/protocol/game/ServerboundInteractPacket$Action;
[04:23:48] [main/DEBUG]: Skipping Lnet/minecraft/network/protocol/game/ServerboundInteractPacket$1;
[04:23:48] [main/DEBUG]: Skipping Lnet/minecraft/network/protocol/game/ServerboundEntityTagQuery;
[04:23:48] [main/DEBUG]: Skipping Lnet/minecraft/network/protocol/game/ServerboundEditBookPacket;
[04:23:48] [main/DEBUG]: Skipping Lnet/minecraft/network/protocol/game/ServerboundContainerSlotStateChangedPacket;
[04:23:48] [main/DEBUG]: Skipping Lnet/minecraft/network/protocol/game/ServerboundContainerClosePacket;
[04:23:48] [main/DEBUG]: Skipping Lnet/minecraft/network/protocol/game/ServerboundContainerButtonClickPacket;
[04:23:48] [main/DEBUG]: Skipping Lnet/minecraft/network/protocol/game/ServerboundConfigurationAcknowledgedPacket;
[04:23:48] [main/DEBUG]: Skipping Lnet/minecraft/network/protocol/game/ServerboundCommandSuggestionPacket;
[04:23:48] [main/DEBUG]: Skipping Lnet/minecraft/network/protocol/game/ServerboundClientCommandPacket;
[04:23:48] [main/DEBUG]: Skipping Lnet/minecraft/network/protocol/game/ServerboundClientCommandPacket$Action;
[04:23:48] [main/DEBUG]: Skipping Lnet/minecraft/network/protocol/game/ServerboundChunkBatchReceivedPacket;
[04:23:48] [main/DEBUG]: Skipping Lnet/minecraft/network/protocol/game/ServerboundChatSessionUpdatePacket;
[04:23:48] [main/DEBUG]: Skipping Lnet/minecraft/network/protocol/game/ServerboundChatPacket;
[04:23:48] [main/DEBUG]: Skipping Lnet/minecraft/network/protocol/game/ServerboundChatCommandPacket;
[04:23:48] [main/DEBUG]: Skipping Lnet/minecraft/network/protocol/game/ServerboundChatAckPacket;
[04:23:48] [main/DEBUG]: Skipping Lnet/minecraft/network/protocol/game/ServerboundChangeDifficultyPacket;
[04:23:48] [main/DEBUG]: Skipping Lnet/minecraft/network/protocol/game/ServerboundBlockEntityTagQuery;
[04:23:48] [main/DEBUG]: Skipping Lnet/minecraft/network/protocol/game/ServerboundAcceptTeleportationPacket;
[04:23:48] [main/DEBUG]: Skipping Lnet/minecraft/network/protocol/game/ServerPingPacketListener;
[04:23:48] [main/DEBUG]: Skipping Lnet/minecraft/network/protocol/game/ServerPacketListener;
[04:23:48] [main/DEBUG]: Skipping Lnet/minecraft/network/protocol/game/ServerGamePacketListener;
[04:23:48] [main/DEBUG]: Skipping Lnet/minecraft/network/protocol/game/DebugPackets;
[04:23:48] [main/DEBUG]: Skipping Lnet/minecraft/network/protocol/game/DebugEntityNameGenerator;
[04:23:48] [main/DEBUG]: Skipping Lnet/minecraft/network/protocol/game/CommonPlayerSpawnInfo;
[04:23:48] [main/DEBUG]: Skipping Lnet/minecraft/network/protocol/game/ClientboundUpdateRecipesPacket;
[04:23:48] [main/DEBUG]: Skipping Lnet/minecraft/network/protocol/game/ClientboundUpdateMobEffectPacket;
[04:23:48] [main/DEBUG]: Skipping Lnet/minecraft/network/protocol/game/ClientboundUpdateAttributesPacket;
[04:23:48] [main/DEBUG]: Skipping Lnet/minecraft/network/protocol/game/ClientboundUpdateAttributesPacket$AttributeSnapshot;
[04:23:48] [main/DEBUG]: Skipping Lnet/minecraft/network/protocol/game/ClientboundUpdateAdvancementsPacket;
[04:23:48] [main/DEBUG]: Skipping Lnet/minecraft/network/protocol/game/ClientboundTickingStepPacket;
[04:23:48] [main/DEBUG]: Skipping Lnet/minecraft/network/protocol/game/ClientboundTickingStatePacket;
[04:23:48] [main/DEBUG]: Skipping Lnet/minecraft/network/protocol/game/ClientboundTeleportEntityPacket;
[04:23:48] [main/DEBUG]: Skipping Lnet/minecraft/network/protocol/game/ClientboundTakeItemEntityPacket;
[04:23:48] [main/DEBUG]: Skipping Lnet/minecraft/network/protocol/game/ClientboundTagQueryPacket;
[04:23:48] [main/DEBUG]: Skipping Lnet/minecraft/network/protocol/game/ClientboundTabListPacket;
[04:23:48] [main/DEBUG]: Skipping Lnet/minecraft/network/protocol/game/ClientboundSystemChatPacket;
[04:23:48] [main/DEBUG]: Skipping Lnet/minecraft/network/protocol/game/ClientboundStopSoundPacket;
[04:23:48] [main/DEBUG]: Skipping Lnet/minecraft/network/protocol/game/ClientboundStartConfigurationPacket;
[04:23:48] [main/DEBUG]: Skipping Lnet/minecraft/network/protocol/game/ClientboundSoundPacket;
[04:23:48] [main/DEBUG]: Skipping Lnet/minecraft/network/protocol/game/ClientboundSoundEntityPacket;
[04:23:48] [main/DEBUG]: Skipping Lnet/minecraft/network/protocol/game/ClientboundSetTitlesAnimationPacket;
[04:23:48] [main/DEBUG]: Skipping Lnet/minecraft/network/protocol/game/ClientboundSetTitleTextPacket;
[04:23:48] [main/DEBUG]: Skipping Lnet/minecraft/network/protocol/game/ClientboundSetTimePacket;
[04:23:48] [main/DEBUG]: Skipping Lnet/minecraft/network/protocol/game/ClientboundSetSubtitleTextPacket;
[04:23:48] [main/DEBUG]: Skipping Lnet/minecraft/network/protocol/game/ClientboundSetSimulationDistancePacket;
[04:23:48] [main/DEBUG]: Skipping Lnet/minecraft/network/protocol/game/ClientboundSetScorePacket;
[04:23:48] [main/DEBUG]: Skipping Lnet/minecraft/network/protocol/game/ClientboundSetPlayerTeamPacket;
[04:23:48] [main/DEBUG]: Skipping Lnet/minecraft/network/protocol/game/ClientboundSetPlayerTeamPacket$Parameters;
[04:23:48] [main/DEBUG]: Skipping Lnet/minecraft/network/protocol/game/ClientboundSetPlayerTeamPacket$Action;
[04:23:48] [main/DEBUG]: Skipping Lnet/minecraft/network/protocol/game/ClientboundSetPassengersPacket;
[04:23:48] [main/DEBUG]: Skipping Lnet/minecraft/network/protocol/game/ClientboundSetObjectivePacket;
[04:23:48] [main/DEBUG]: Skipping Lnet/minecraft/network/protocol/game/ClientboundSetHealthPacket;
[04:23:48] [main/DEBUG]: Skipping Lnet/minecraft/network/protocol/game/ClientboundSetExperiencePacket;
[04:23:48] [main/DEBUG]: Skipping Lnet/minecraft/network/protocol/game/ClientboundSetEquipmentPacket;
[04:23:48] [main/DEBUG]: Skipping Lnet/minecraft/network/protocol/game/ClientboundSetEntityMotionPacket;
[04:23:48] [main/DEBUG]: Skipping Lnet/minecraft/network/protocol/game/ClientboundSetEntityLinkPacket;
[04:23:48] [main/DEBUG]: Skipping Lnet/minecraft/network/protocol/game/ClientboundSetEntityDataPacket;
[04:23:48] [main/DEBUG]: Skipping Lnet/minecraft/network/protocol/game/ClientboundSetDisplayObjectivePacket;
[04:23:48] [main/DEBUG]: Skipping Lnet/minecraft/network/protocol/game/ClientboundSetDefaultSpawnPositionPacket;
[04:23:48] [main/DEBUG]: Skipping Lnet/minecraft/network/protocol/game/ClientboundSetChunkCacheRadiusPacket;
[04:23:48] [main/DEBUG]: Skipping Lnet/minecraft/network/protocol/game/ClientboundSetChunkCacheCenterPacket;
[04:23:48] [main/DEBUG]: Skipping Lnet/minecraft/network/protocol/game/ClientboundSetCarriedItemPacket;
[04:23:48] [main/DEBUG]: Skipping Lnet/minecraft/network/protocol/game/ClientboundSetCameraPacket;
[04:23:48] [main/DEBUG]: Skipping Lnet/minecraft/network/protocol/game/ClientboundSetBorderWarningDistancePacket;
[04:23:48] [main/DEBUG]: Skipping Lnet/minecraft/network/protocol/game/ClientboundSetBorderWarningDelayPacket;
[04:23:48] [main/DEBUG]: Skipping Lnet/minecraft/network/protocol/game/ClientboundSetBorderSizePacket;
[04:23:48] [main/DEBUG]: Skipping Lnet/minecraft/network/protocol/game/ClientboundSetBorderLerpSizePacket;
[04:23:48] [main/DEBUG]: Skipping Lnet/minecraft/network/protocol/game/ClientboundSetBorderCenterPacket;
[04:23:48] [main/DEBUG]: Skipping Lnet/minecraft/network/protocol/game/ClientboundSetActionBarTextPacket;
[04:23:48] [main/DEBUG]: Skipping Lnet/minecraft/network/protocol/game/ClientboundServerDataPacket;
[04:23:48] [main/DEBUG]: Skipping Lnet/minecraft/network/protocol/game/ClientboundSelectAdvancementsTabPacket;
[04:23:48] [main/DEBUG]: Skipping Lnet/minecraft/network/protocol/game/ClientboundSectionBlocksUpdatePacket;
[04:23:48] [main/DEBUG]: Skipping Lnet/minecraft/network/protocol/game/ClientboundRotateHeadPacket;
[04:23:48] [main/DEBUG]: Skipping Lnet/minecraft/network/protocol/game/ClientboundRespawnPacket;
[04:23:48] [main/DEBUG]: Skipping Lnet/minecraft/network/protocol/game/ClientboundResetScorePacket;
[04:23:48] [main/DEBUG]: Skipping Lnet/minecraft/network/protocol/game/ClientboundRemoveMobEffectPacket;
[04:23:48] [main/DEBUG]: Skipping Lnet/minecraft/network/protocol/game/ClientboundRemoveEntitiesPacket;
[04:23:48] [main/DEBUG]: Skipping Lnet/minecraft/network/protocol/game/ClientboundRecipePacket;
[04:23:48] [main/DEBUG]: Skipping Lnet/minecraft/network/protocol/game/ClientboundRecipePacket$State;
[04:23:48] [main/DEBUG]: Skipping Lnet/minecraft/network/protocol/game/ClientboundPlayerPositionPacket;
[04:23:48] [main/DEBUG]: Skipping Lnet/minecraft/network/protocol/game/ClientboundPlayerLookAtPacket;
[04:23:48] [main/DEBUG]: Skipping Lnet/minecraft/network/protocol/game/ClientboundPlayerInfoUpdatePacket;
[04:23:48] [main/DEBUG]: Skipping Lnet/minecraft/network/protocol/game/ClientboundPlayerInfoUpdatePacket$EntryBuilder;
[04:23:48] [main/DEBUG]: Skipping Lnet/minecraft/network/protocol/game/ClientboundPlayerInfoUpdatePacket$Entry;
[04:23:48] [main/DEBUG]: Skipping Lnet/minecraft/network/protocol/game/ClientboundPlayerInfoUpdatePacket$Action;
[04:23:48] [main/DEBUG]: Skipping Lnet/minecraft/network/protocol/game/ClientboundPlayerInfoUpdatePacket$Action$Writer;
[04:23:48] [main/DEBUG]: Skipping Lnet/minecraft/network/protocol/game/ClientboundPlayerInfoUpdatePacket$Action$Reader;
[04:23:48] [main/DEBUG]: Skipping Lnet/minecraft/network/protocol/game/ClientboundPlayerInfoRemovePacket;
[04:23:48] [main/DEBUG]: Skipping Lnet/minecraft/network/protocol/game/ClientboundPlayerCombatKillPacket;
[04:23:48] [main/DEBUG]: Skipping Lnet/minecraft/network/protocol/game/ClientboundPlayerCombatEnterPacket;
[04:23:48] [main/DEBUG]: Skipping Lnet/minecraft/network/protocol/game/ClientboundPlayerCombatEndPacket;
[04:23:48] [main/DEBUG]: Skipping Lnet/minecraft/network/protocol/game/ClientboundPlayerChatPacket;
[04:23:48] [main/DEBUG]: Skipping Lnet/minecraft/network/protocol/game/ClientboundPlayerAbilitiesPacket;
[04:23:48] [main/DEBUG]: Skipping Lnet/minecraft/network/protocol/game/ClientboundPlaceGhostRecipePacket;
[04:23:48] [main/DEBUG]: Skipping Lnet/minecraft/network/protocol/game/ClientboundOpenSignEditorPacket;
[04:23:48] [main/DEBUG]: Skipping Lnet/minecraft/network/protocol/game/ClientboundOpenScreenPacket;
[04:23:48] [main/DEBUG]: Skipping Lnet/minecraft/network/protocol/game/ClientboundOpenBookPacket;
[04:23:48] [main/DEBUG]: Skipping Lnet/minecraft/network/protocol/game/ClientboundMoveVehiclePacket;
[04:23:48] [main/DEBUG]: Skipping Lnet/minecraft/network/protocol/game/ClientboundMoveEntityPacket;
[04:23:48] [main/DEBUG]: Skipping Lnet/minecraft/network/protocol/game/ClientboundMoveEntityPacket$Rot;
[04:23:48] [main/DEBUG]: Skipping Lnet/minecraft/network/protocol/game/ClientboundMoveEntityPacket$PosRot;
[04:23:48] [main/DEBUG]: Skipping Lnet/minecraft/network/protocol/game/ClientboundMoveEntityPacket$Pos;
[04:23:48] [main/DEBUG]: Skipping Lnet/minecraft/network/protocol/game/ClientboundMerchantOffersPacket;
[04:23:48] [main/DEBUG]: Skipping Lnet/minecraft/network/protocol/game/ClientboundMapItemDataPacket;
[04:23:48] [main/DEBUG]: Skipping Lnet/minecraft/network/protocol/game/ClientboundLoginPacket;
[04:23:48] [main/DEBUG]: Skipping Lnet/minecraft/network/protocol/game/ClientboundLightUpdatePacketData;
[04:23:48] [main/DEBUG]: Skipping Lnet/minecraft/network/protocol/game/ClientboundLightUpdatePacket;
[04:23:48] [main/DEBUG]: Skipping Lnet/minecraft/network/protocol/game/ClientboundLevelParticlesPacket;
[04:23:48] [main/DEBUG]: Skipping Lnet/minecraft/network/protocol/game/ClientboundLevelEventPacket;
[04:23:48] [main/DEBUG]: Skipping Lnet/minecraft/network/protocol/game/ClientboundLevelChunkWithLightPacket;
[04:23:48] [main/DEBUG]: Skipping Lnet/minecraft/network/protocol/game/ClientboundLevelChunkPacketData;
[04:23:48] [main/DEBUG]: Skipping Lnet/minecraft/network/protocol/game/ClientboundLevelChunkPacketData$BlockEntityTagOutput;
[04:23:48] [main/DEBUG]: Skipping Lnet/minecraft/network/protocol/game/ClientboundLevelChunkPacketData$BlockEntityInfo;
[04:23:48] [main/DEBUG]: Skipping Lnet/minecraft/network/protocol/game/ClientboundInitializeBorderPacket;
[04:23:48] [main/DEBUG]: Skipping Lnet/minecraft/network/protocol/game/ClientboundHurtAnimationPacket;
[04:23:48] [main/DEBUG]: Skipping Lnet/minecraft/network/protocol/game/ClientboundHorseScreenOpenPacket;
[04:23:48] [main/DEBUG]: Skipping Lnet/minecraft/network/protocol/game/ClientboundGameEventPacket;
[04:23:48] [main/DEBUG]: Skipping Lnet/minecraft/network/protocol/game/ClientboundGameEventPacket$Type;
[04:23:48] [main/DEBUG]: Skipping Lnet/minecraft/network/protocol/game/ClientboundForgetLevelChunkPacket;
[04:23:48] [main/DEBUG]: Skipping Lnet/minecraft/network/protocol/game/ClientboundExplodePacket;
[04:23:48] [main/DEBUG]: Skipping Lnet/minecraft/network/protocol/game/ClientboundEntityEventPacket;
[04:23:48] [main/DEBUG]: Skipping Lnet/minecraft/network/protocol/game/ClientboundDisguisedChatPacket;
[04:23:48] [main/DEBUG]: Skipping Lnet/minecraft/network/protocol/game/ClientboundDeleteChatPacket;
[04:23:48] [main/DEBUG]: Skipping Lnet/minecraft/network/protocol/game/ClientboundDamageEventPacket;
[04:23:48] [main/DEBUG]: Skipping Lnet/minecraft/network/protocol/game/ClientboundCustomChatCompletionsPacket;
[04:23:48] [main/DEBUG]: Skipping Lnet/minecraft/network/protocol/game/ClientboundCustomChatCompletionsPacket$Action;
[04:23:48] [main/DEBUG]: Skipping Lnet/minecraft/network/protocol/game/ClientboundCooldownPacket;
[04:23:48] [main/DEBUG]: Skipping Lnet/minecraft/network/protocol/game/ClientboundContainerSetSlotPacket;
[04:23:48] [main/DEBUG]: Skipping Lnet/minecraft/network/protocol/game/ClientboundContainerSetDataPacket;
[04:23:48] [main/DEBUG]: Skipping Lnet/minecraft/network/protocol/game/ClientboundContainerSetContentPacket;
[04:23:48] [main/DEBUG]: Skipping Lnet/minecraft/network/protocol/game/ClientboundContainerClosePacket;
[04:23:48] [main/DEBUG]: Skipping Lnet/minecraft/network/protocol/game/ClientboundCommandsPacket;
[04:23:48] [main/DEBUG]: Skipping Lnet/minecraft/network/protocol/game/ClientboundCommandsPacket$NodeStub;
[04:23:48] [main/DEBUG]: Skipping Lnet/minecraft/network/protocol/game/ClientboundCommandsPacket$NodeResolver;
[04:23:48] [main/DEBUG]: Skipping Lnet/minecraft/network/protocol/game/ClientboundCommandsPacket$LiteralNodeStub;
[04:23:48] [main/DEBUG]: Skipping Lnet/minecraft/network/protocol/game/ClientboundCommandsPacket$Entry;
[04:23:48] [main/DEBUG]: Skipping Lnet/minecraft/network/protocol/game/ClientboundCommandsPacket$ArgumentNodeStub;
[04:23:48] [main/DEBUG]: Skipping Lnet/minecraft/network/protocol/game/ClientboundCommandSuggestionsPacket;
[04:23:48] [main/DEBUG]: Skipping Lnet/minecraft/network/protocol/game/ClientboundClearTitlesPacket;
[04:23:48] [main/DEBUG]: Skipping Lnet/minecraft/network/protocol/game/ClientboundChunksBiomesPacket;
[04:23:48] [main/DEBUG]: Skipping Lnet/minecraft/network/protocol/game/ClientboundChunksBiomesPacket$ChunkBiomeData;
[04:23:48] [main/DEBUG]: Skipping Lnet/minecraft/network/protocol/game/ClientboundChunkBatchStartPacket;
[04:23:48] [main/DEBUG]: Skipping Lnet/minecraft/network/protocol/game/ClientboundChunkBatchFinishedPacket;
[04:23:48] [main/DEBUG]: Skipping Lnet/minecraft/network/protocol/game/ClientboundChangeDifficultyPacket;
[04:23:48] [main/DEBUG]: Skipping Lnet/minecraft/network/protocol/game/ClientboundBundlePacket;
[04:23:48] [main/DEBUG]: Skipping Lnet/minecraft/network/protocol/game/ClientboundBossEventPacket;
[04:23:48] [main/DEBUG]: Skipping Lnet/minecraft/network/protocol/game/ClientboundBossEventPacket$UpdateStyleOperation;
[04:23:48] [main/DEBUG]: Skipping Lnet/minecraft/network/protocol/game/ClientboundBossEventPacket$UpdatePropertiesOperation;
[04:23:48] [main/DEBUG]: Skipping Lnet/minecraft/network/protocol/game/ClientboundBossEventPacket$UpdateProgressOperation;
[04:23:48] [main/DEBUG]: Skipping Lnet/minecraft/network/protocol/game/ClientboundBossEventPacket$UpdateNameOperation;
[04:23:48] [main/DEBUG]: Skipping Lnet/minecraft/network/protocol/game/ClientboundBossEventPacket$OperationType;
[04:23:48] [main/DEBUG]: Skipping Lnet/minecraft/network/protocol/game/ClientboundBossEventPacket$Operation;
[04:23:48] [main/DEBUG]: Skipping Lnet/minecraft/network/protocol/game/ClientboundBossEventPacket$Handler;
[04:23:48] [main/DEBUG]: Skipping Lnet/minecraft/network/protocol/game/ClientboundBossEventPacket$AddOperation;
[04:23:48] [main/DEBUG]: Skipping Lnet/minecraft/network/protocol/game/ClientboundBossEventPacket$1;
[04:23:48] [main/DEBUG]: Skipping Lnet/minecraft/network/protocol/game/ClientboundBlockUpdatePacket;
[04:23:48] [main/DEBUG]: Skipping Lnet/minecraft/network/protocol/game/ClientboundBlockEventPacket;
[04:23:48] [main/DEBUG]: Skipping Lnet/minecraft/network/protocol/game/ClientboundBlockEntityDataPacket;
[04:23:48] [main/DEBUG]: Skipping Lnet/minecraft/network/protocol/game/ClientboundBlockDestructionPacket;
[04:23:48] [main/DEBUG]: Skipping Lnet/minecraft/network/protocol/game/ClientboundBlockChangedAckPacket;
[04:23:48] [main/DEBUG]: Skipping Lnet/minecraft/network/protocol/game/ClientboundAwardStatsPacket;
[04:23:48] [main/DEBUG]: Skipping Lnet/minecraft/network/protocol/game/ClientboundAnimatePacket;
[04:23:48] [main/DEBUG]: Skipping Lnet/minecraft/network/protocol/game/ClientboundAddExperienceOrbPacket;
[04:23:48] [main/DEBUG]: Skipping Lnet/minecraft/network/protocol/game/ClientboundAddEntityPacket;
[04:23:48] [main/DEBUG]: Skipping Lnet/minecraft/network/protocol/game/ClientGamePacketListener;
[04:23:48] [main/DEBUG]: Skipping Lnet/minecraft/network/protocol/game/ServerboundSetCreativeModeSlotPacket;
[04:23:48] [main/DEBUG]: Skipping Lnet/minecraft/network/protocol/game/ServerboundContainerClickPacket;
[04:23:48] [main/DEBUG]: Skipping Lnet/minecraft/network/protocol/configuration/package-info;
[04:23:48] [main/DEBUG]: Skipping Lnet/minecraft/network/protocol/configuration/ServerboundFinishConfigurationPacket;
[04:23:48] [main/DEBUG]: Skipping Lnet/minecraft/network/protocol/configuration/ServerConfigurationPacketListener;
[04:23:48] [main/DEBUG]: Skipping Lnet/minecraft/network/protocol/configuration/ClientboundUpdateEnabledFeaturesPacket;
[04:23:48] [main/DEBUG]: Skipping Lnet/minecraft/network/protocol/configuration/ClientboundRegistryDataPacket;
[04:23:48] [main/DEBUG]: Skipping Lnet/minecraft/network/protocol/configuration/ClientboundFinishConfigurationPacket;
[04:23:48] [main/DEBUG]: Skipping Lnet/minecraft/network/protocol/configuration/ClientConfigurationPacketListener;
[04:23:48] [main/DEBUG]: Skipping Lnet/minecraft/network/protocol/common/package-info;
[04:23:48] [main/DEBUG]: Skipping Lnet/minecraft/network/protocol/common/custom/package-info;
[04:23:48] [main/DEBUG]: Skipping Lnet/minecraft/network/protocol/common/custom/WorldGenAttemptDebugPayload;
[04:23:48] [main/DEBUG]: Skipping Lnet/minecraft/network/protocol/common/custom/VillageSectionsDebugPayload;
[04:23:48] [main/DEBUG]: Skipping Lnet/minecraft/network/protocol/common/custom/StructuresDebugPayload;
[04:23:48] [main/DEBUG]: Skipping Lnet/minecraft/network/protocol/common/custom/StructuresDebugPayload$PieceInfo;
[04:23:48] [main/DEBUG]: Skipping Lnet/minecraft/network/protocol/common/custom/RaidsDebugPayload;
[04:23:48] [main/DEBUG]: Skipping Lnet/minecraft/network/protocol/common/custom/PoiTicketCountDebugPayload;
[04:23:48] [main/DEBUG]: Skipping Lnet/minecraft/network/protocol/common/custom/PoiRemovedDebugPayload;
[04:23:48] [main/DEBUG]: Skipping Lnet/minecraft/network/protocol/common/custom/PoiAddedDebugPayload;
[04:23:48] [main/DEBUG]: Skipping Lnet/minecraft/network/protocol/common/custom/PathfindingDebugPayload;
[04:23:48] [main/DEBUG]: Skipping Lnet/minecraft/network/protocol/common/custom/NeighborUpdatesDebugPayload;
[04:23:48] [main/DEBUG]: Skipping Lnet/minecraft/network/protocol/common/custom/HiveDebugPayload;
[04:23:48] [main/DEBUG]: Skipping Lnet/minecraft/network/protocol/common/custom/HiveDebugPayload$HiveInfo;
[04:23:48] [main/DEBUG]: Skipping Lnet/minecraft/network/protocol/common/custom/GoalDebugPayload;
[04:23:48] [main/DEBUG]: Skipping Lnet/minecraft/network/protocol/common/custom/GoalDebugPayload$DebugGoal;
[04:23:48] [main/DEBUG]: Skipping Lnet/minecraft/network/protocol/common/custom/GameTestClearMarkersDebugPayload;
[04:23:48] [main/DEBUG]: Skipping Lnet/minecraft/network/protocol/common/custom/GameTestAddMarkerDebugPayload;
[04:23:48] [main/DEBUG]: Skipping Lnet/minecraft/network/protocol/common/custom/GameEventListenerDebugPayload;
[04:23:48] [main/DEBUG]: Skipping Lnet/minecraft/network/protocol/common/custom/GameEventDebugPayload;
[04:23:48] [main/DEBUG]: Skipping Lnet/minecraft/network/protocol/common/custom/CustomPacketPayload;
[04:23:48] [main/DEBUG]: Skipping Lnet/minecraft/network/protocol/common/custom/BreezeDebugPayload;
[04:23:48] [main/DEBUG]: Skipping Lnet/minecraft/network/protocol/common/custom/BreezeDebugPayload$BreezeInfo;
[04:23:48] [main/DEBUG]: Skipping Lnet/minecraft/network/protocol/common/custom/BrandPayload;
[04:23:48] [main/DEBUG]: Skipping Lnet/minecraft/network/protocol/common/custom/BrainDebugPayload;
[04:23:48] [main/DEBUG]: Skipping Lnet/minecraft/network/protocol/common/custom/BrainDebugPayload$BrainDump;
[04:23:48] [main/DEBUG]: Skipping Lnet/minecraft/network/protocol/common/custom/BeeDebugPayload;
[04:23:48] [main/DEBUG]: Skipping Lnet/minecraft/network/protocol/common/custom/BeeDebugPayload$BeeInfo;
[04:23:48] [main/DEBUG]: Skipping Lnet/minecraft/network/protocol/common/custom/DiscardedPayload;
[04:23:48] [main/DEBUG]: Skipping Lnet/minecraft/network/protocol/common/ServerboundResourcePackPacket;
[04:23:48] [main/DEBUG]: Skipping Lnet/minecraft/network/protocol/common/ServerboundResourcePackPacket$Action;
[04:23:48] [main/DEBUG]: Skipping Lnet/minecraft/network/protocol/common/ServerboundPongPacket;
[04:23:48] [main/DEBUG]: Skipping Lnet/minecraft/network/protocol/common/ServerboundKeepAlivePacket;
[04:23:48] [main/DEBUG]: Skipping Lnet/minecraft/network/protocol/common/ServerboundClientInformationPacket;
[04:23:48] [main/DEBUG]: Skipping Lnet/minecraft/network/protocol/common/ServerCommonPacketListener;
[04:23:48] [main/DEBUG]: Skipping Lnet/minecraft/network/protocol/common/ClientboundUpdateTagsPacket;
[04:23:48] [main/DEBUG]: Skipping Lnet/minecraft/network/protocol/common/ClientboundResourcePackPushPacket;
[04:23:48] [main/DEBUG]: Skipping Lnet/minecraft/network/protocol/common/ClientboundResourcePackPopPacket;
[04:23:48] [main/DEBUG]: Skipping Lnet/minecraft/network/protocol/common/ClientboundPingPacket;
[04:23:48] [main/DEBUG]: Skipping Lnet/minecraft/network/protocol/common/ClientboundKeepAlivePacket;
[04:23:48] [main/DEBUG]: Skipping Lnet/minecraft/network/protocol/common/ClientboundDisconnectPacket;
[04:23:48] [main/DEBUG]: Skipping Lnet/minecraft/network/protocol/common/ClientCommonPacketListener;
[04:23:48] [main/DEBUG]: Skipping Lnet/minecraft/network/protocol/common/ServerboundCustomPayloadPacket;
[04:23:48] [main/DEBUG]: Skipping Lnet/minecraft/network/protocol/common/ClientboundCustomPayloadPacket;
[04:23:48] [main/DEBUG]: Skipping Lnet/minecraft/network/protocol/PacketUtils;
[04:23:48] [main/DEBUG]: Skipping Lnet/minecraft/network/protocol/PacketFlow;
[04:23:48] [main/DEBUG]: Skipping Lnet/minecraft/network/protocol/Packet;
[04:23:48] [main/DEBUG]: Skipping Lnet/minecraft/network/protocol/BundlerInfo;
[04:23:48] [main/DEBUG]: Skipping Lnet/minecraft/network/protocol/BundlerInfo$Provider;
[04:23:48] [main/DEBUG]: Skipping Lnet/minecraft/network/protocol/BundlerInfo$Bundler;
[04:23:48] [main/DEBUG]: Skipping Lnet/minecraft/network/protocol/BundlerInfo$2;
[04:23:48] [main/DEBUG]: Skipping Lnet/minecraft/network/protocol/BundlerInfo$2$1;
[04:23:48] [main/DEBUG]: Skipping Lnet/minecraft/network/protocol/BundlerInfo$1;
[04:23:48] [main/DEBUG]: Skipping Lnet/minecraft/network/protocol/BundlePacket;
[04:23:48] [main/DEBUG]: Skipping Lnet/minecraft/network/protocol/BundleDelimiterPacket;
[04:23:48] [main/DEBUG]: Skipping Lnet/minecraft/network/package-info;
[04:23:48] [main/DEBUG]: Skipping Lnet/minecraft/network/chat/package-info;
[04:23:48] [main/DEBUG]: Skipping Lnet/minecraft/network/chat/numbers/package-info;
[04:23:48] [main/DEBUG]: Skipping Lnet/minecraft/network/chat/numbers/StyledFormat;
[04:23:48] [main/DEBUG]: Skipping Lnet/minecraft/network/chat/numbers/StyledFormat$1;
[04:23:48] [main/DEBUG]: Skipping Lnet/minecraft/network/chat/numbers/NumberFormatTypes;
[04:23:48] [main/DEBUG]: Skipping Lnet/minecraft/network/chat/numbers/NumberFormatType;
[04:23:48] [main/DEBUG]: Skipping Lnet/minecraft/network/chat/numbers/NumberFormat;
[04:23:48] [main/DEBUG]: Skipping Lnet/minecraft/network/chat/numbers/FixedFormat;
[04:23:48] [main/DEBUG]: Skipping Lnet/minecraft/network/chat/numbers/FixedFormat$1;
[04:23:48] [main/DEBUG]: Skipping Lnet/minecraft/network/chat/numbers/BlankFormat;
[04:23:48] [main/DEBUG]: Skipping Lnet/minecraft/network/chat/numbers/BlankFormat$1;
[04:23:48] [main/DEBUG]: Skipping Lnet/minecraft/network/chat/contents/package-info;
[04:23:48] [main/DEBUG]: Skipping Lnet/minecraft/network/chat/contents/TranslatableFormatException;
[04:23:48] [main/DEBUG]: Skipping Lnet/minecraft/network/chat/contents/StorageDataSource;
[04:23:48] [main/DEBUG]: Skipping Lnet/minecraft/network/chat/contents/SelectorContents;
[04:23:48] [main/DEBUG]: Skipping Lnet/minecraft/network/chat/contents/ScoreContents;
[04:23:48] [main/DEBUG]: Skipping Lnet/minecraft/network/chat/contents/PlainTextContents;
[04:23:48] [main/DEBUG]: Skipping Lnet/minecraft/network/chat/contents/PlainTextContents$LiteralContents;
[04:23:48] [main/DEBUG]: Skipping Lnet/minecraft/network/chat/contents/PlainTextContents$1;
[04:23:48] [main/DEBUG]: Skipping Lnet/minecraft/network/chat/contents/NbtContents;
[04:23:48] [main/DEBUG]: Skipping Lnet/minecraft/network/chat/contents/KeybindResolver;
[04:23:48] [main/DEBUG]: Skipping Lnet/minecraft/network/chat/contents/KeybindContents;
[04:23:48] [main/DEBUG]: Skipping Lnet/minecraft/network/chat/contents/EntityDataSource;
[04:23:48] [main/DEBUG]: Skipping Lnet/minecraft/network/chat/contents/DataSource;
[04:23:48] [main/DEBUG]: Skipping Lnet/minecraft/network/chat/contents/DataSource$Type;
[04:23:48] [main/DEBUG]: Skipping Lnet/minecraft/network/chat/contents/BlockDataSource;
[04:23:48] [main/DEBUG]: Skipping Lnet/minecraft/network/chat/contents/TranslatableContents;
[04:23:48] [main/DEBUG]: Skipping Lnet/minecraft/network/chat/ThrowingComponent;
[04:23:48] [main/DEBUG]: Skipping Lnet/minecraft/network/chat/TextColor;
[04:23:48] [main/DEBUG]: Skipping Lnet/minecraft/network/chat/SubStringSource;
[04:23:48] [main/DEBUG]: Skipping Lnet/minecraft/network/chat/Style;
[04:23:48] [main/DEBUG]: Skipping Lnet/minecraft/network/chat/Style$Serializer;
[04:23:48] [main/DEBUG]: Skipping Lnet/minecraft/network/chat/Style$1Collector;
[04:23:48] [main/DEBUG]: Skipping Lnet/minecraft/network/chat/Style$1;
[04:23:48] [main/DEBUG]: Skipping Lnet/minecraft/network/chat/SignedMessageValidator;
[04:23:48] [main/DEBUG]: Skipping Lnet/minecraft/network/chat/SignedMessageValidator$KeyBased;
[04:23:48] [main/DEBUG]: Skipping Lnet/minecraft/network/chat/SignedMessageLink;
[04:23:48] [main/DEBUG]: Skipping Lnet/minecraft/network/chat/SignedMessageChain;
[04:23:48] [main/DEBUG]: Skipping Lnet/minecraft/network/chat/SignedMessageChain$Encoder;
[04:23:48] [main/DEBUG]: Skipping Lnet/minecraft/network/chat/SignedMessageChain$Decoder;
[04:23:48] [main/DEBUG]: Skipping Lnet/minecraft/network/chat/SignedMessageChain$DecodeException;
[04:23:48] [main/DEBUG]: Skipping Lnet/minecraft/network/chat/SignedMessageBody;
[04:23:48] [main/DEBUG]: Skipping Lnet/minecraft/network/chat/SignedMessageBody$Packed;
[04:23:48] [main/DEBUG]: Skipping Lnet/minecraft/network/chat/SignableCommand;
[04:23:48] [main/DEBUG]: Skipping Lnet/minecraft/network/chat/SignableCommand$Argument;
[04:23:48] [main/DEBUG]: Skipping Lnet/minecraft/network/chat/RemoteChatSession;
[04:23:48] [main/DEBUG]: Skipping Lnet/minecraft/network/chat/RemoteChatSession$Data;
[04:23:48] [main/DEBUG]: Skipping Lnet/minecraft/network/chat/PlayerChatMessage;
[04:23:48] [main/DEBUG]: Skipping Lnet/minecraft/network/chat/OutgoingChatMessage;
[04:23:48] [main/DEBUG]: Skipping Lnet/minecraft/network/chat/OutgoingChatMessage$Player;
[04:23:48] [main/DEBUG]: Skipping Lnet/minecraft/network/chat/OutgoingChatMessage$Disguised;
[04:23:48] [main/DEBUG]: Skipping Lnet/minecraft/network/chat/MutableComponent;
[04:23:48] [main/DEBUG]: Skipping Lnet/minecraft/network/chat/MessageSignatureCache;
[04:23:48] [main/DEBUG]: Skipping Lnet/minecraft/network/chat/MessageSignature;
[04:23:48] [main/DEBUG]: Skipping Lnet/minecraft/network/chat/MessageSignature$Packed;
[04:23:48] [main/DEBUG]: Skipping Lnet/minecraft/network/chat/LocalChatSession;
[04:23:48] [main/DEBUG]: Skipping Lnet/minecraft/network/chat/LastSeenTrackedEntry;
[04:23:48] [main/DEBUG]: Skipping Lnet/minecraft/network/chat/LastSeenMessagesValidator;
[04:23:48] [main/DEBUG]: Skipping Lnet/minecraft/network/chat/LastSeenMessagesTracker;
[04:23:48] [main/DEBUG]: Skipping Lnet/minecraft/network/chat/LastSeenMessagesTracker$Update;
[04:23:48] [main/DEBUG]: Skipping Lnet/minecraft/network/chat/LastSeenMessages;
[04:23:48] [main/DEBUG]: Skipping Lnet/minecraft/network/chat/LastSeenMessages$Update;
[04:23:48] [main/DEBUG]: Skipping Lnet/minecraft/network/chat/LastSeenMessages$Packed;
[04:23:48] [main/DEBUG]: Skipping Lnet/minecraft/network/chat/HoverEvent;
[04:23:48] [main/DEBUG]: Skipping Lnet/minecraft/network/chat/HoverEvent$TypedHoverEvent;
[04:23:48] [main/DEBUG]: Skipping Lnet/minecraft/network/chat/HoverEvent$ItemStackInfo;
[04:23:48] [main/DEBUG]: Skipping Lnet/minecraft/network/chat/HoverEvent$EntityTooltipInfo;
[04:23:48] [main/DEBUG]: Skipping Lnet/minecraft/network/chat/HoverEvent$Action;
[04:23:48] [main/DEBUG]: Skipping Lnet/minecraft/network/chat/FormattedText;
[04:23:48] [main/DEBUG]: Skipping Lnet/minecraft/network/chat/FormattedText$StyledContentConsumer;
[04:23:48] [main/DEBUG]: Skipping Lnet/minecraft/network/chat/FormattedText$ContentConsumer;
[04:23:48] [main/DEBUG]: Skipping Lnet/minecraft/network/chat/FormattedText$4;
[04:23:48] [main/DEBUG]: Skipping Lnet/minecraft/network/chat/FormattedText$3;
[04:23:48] [main/DEBUG]: Skipping Lnet/minecraft/network/chat/FormattedText$2;
[04:23:48] [main/DEBUG]: Skipping Lnet/minecraft/network/chat/FormattedText$1;
[04:23:48] [main/DEBUG]: Skipping Lnet/minecraft/network/chat/FilterMask;
[04:23:48] [main/DEBUG]: Skipping Lnet/minecraft/network/chat/FilterMask$Type;
[04:23:48] [main/DEBUG]: Skipping Lnet/minecraft/network/chat/FilterMask$1;
[04:23:48] [main/DEBUG]: Skipping Lnet/minecraft/network/chat/ComponentUtils;
[04:23:48] [main/DEBUG]: Skipping Lnet/minecraft/network/chat/ComponentSerialization;
[04:23:48] [main/DEBUG]: Skipping Lnet/minecraft/network/chat/ComponentSerialization$StrictEither;
[04:23:48] [main/DEBUG]: Skipping Lnet/minecraft/network/chat/ComponentSerialization$FuzzyCodec;
[04:23:48] [main/DEBUG]: Skipping Lnet/minecraft/network/chat/ComponentContents;
[04:23:48] [main/DEBUG]: Skipping Lnet/minecraft/network/chat/ComponentContents$Type;
[04:23:48] [main/DEBUG]: Skipping Lnet/minecraft/network/chat/Component;
[04:23:48] [main/DEBUG]: Skipping Lnet/minecraft/network/chat/Component$SerializerAdapter;
[04:23:48] [main/DEBUG]: Skipping Lnet/minecraft/network/chat/Component$Serializer;
[04:23:48] [main/DEBUG]: Skipping Lnet/minecraft/network/chat/CommonComponents;
[04:23:48] [main/DEBUG]: Skipping Lnet/minecraft/network/chat/ClickEvent;
[04:23:48] [main/DEBUG]: Skipping Lnet/minecraft/network/chat/ClickEvent$Action;
[04:23:48] [main/DEBUG]: Skipping Lnet/minecraft/network/chat/ChatTypeDecoration;
[04:23:48] [main/DEBUG]: Skipping Lnet/minecraft/network/chat/ChatTypeDecoration$Parameter;
[04:23:48] [main/DEBUG]: Skipping Lnet/minecraft/network/chat/ChatTypeDecoration$Parameter$Selector;
[04:23:48] [main/DEBUG]: Skipping Lnet/minecraft/network/chat/ChatType;
[04:23:48] [main/DEBUG]: Skipping Lnet/minecraft/network/chat/ChatType$BoundNetwork;
[04:23:48] [main/DEBUG]: Skipping Lnet/minecraft/network/chat/ChatType$Bound;
[04:23:48] [main/DEBUG]: Skipping Lnet/minecraft/network/chat/ChatDecorator;
[04:23:48] [main/DEBUG]: Skipping Lnet/minecraft/network/Varint21LengthFieldPrepender;
[04:23:48] [main/DEBUG]: Skipping Lnet/minecraft/network/Varint21FrameDecoder;
[04:23:48] [main/DEBUG]: Skipping Lnet/minecraft/network/VarLong;
[04:23:48] [main/DEBUG]: Skipping Lnet/minecraft/network/VarInt;
[04:23:48] [main/DEBUG]: Skipping Lnet/minecraft/network/Utf8String;
[04:23:48] [main/DEBUG]: Skipping Lnet/minecraft/network/TickablePacketListener;
[04:23:48] [main/DEBUG]: Skipping Lnet/minecraft/network/SkipPacketException;
[04:23:48] [main/DEBUG]: Skipping Lnet/minecraft/network/ServerboundPacketListener;
[04:23:48] [main/DEBUG]: Skipping Lnet/minecraft/network/RateKickingConnection;
[04:23:48] [main/DEBUG]: Skipping Lnet/minecraft/network/ProtocolSwapHandler;
[04:23:48] [main/DEBUG]: Skipping Lnet/minecraft/network/PacketSendListener;
[04:23:48] [main/DEBUG]: Skipping Lnet/minecraft/network/PacketSendListener$2;
[04:23:48] [main/DEBUG]: Skipping Lnet/minecraft/network/PacketSendListener$1;
[04:23:48] [main/DEBUG]: Skipping Lnet/minecraft/network/PacketListener;
[04:23:48] [main/DEBUG]: Skipping Lnet/minecraft/network/PacketFlowValidator;
[04:23:48] [main/DEBUG]: Skipping Lnet/minecraft/network/PacketEncoder;
[04:23:48] [main/DEBUG]: Skipping Lnet/minecraft/network/PacketDecoder;
[04:23:48] [main/DEBUG]: Skipping Lnet/minecraft/network/PacketBundleUnpacker;
[04:23:48] [main/DEBUG]: Skipping Lnet/minecraft/network/PacketBundlePacker;
[04:23:48] [main/DEBUG]: Skipping Lnet/minecraft/network/CompressionDecoder;
[04:23:48] [main/DEBUG]: Skipping Lnet/minecraft/network/ClientboundPacketListener;
[04:23:48] [main/DEBUG]: Skipping Lnet/minecraft/network/ClientPongPacketListener;
[04:23:48] [main/DEBUG]: Skipping Lnet/minecraft/network/CipherEncoder;
[04:23:48] [main/DEBUG]: Skipping Lnet/minecraft/network/CipherDecoder;
[04:23:48] [main/DEBUG]: Skipping Lnet/minecraft/network/CipherBase;
[04:23:48] [main/DEBUG]: Skipping Lnet/minecraft/network/BandwidthDebugMonitor;
[04:23:48] [main/DEBUG]: Skipping Lnet/minecraft/network/FriendlyByteBuf;
[04:23:48] [main/DEBUG]: Skipping Lnet/minecraft/network/FriendlyByteBuf$Writer;
[04:23:48] [main/DEBUG]: Skipping Lnet/minecraft/network/FriendlyByteBuf$Reader;
[04:23:48] [main/DEBUG]: Skipping Lnet/minecraft/network/FriendlyByteBuf$1;
[04:23:48] [main/DEBUG]: Skipping Lnet/minecraft/network/ConnectionProtocol;
[04:23:48] [main/DEBUG]: Skipping Lnet/minecraft/network/ConnectionProtocol$ProtocolBuilder;
[04:23:48] [main/DEBUG]: Skipping Lnet/minecraft/network/ConnectionProtocol$PacketSet;
[04:23:48] [main/DEBUG]: Skipping Lnet/minecraft/network/ConnectionProtocol$CodecData;
[04:23:48] [main/DEBUG]: Skipping Lnet/minecraft/network/Connection;
[04:23:48] [main/DEBUG]: Skipping Lnet/minecraft/network/Connection$3;
[04:23:48] [main/DEBUG]: Skipping Lnet/minecraft/network/Connection$2;
[04:23:48] [main/DEBUG]: Skipping Lnet/minecraft/network/Connection$1;
[04:23:48] [main/DEBUG]: Skipping Lnet/minecraft/network/CompressionEncoder;
[04:23:48] [main/DEBUG]: Skipping Lnet/minecraft/nbt/visitors/package-info;
[04:23:48] [main/DEBUG]: Skipping Lnet/minecraft/nbt/visitors/SkipFields;
[04:23:48] [main/DEBUG]: Skipping Lnet/minecraft/nbt/visitors/SkipAll;
[04:23:48] [main/DEBUG]: Skipping Lnet/minecraft/nbt/visitors/SkipAll$1;
[04:23:48] [main/DEBUG]: Skipping Lnet/minecraft/nbt/visitors/FieldTree;
[04:23:48] [main/DEBUG]: Skipping Lnet/minecraft/nbt/visitors/FieldSelector;
[04:23:48] [main/DEBUG]: Skipping Lnet/minecraft/nbt/visitors/CollectToTag;
[04:23:48] [main/DEBUG]: Skipping Lnet/minecraft/nbt/visitors/CollectFields;
[04:23:48] [main/DEBUG]: Skipping Lnet/minecraft/nbt/package-info;
[04:23:48] [main/DEBUG]: Skipping Lnet/minecraft/nbt/TextComponentTagVisitor;
[04:23:48] [main/DEBUG]: Skipping Lnet/minecraft/nbt/TagVisitor;
[04:23:48] [main/DEBUG]: Skipping Lnet/minecraft/nbt/TagTypes;
[04:23:48] [main/DEBUG]: Skipping Lnet/minecraft/nbt/TagType;
[04:23:48] [main/DEBUG]: Skipping Lnet/minecraft/nbt/TagType$VariableSize;
[04:23:48] [main/DEBUG]: Skipping Lnet/minecraft/nbt/TagType$StaticSize;
[04:23:48] [main/DEBUG]: Skipping Lnet/minecraft/nbt/TagType$2;
[04:23:48] [main/DEBUG]: Skipping Lnet/minecraft/nbt/TagType$1;
[04:23:48] [main/DEBUG]: Skipping Lnet/minecraft/nbt/TagParser;
[04:23:48] [main/DEBUG]: Skipping Lnet/minecraft/nbt/Tag;
[04:23:48] [main/DEBUG]: Skipping Lnet/minecraft/nbt/StringTagVisitor;
[04:23:48] [main/DEBUG]: Skipping Lnet/minecraft/nbt/StreamTagVisitor;
[04:23:48] [main/DEBUG]: Skipping Lnet/minecraft/nbt/StreamTagVisitor$ValueResult;
[04:23:48] [main/DEBUG]: Skipping Lnet/minecraft/nbt/StreamTagVisitor$EntryResult;
[04:23:48] [main/DEBUG]: Skipping Lnet/minecraft/nbt/SnbtPrinterTagVisitor;
[04:23:48] [main/DEBUG]: Skipping Lnet/minecraft/nbt/ShortTag;
[04:23:48] [main/DEBUG]: Skipping Lnet/minecraft/nbt/ShortTag$Cache;
[04:23:48] [main/DEBUG]: Skipping Lnet/minecraft/nbt/ShortTag$1;
[04:23:48] [main/DEBUG]: Skipping Lnet/minecraft/nbt/ReportedNbtException;
[04:23:48] [main/DEBUG]: Skipping Lnet/minecraft/nbt/NumericTag;
[04:23:48] [main/DEBUG]: Skipping Lnet/minecraft/nbt/NbtUtils;
[04:23:48] [main/DEBUG]: Skipping Lnet/minecraft/nbt/NbtOps;
[04:23:48] [main/DEBUG]: Skipping Lnet/minecraft/nbt/NbtOps$NbtRecordBuilder;
[04:23:48] [main/DEBUG]: Skipping Lnet/minecraft/nbt/NbtOps$LongListCollector;
[04:23:48] [main/DEBUG]: Skipping Lnet/minecraft/nbt/NbtOps$ListCollector;
[04:23:48] [main/DEBUG]: Skipping Lnet/minecraft/nbt/NbtOps$IntListCollector;
[04:23:48] [main/DEBUG]: Skipping Lnet/minecraft/nbt/NbtOps$InitialListCollector;
[04:23:48] [main/DEBUG]: Skipping Lnet/minecraft/nbt/NbtOps$HomogenousListCollector;
[04:23:48] [main/DEBUG]: Skipping Lnet/minecraft/nbt/NbtOps$HeterogenousListCollector;
[04:23:48] [main/DEBUG]: Skipping Lnet/minecraft/nbt/NbtOps$ByteListCollector;
[04:23:48] [main/DEBUG]: Skipping Lnet/minecraft/nbt/NbtOps$1;
[04:23:48] [main/DEBUG]: Skipping Lnet/minecraft/nbt/NbtFormatException;
[04:23:48] [main/DEBUG]: Skipping Lnet/minecraft/nbt/NbtException;
[04:23:48] [main/DEBUG]: Skipping Lnet/minecraft/nbt/NbtAccounterException;
[04:23:48] [main/DEBUG]: Skipping Lnet/minecraft/nbt/LongTag;
[04:23:48] [main/DEBUG]: Skipping Lnet/minecraft/nbt/LongTag$Cache;
[04:23:48] [main/DEBUG]: Skipping Lnet/minecraft/nbt/LongTag$1;
[04:23:48] [main/DEBUG]: Skipping Lnet/minecraft/nbt/LongArrayTag;
[04:23:48] [main/DEBUG]: Skipping Lnet/minecraft/nbt/LongArrayTag$1;
[04:23:48] [main/DEBUG]: Skipping Lnet/minecraft/nbt/ListTag;
[04:23:48] [main/DEBUG]: Skipping Lnet/minecraft/nbt/ListTag$2;
[04:23:48] [main/DEBUG]: Skipping Lnet/minecraft/nbt/ListTag$1;
[04:23:48] [main/DEBUG]: Skipping Lnet/minecraft/nbt/IntTag;
[04:23:48] [main/DEBUG]: Skipping Lnet/minecraft/nbt/IntTag$Cache;
[04:23:48] [main/DEBUG]: Skipping Lnet/minecraft/nbt/IntTag$1;
[04:23:48] [main/DEBUG]: Skipping Lnet/minecraft/nbt/IntArrayTag;
[04:23:48] [main/DEBUG]: Skipping Lnet/minecraft/nbt/IntArrayTag$1;
[04:23:48] [main/DEBUG]: Skipping Lnet/minecraft/nbt/FloatTag;
[04:23:48] [main/DEBUG]: Skipping Lnet/minecraft/nbt/FloatTag$1;
[04:23:48] [main/DEBUG]: Skipping Lnet/minecraft/nbt/EndTag;
[04:23:48] [main/DEBUG]: Skipping Lnet/minecraft/nbt/EndTag$1;
[04:23:48] [main/DEBUG]: Skipping Lnet/minecraft/nbt/DoubleTag;
[04:23:48] [main/DEBUG]: Skipping Lnet/minecraft/nbt/DoubleTag$1;
[04:23:48] [main/DEBUG]: Skipping Lnet/minecraft/nbt/CollectionTag;
[04:23:48] [main/DEBUG]: Skipping Lnet/minecraft/nbt/ByteTag;
[04:23:48] [main/DEBUG]: Skipping Lnet/minecraft/nbt/ByteTag$Cache;
[04:23:48] [main/DEBUG]: Skipping Lnet/minecraft/nbt/ByteTag$1;
[04:23:48] [main/DEBUG]: Skipping Lnet/minecraft/nbt/ByteArrayTag;
[04:23:48] [main/DEBUG]: Skipping Lnet/minecraft/nbt/ByteArrayTag$1;
[04:23:48] [main/DEBUG]: Skipping Lnet/minecraft/nbt/CompoundTag$3;
[04:23:48] [main/DEBUG]: Skipping Lnet/minecraft/nbt/StringTag;
[04:23:48] [main/DEBUG]: Skipping Lnet/minecraft/nbt/StringTag$1;
[04:23:48] [main/DEBUG]: Skipping Lnet/minecraft/nbt/NbtIo;
[04:23:48] [main/DEBUG]: Skipping Lnet/minecraft/nbt/NbtIo$StringFallbackDataOutput;
[04:23:48] [main/DEBUG]: Skipping Lnet/minecraft/nbt/NbtIo$1;
[04:23:48] [main/DEBUG]: Skipping Lnet/minecraft/nbt/NbtAccounter;
[04:23:48] [main/DEBUG]: Skipping Lnet/minecraft/nbt/CompoundTag;
[04:23:48] [main/DEBUG]: Skipping Lnet/minecraft/nbt/CompoundTag$2;
[04:23:48] [main/DEBUG]: Skipping Lnet/minecraft/nbt/CompoundTag$1;
[04:23:48] [main/DEBUG]: Skipping Lnet/minecraft/locale/package-info;
[04:23:48] [main/DEBUG]: Skipping Lnet/minecraft/locale/Language;
[04:23:48] [main/DEBUG]: Skipping Lnet/minecraft/locale/Language$1;
[04:23:48] [main/DEBUG]: Skipping Lnet/minecraft/gametest/framework/package-info;
[04:23:48] [main/DEBUG]: Skipping Lnet/minecraft/gametest/framework/TestReporter;
[04:23:48] [main/DEBUG]: Skipping Lnet/minecraft/gametest/framework/TestFunctionArgument;
[04:23:48] [main/DEBUG]: Skipping Lnet/minecraft/gametest/framework/TestFunction;
[04:23:48] [main/DEBUG]: Skipping Lnet/minecraft/gametest/framework/TestCommand;
[04:23:48] [main/DEBUG]: Skipping Lnet/minecraft/gametest/framework/TestCommand$TestSummaryDisplayer;
[04:23:48] [main/DEBUG]: Skipping Lnet/minecraft/gametest/framework/TestClassNameArgument;
[04:23:48] [main/DEBUG]: Skipping Lnet/minecraft/gametest/framework/StructureUtils;
[04:23:48] [main/DEBUG]: Skipping Lnet/minecraft/gametest/framework/StructureUtils$1;
[04:23:48] [main/DEBUG]: Skipping Lnet/minecraft/gametest/framework/ReportGameListener;
[04:23:48] [main/DEBUG]: Skipping Lnet/minecraft/gametest/framework/MultipleTestTracker;
[04:23:48] [main/DEBUG]: Skipping Lnet/minecraft/gametest/framework/MultipleTestTracker$1;
[04:23:48] [main/DEBUG]: Skipping Lnet/minecraft/gametest/framework/LogTestReporter;
[04:23:48] [main/DEBUG]: Skipping Lnet/minecraft/gametest/framework/JUnitLikeTestReporter;
[04:23:48] [main/DEBUG]: Skipping Lnet/minecraft/gametest/framework/GlobalTestReporter;
[04:23:48] [main/DEBUG]: Skipping Lnet/minecraft/gametest/framework/GameTestTimeoutException;
[04:23:48] [main/DEBUG]: Skipping Lnet/minecraft/gametest/framework/GameTestTicker;
[04:23:48] [main/DEBUG]: Skipping Lnet/minecraft/gametest/framework/GameTestSequence;
[04:23:48] [main/DEBUG]: Skipping Lnet/minecraft/gametest/framework/GameTestSequence$Condition;
[04:23:48] [main/DEBUG]: Skipping Lnet/minecraft/gametest/framework/GameTestRunner;
[04:23:48] [main/DEBUG]: Skipping Lnet/minecraft/gametest/framework/GameTestListener;
[04:23:48] [main/DEBUG]: Skipping Lnet/minecraft/gametest/framework/GameTestInfo;
[04:23:48] [main/DEBUG]: Skipping Lnet/minecraft/gametest/framework/GameTestGenerator;
[04:23:48] [main/DEBUG]: Skipping Lnet/minecraft/gametest/framework/GameTestEvent;
[04:23:48] [main/DEBUG]: Skipping Lnet/minecraft/gametest/framework/GameTestBatchRunner;
[04:23:48] [main/DEBUG]: Skipping Lnet/minecraft/gametest/framework/GameTestBatchRunner$1;
[04:23:48] [main/DEBUG]: Skipping Lnet/minecraft/gametest/framework/GameTestBatch;
[04:23:48] [main/DEBUG]: Skipping Lnet/minecraft/gametest/framework/GameTestAssertPosException;
[04:23:48] [main/DEBUG]: Skipping Lnet/minecraft/gametest/framework/GameTestAssertException;
[04:23:48] [main/DEBUG]: Skipping Lnet/minecraft/gametest/framework/GameTest;
[04:23:48] [main/DEBUG]: Skipping Lnet/minecraft/gametest/framework/ExhaustedAttemptsException;
[04:23:48] [main/DEBUG]: Skipping Lnet/minecraft/gametest/framework/BeforeBatch;
[04:23:48] [main/DEBUG]: Skipping Lnet/minecraft/gametest/framework/AfterBatch;
[04:23:48] [main/DEBUG]: Skipping Lnet/minecraft/gametest/framework/GameTestHelper$4;
[04:23:48] [main/DEBUG]: Transforming class Lnet/minecraft/gametest/framework/GameTestServer;
[04:23:48] [main/DEBUG]: Transforming net/minecraft/gametest/framework/GameTestServer METHOD <init>(Ljava/lang/Thread;Lnet/minecraft/world/level/storage/LevelStorageSource$LevelStorageAccess;Lnet/minecraft/server/packs/repository/PackRepository;Lnet/minecraft/server/WorldStem;Ljava/util/Collection;Lnet/minecraft/core/BlockPos;)V to access PUBLIC and LEAVE
[04:23:48] [main/DEBUG]: Skipping Lnet/minecraft/gametest/framework/GameTestServer$1;
[04:23:48] [main/DEBUG]: Skipping Lnet/minecraft/gametest/framework/GameTestRegistry;
[04:23:48] [main/DEBUG]: Skipping Lnet/minecraft/gametest/framework/GameTestHelper;
[04:23:48] [main/DEBUG]: Skipping Lnet/minecraft/gametest/framework/GameTestHelper$3;
[04:23:48] [main/DEBUG]: Skipping Lnet/minecraft/gametest/framework/GameTestHelper$2;
[04:23:48] [main/DEBUG]: Skipping Lnet/minecraft/gametest/framework/GameTestHelper$1;
[04:23:48] [main/DEBUG]: Skipping Lnet/minecraft/data/worldgen/placement/package-info;
[04:23:48] [main/DEBUG]: Skipping Lnet/minecraft/data/worldgen/placement/VillagePlacements;
[04:23:48] [main/DEBUG]: Skipping Lnet/minecraft/data/worldgen/placement/VegetationPlacements;
[04:23:48] [main/DEBUG]: Skipping Lnet/minecraft/data/worldgen/placement/TreePlacements;
[04:23:48] [main/DEBUG]: Skipping Lnet/minecraft/data/worldgen/placement/PlacementUtils;
[04:23:48] [main/DEBUG]: Skipping Lnet/minecraft/data/worldgen/placement/OrePlacements;
[04:23:48] [main/DEBUG]: Skipping Lnet/minecraft/data/worldgen/placement/NetherPlacements;
[04:23:48] [main/DEBUG]: Skipping Lnet/minecraft/data/worldgen/placement/MiscOverworldPlacements;
[04:23:48] [main/DEBUG]: Skipping Lnet/minecraft/data/worldgen/placement/EndPlacements;
[04:23:48] [main/DEBUG]: Skipping Lnet/minecraft/data/worldgen/placement/CavePlacements;
[04:23:48] [main/DEBUG]: Skipping Lnet/minecraft/data/worldgen/placement/AquaticPlacements;
[04:23:48] [main/DEBUG]: Skipping Lnet/minecraft/data/worldgen/package-info;
[04:23:48] [main/DEBUG]: Skipping Lnet/minecraft/data/worldgen/features/package-info;
[04:23:48] [main/DEBUG]: Skipping Lnet/minecraft/data/worldgen/features/VegetationFeatures;
[04:23:48] [main/DEBUG]: Skipping Lnet/minecraft/data/worldgen/features/TreeFeatures;
[04:23:48] [main/DEBUG]: Skipping Lnet/minecraft/data/worldgen/features/PileFeatures;
[04:23:48] [main/DEBUG]: Skipping Lnet/minecraft/data/worldgen/features/OreFeatures;
[04:23:48] [main/DEBUG]: Skipping Lnet/minecraft/data/worldgen/features/NetherFeatures;
[04:23:48] [main/DEBUG]: Skipping Lnet/minecraft/data/worldgen/features/MiscOverworldFeatures;
[04:23:48] [main/DEBUG]: Skipping Lnet/minecraft/data/worldgen/features/FeatureUtils;
[04:23:48] [main/DEBUG]: Skipping Lnet/minecraft/data/worldgen/features/EndFeatures;
[04:23:48] [main/DEBUG]: Skipping Lnet/minecraft/data/worldgen/features/CaveFeatures;
[04:23:48] [main/DEBUG]: Skipping Lnet/minecraft/data/worldgen/features/AquaticFeatures;
[04:23:48] [main/DEBUG]: Skipping Lnet/minecraft/data/worldgen/biome/package-info;
[04:23:48] [main/DEBUG]: Skipping Lnet/minecraft/data/worldgen/biome/NetherBiomes;
[04:23:48] [main/DEBUG]: Skipping Lnet/minecraft/data/worldgen/biome/EndBiomes;
[04:23:48] [main/DEBUG]: Skipping Lnet/minecraft/data/worldgen/biome/BiomeData;
[04:23:48] [main/DEBUG]: Skipping Lnet/minecraft/data/worldgen/biome/OverworldBiomes;
[04:23:48] [main/DEBUG]: Skipping Lnet/minecraft/data/worldgen/VillagePools;
[04:23:48] [main/DEBUG]: Skipping Lnet/minecraft/data/worldgen/UpdateOneTwentyOneStructures;
[04:23:48] [main/DEBUG]: Skipping Lnet/minecraft/data/worldgen/UpdateOneTwentyOneStructureSets;
[04:23:48] [main/DEBUG]: Skipping Lnet/minecraft/data/worldgen/UpdateOneTwentyOneProcessorLists;
[04:23:48] [main/DEBUG]: Skipping Lnet/minecraft/data/worldgen/UpdateOneTwentyOnePools;
[04:23:48] [main/DEBUG]: Skipping Lnet/minecraft/data/worldgen/TrialChambersStructurePools;
[04:23:48] [main/DEBUG]: Skipping Lnet/minecraft/data/worldgen/TrailRuinsStructurePools;
[04:23:48] [main/DEBUG]: Skipping Lnet/minecraft/data/worldgen/TerrainProvider;
[04:23:48] [main/DEBUG]: Skipping Lnet/minecraft/data/worldgen/TaigaVillagePools;
[04:23:48] [main/DEBUG]: Skipping Lnet/minecraft/data/worldgen/SurfaceRuleData;
[04:23:48] [main/DEBUG]: Skipping Lnet/minecraft/data/worldgen/Structures;
[04:23:48] [main/DEBUG]: Skipping Lnet/minecraft/data/worldgen/StructureSets;
[04:23:48] [main/DEBUG]: Skipping Lnet/minecraft/data/worldgen/SnowyVillagePools;
[04:23:48] [main/DEBUG]: Skipping Lnet/minecraft/data/worldgen/SavannaVillagePools;
[04:23:48] [main/DEBUG]: Skipping Lnet/minecraft/data/worldgen/ProcessorLists;
[04:23:48] [main/DEBUG]: Skipping Lnet/minecraft/data/worldgen/Pools;
[04:23:48] [main/DEBUG]: Skipping Lnet/minecraft/data/worldgen/PlainVillagePools;
[04:23:48] [main/DEBUG]: Skipping Lnet/minecraft/data/worldgen/PillagerOutpostPools;
[04:23:48] [main/DEBUG]: Skipping Lnet/minecraft/data/worldgen/NoiseData;
[04:23:48] [main/DEBUG]: Skipping Lnet/minecraft/data/worldgen/DimensionTypes;
[04:23:48] [main/DEBUG]: Skipping Lnet/minecraft/data/worldgen/DesertVillagePools;
[04:23:48] [main/DEBUG]: Skipping Lnet/minecraft/data/worldgen/Carvers;
[04:23:48] [main/DEBUG]: Skipping Lnet/minecraft/data/worldgen/BiomeDefaultFeatures;
[04:23:48] [main/DEBUG]: Skipping Lnet/minecraft/data/worldgen/BastionTreasureRoomPools;
[04:23:48] [main/DEBUG]: Skipping Lnet/minecraft/data/worldgen/BastionSharedPools;
[04:23:48] [main/DEBUG]: Skipping Lnet/minecraft/data/worldgen/BastionPieces;
[04:23:48] [main/DEBUG]: Skipping Lnet/minecraft/data/worldgen/BastionHousingUnitsPools;
[04:23:48] [main/DEBUG]: Skipping Lnet/minecraft/data/worldgen/BastionHoglinStablePools;
[04:23:48] [main/DEBUG]: Skipping Lnet/minecraft/data/worldgen/BastionBridgePools;
[04:23:48] [main/DEBUG]: Skipping Lnet/minecraft/data/worldgen/AncientCityStructurePools;
[04:23:48] [main/DEBUG]: Skipping Lnet/minecraft/data/worldgen/AncientCityStructurePieces;
[04:23:48] [main/DEBUG]: Skipping Lnet/minecraft/data/worldgen/BootstapContext;
[04:23:48] [main/DEBUG]: Skipping Lnet/minecraft/data/tags/package-info;
[04:23:48] [main/DEBUG]: Skipping Lnet/minecraft/data/tags/VanillaItemTagsProvider;
[04:23:48] [main/DEBUG]: Skipping Lnet/minecraft/data/tags/VanillaBlockTagsProvider;
[04:23:48] [main/DEBUG]: Skipping Lnet/minecraft/data/tags/UpdateOneTwentyOneItemTagsProvider;
[04:23:48] [main/DEBUG]: Skipping Lnet/minecraft/data/tags/UpdateOneTwentyOneEntityTypeTagsProvider;
[04:23:48] [main/DEBUG]: Skipping Lnet/minecraft/data/tags/UpdateOneTwentyOneDamageTypeTagsProvider;
[04:23:48] [main/DEBUG]: Skipping Lnet/minecraft/data/tags/UpdateOneTwentyOneBlockTagsProvider;
[04:23:48] [main/DEBUG]: Skipping Lnet/minecraft/data/tags/UpdateOneTwentyOneBiomeTagsProvider;
[04:23:48] [main/DEBUG]: Skipping Lnet/minecraft/data/tags/TradeRebalanceStructureTagsProvider;
[04:23:48] [main/DEBUG]: Skipping Lnet/minecraft/data/tags/WorldPresetTagsProvider;
[04:23:48] [main/DEBUG]: Transforming class Lnet/minecraft/data/tags/TagsProvider;
[04:23:48] [main/DEBUG]: Transforming net/minecraft/data/tags/TagsProvider INNERCLASS TagAppender to access PUBLIC and LEAVE
[04:23:48] [main/DEBUG]: Transforming net/minecraft/data/tags/TagsProvider FIELD f_126543_ to access PROTECTED and LEAVE
[04:23:48] [main/DEBUG]: Transforming net/minecraft/data/tags/TagsProvider METHOD m_6055_()Ljava/lang/String; to access PUBLIC and REMOVEFINAL
[04:23:48] [main/DEBUG]: Skipping Lnet/minecraft/data/tags/TagsProvider$TagLookup;
[04:23:48] [main/DEBUG]: Transforming class Lnet/minecraft/data/tags/TagsProvider$TagAppender;
[04:23:48] [main/DEBUG]: Transforming net/minecraft/data/tags/TagsProvider$TagAppender CLASS to access PUBLIC and LEAVE
[04:23:48] [main/DEBUG]: Skipping Lnet/minecraft/data/tags/TagsProvider$1CombinedData;
[04:23:48] [main/DEBUG]: Skipping Lnet/minecraft/data/tags/StructureTagsProvider;
[04:23:48] [main/DEBUG]: Skipping Lnet/minecraft/data/tags/PoiTypeTagsProvider;
[04:23:48] [main/DEBUG]: Skipping Lnet/minecraft/data/tags/PaintingVariantTagsProvider;
[04:23:48] [main/DEBUG]: Skipping Lnet/minecraft/data/tags/ItemTagsProvider;
[04:23:48] [main/DEBUG]: Transforming class Lnet/minecraft/data/tags/IntrinsicHolderTagsProvider;
[04:23:48] [main/DEBUG]: Transforming net/minecraft/data/tags/IntrinsicHolderTagsProvider INNERCLASS IntrinsicTagAppender to access PUBLIC and LEAVE
[04:23:48] [main/DEBUG]: Transforming class Lnet/minecraft/data/tags/IntrinsicHolderTagsProvider$IntrinsicTagAppender;
[04:23:48] [main/DEBUG]: Transforming net/minecraft/data/tags/IntrinsicHolderTagsProvider$IntrinsicTagAppender CLASS to access PUBLIC and LEAVE
[04:23:48] [main/DEBUG]: Skipping Lnet/minecraft/data/tags/InstrumentTagsProvider;
[04:23:48] [main/DEBUG]: Skipping Lnet/minecraft/data/tags/GameEventTagsProvider;
[04:23:48] [main/DEBUG]: Skipping Lnet/minecraft/data/tags/FluidTagsProvider;
[04:23:48] [main/DEBUG]: Skipping Lnet/minecraft/data/tags/FlatLevelGeneratorPresetTagsProvider;
[04:23:48] [main/DEBUG]: Skipping Lnet/minecraft/data/tags/EntityTypeTagsProvider;
[04:23:48] [main/DEBUG]: Skipping Lnet/minecraft/data/tags/DamageTypeTagsProvider;
[04:23:48] [main/DEBUG]: Skipping Lnet/minecraft/data/tags/CatVariantTagsProvider;
[04:23:48] [main/DEBUG]: Skipping Lnet/minecraft/data/tags/BiomeTagsProvider;
[04:23:48] [main/DEBUG]: Skipping Lnet/minecraft/data/tags/BannerPatternTagsProvider;
[04:23:48] [main/DEBUG]: Skipping Lnet/minecraft/data/structures/package-info;
[04:23:48] [main/DEBUG]: Skipping Lnet/minecraft/data/structures/StructureUpdater;
[04:23:48] [main/DEBUG]: Skipping Lnet/minecraft/data/structures/SnbtToNbt;
[04:23:48] [main/DEBUG]: Skipping Lnet/minecraft/data/structures/SnbtToNbt$TaskResult;
[04:23:48] [main/DEBUG]: Skipping Lnet/minecraft/data/structures/SnbtToNbt$StructureConversionException;
[04:23:48] [main/DEBUG]: Skipping Lnet/minecraft/data/structures/SnbtToNbt$Filter;
[04:23:48] [main/DEBUG]: Skipping Lnet/minecraft/data/structures/SnbtDatafixer;
[04:23:48] [main/DEBUG]: Skipping Lnet/minecraft/data/structures/NbtToSnbt;
[04:23:48] [main/DEBUG]: Skipping Lnet/minecraft/data/registries/package-info;
[04:23:48] [main/DEBUG]: Skipping Lnet/minecraft/data/registries/UpdateOneTwentyOneRegistries;
[04:23:48] [main/DEBUG]: Skipping Lnet/minecraft/data/registries/VanillaRegistries;
[04:23:48] [main/DEBUG]: Skipping Lnet/minecraft/data/registries/RegistryPatchGenerator;
[04:23:48] [main/DEBUG]: Transforming class Lnet/minecraft/data/registries/RegistriesDatapackGenerator;
[04:23:48] [main/DEBUG]: Transforming net/minecraft/data/registries/RegistriesDatapackGenerator METHOD m_6055_()Ljava/lang/String; to access PUBLIC and REMOVEFINAL
[04:23:48] [main/DEBUG]: Skipping Lnet/minecraft/data/recipes/packs/package-info;
[04:23:48] [main/DEBUG]: Transforming class Lnet/minecraft/data/recipes/packs/VanillaRecipeProvider;
[04:23:48] [main/DEBUG]: Transforming net/minecraft/data/recipes/packs/VanillaRecipeProvider FIELD f_243671_ to access PUBLIC and LEAVE
[04:23:48] [main/DEBUG]: Transforming net/minecraft/data/recipes/packs/VanillaRecipeProvider FIELD f_243779_ to access PUBLIC and LEAVE
[04:23:48] [main/DEBUG]: Transforming net/minecraft/data/recipes/packs/VanillaRecipeProvider FIELD f_243908_ to access PUBLIC and LEAVE
[04:23:48] [main/DEBUG]: Transforming net/minecraft/data/recipes/packs/VanillaRecipeProvider FIELD f_244369_ to access PUBLIC and LEAVE
[04:23:48] [main/DEBUG]: Transforming net/minecraft/data/recipes/packs/VanillaRecipeProvider FIELD f_243974_ to access PUBLIC and LEAVE
[04:23:48] [main/DEBUG]: Transforming net/minecraft/data/recipes/packs/VanillaRecipeProvider FIELD f_244628_ to access PUBLIC and LEAVE
[04:23:48] [main/DEBUG]: Transforming net/minecraft/data/recipes/packs/VanillaRecipeProvider FIELD f_244565_ to access PUBLIC and LEAVE
[04:23:48] [main/DEBUG]: Transforming net/minecraft/data/recipes/packs/VanillaRecipeProvider FIELD f_244430_ to access PUBLIC and LEAVE
[04:23:48] [main/DEBUG]: Skipping Lnet/minecraft/data/recipes/packs/VanillaRecipeProvider$TrimTemplate;
[04:23:48] [main/DEBUG]: Skipping Lnet/minecraft/data/recipes/packs/UpdateOneTwentyOneRecipeProvider;
[04:23:48] [main/DEBUG]: Skipping Lnet/minecraft/data/recipes/packs/BundleRecipeProvider;
[04:23:48] [main/DEBUG]: Skipping Lnet/minecraft/data/recipes/package-info;
[04:23:48] [main/DEBUG]: Skipping Lnet/minecraft/data/recipes/SpecialRecipeBuilder;
[04:23:48] [main/DEBUG]: Skipping Lnet/minecraft/data/recipes/SmithingTrimRecipeBuilder;
[04:23:48] [main/DEBUG]: Skipping Lnet/minecraft/data/recipes/SmithingTransformRecipeBuilder;
[04:23:48] [main/DEBUG]: Skipping Lnet/minecraft/data/recipes/SingleItemRecipeBuilder;
[04:23:48] [main/DEBUG]: Skipping Lnet/minecraft/data/recipes/SimpleCookingRecipeBuilder;
[04:23:48] [main/DEBUG]: Skipping Lnet/minecraft/data/recipes/ShapelessRecipeBuilder;
[04:23:48] [main/DEBUG]: Skipping Lnet/minecraft/data/recipes/ShapedRecipeBuilder;
[04:23:48] [main/DEBUG]: Skipping Lnet/minecraft/data/recipes/RecipeCategory;
[04:23:48] [main/DEBUG]: Skipping Lnet/minecraft/data/recipes/RecipeBuilder;
[04:23:48] [main/DEBUG]: Skipping Lnet/minecraft/data/recipes/RecipeBuilder$1;
[04:23:48] [main/DEBUG]: Transforming class Lnet/minecraft/data/recipes/RecipeProvider;
[04:23:48] [main/DEBUG]: Transforming net/minecraft/data/recipes/RecipeProvider FIELD f_236355_ to access PROTECTED and LEAVE
[04:23:48] [main/DEBUG]: Transforming net/minecraft/data/recipes/RecipeProvider FIELD f_236356_ to access PROTECTED and LEAVE
[04:23:48] [main/DEBUG]: Transforming net/minecraft/data/recipes/RecipeProvider METHOD m_176658_(Lnet/minecraft/world/level/ItemLike;Lnet/minecraft/world/item/crafting/Ingredient;)Lnet/minecraft/data/recipes/RecipeBuilder; to access PROTECTED and LEAVE
[04:23:48] [main/DEBUG]: Transforming net/minecraft/data/recipes/RecipeProvider METHOD m_176678_(Lnet/minecraft/world/level/ItemLike;Lnet/minecraft/world/item/crafting/Ingredient;)Lnet/minecraft/data/recipes/RecipeBuilder; to access PROTECTED and LEAVE
[04:23:48] [main/DEBUG]: Transforming net/minecraft/data/recipes/RecipeProvider METHOD m_176684_(Lnet/minecraft/world/level/ItemLike;Lnet/minecraft/world/item/crafting/Ingredient;)Lnet/minecraft/data/recipes/RecipeBuilder; to access PROTECTED and LEAVE
[04:23:48] [main/DEBUG]: Transforming net/minecraft/data/recipes/RecipeProvider METHOD m_247347_(Lnet/minecraft/data/recipes/RecipeCategory;Lnet/minecraft/world/level/ItemLike;Lnet/minecraft/world/item/crafting/Ingredient;)Lnet/minecraft/data/recipes/RecipeBuilder; to access PROTECTED and LEAVE
[04:23:48] [main/DEBUG]: Transforming net/minecraft/data/recipes/RecipeProvider METHOD m_176720_(Lnet/minecraft/world/level/ItemLike;Lnet/minecraft/world/item/crafting/Ingredient;)Lnet/minecraft/data/recipes/RecipeBuilder; to access PROTECTED and LEAVE
[04:23:48] [main/DEBUG]: Transforming net/minecraft/data/recipes/RecipeProvider METHOD m_176726_(Lnet/minecraft/world/level/ItemLike;Lnet/minecraft/world/item/crafting/Ingredient;)Lnet/minecraft/data/recipes/RecipeBuilder; to access PROTECTED and LEAVE
[04:23:48] [main/DEBUG]: Transforming net/minecraft/data/recipes/RecipeProvider METHOD m_245864_(Lnet/minecraft/data/recipes/RecipeCategory;Lnet/minecraft/world/level/ItemLike;Lnet/minecraft/world/item/crafting/Ingredient;)Lnet/minecraft/data/recipes/RecipeBuilder; to access PROTECTED and LEAVE
[04:23:48] [main/DEBUG]: Transforming net/minecraft/data/recipes/RecipeProvider METHOD m_247174_(Lnet/minecraft/data/recipes/RecipeCategory;Lnet/minecraft/world/level/ItemLike;Lnet/minecraft/world/item/crafting/Ingredient;)Lnet/minecraft/data/recipes/RecipeBuilder; to access PROTECTED and LEAVE
[04:23:48] [main/DEBUG]: Transforming net/minecraft/data/recipes/RecipeProvider METHOD m_245792_(Lnet/minecraft/data/recipes/RecipeCategory;Lnet/minecraft/world/level/ItemLike;Lnet/minecraft/world/item/crafting/Ingredient;)Lnet/minecraft/data/recipes/ShapedRecipeBuilder; to access PROTECTED and LEAVE
[04:23:48] [main/DEBUG]: Transforming net/minecraft/data/recipes/RecipeProvider METHOD m_176523_(Lnet/minecraft/data/BlockFamily;Lnet/minecraft/data/BlockFamily$Variant;)Lnet/minecraft/world/level/block/Block; to access PROTECTED and LEAVE
[04:23:48] [main/DEBUG]: Skipping Lnet/minecraft/data/recipes/RecipeProvider$1;
[04:23:48] [main/DEBUG]: Skipping Lnet/minecraft/data/recipes/RecipeOutput;
[04:23:48] [main/DEBUG]: Skipping Lnet/minecraft/data/package-info;
[04:23:48] [main/DEBUG]: Skipping Lnet/minecraft/data/models/package-info;
[04:23:48] [main/DEBUG]: Skipping Lnet/minecraft/data/models/model/package-info;
[04:23:48] [main/DEBUG]: Skipping Lnet/minecraft/data/models/model/TexturedModel;
[04:23:48] [main/DEBUG]: Skipping Lnet/minecraft/data/models/model/TexturedModel$Provider;
[04:23:48] [main/DEBUG]: Skipping Lnet/minecraft/data/models/model/TextureSlot;
[04:23:48] [main/DEBUG]: Skipping Lnet/minecraft/data/models/model/TextureMapping;
[04:23:48] [main/DEBUG]: Skipping Lnet/minecraft/data/models/model/ModelTemplates;
[04:23:48] [main/DEBUG]: Skipping Lnet/minecraft/data/models/model/ModelTemplate;
[04:23:48] [main/DEBUG]: Skipping Lnet/minecraft/data/models/model/ModelTemplate$JsonFactory;
[04:23:48] [main/DEBUG]: Skipping Lnet/minecraft/data/models/model/ModelLocationUtils;
[04:23:48] [main/DEBUG]: Skipping Lnet/minecraft/data/models/model/DelegatedModel;
[04:23:48] [main/DEBUG]: Skipping Lnet/minecraft/data/models/blockstates/package-info;
[04:23:48] [main/DEBUG]: Skipping Lnet/minecraft/data/models/blockstates/VariantProperty;
[04:23:48] [main/DEBUG]: Skipping Lnet/minecraft/data/models/blockstates/VariantProperty$Value;
[04:23:48] [main/DEBUG]: Skipping Lnet/minecraft/data/models/blockstates/VariantProperties;
[04:23:48] [main/DEBUG]: Skipping Lnet/minecraft/data/models/blockstates/VariantProperties$Rotation;
[04:23:48] [main/DEBUG]: Skipping Lnet/minecraft/data/models/blockstates/Variant;
[04:23:48] [main/DEBUG]: Skipping Lnet/minecraft/data/models/blockstates/Selector;
[04:23:48] [main/DEBUG]: Skipping Lnet/minecraft/data/models/blockstates/PropertyDispatch;
[04:23:48] [main/DEBUG]: Skipping Lnet/minecraft/data/models/blockstates/PropertyDispatch$TriFunction;
[04:23:48] [main/DEBUG]: Skipping Lnet/minecraft/data/models/blockstates/PropertyDispatch$QuadFunction;
[04:23:48] [main/DEBUG]: Skipping Lnet/minecraft/data/models/blockstates/PropertyDispatch$PentaFunction;
[04:23:48] [main/DEBUG]: Skipping Lnet/minecraft/data/models/blockstates/PropertyDispatch$C5;
[04:23:48] [main/DEBUG]: Skipping Lnet/minecraft/data/models/blockstates/PropertyDispatch$C4;
[04:23:48] [main/DEBUG]: Skipping Lnet/minecraft/data/models/blockstates/PropertyDispatch$C3;
[04:23:48] [main/DEBUG]: Skipping Lnet/minecraft/data/models/blockstates/PropertyDispatch$C2;
[04:23:48] [main/DEBUG]: Skipping Lnet/minecraft/data/models/blockstates/PropertyDispatch$C1;
[04:23:48] [main/DEBUG]: Skipping Lnet/minecraft/data/models/blockstates/MultiVariantGenerator;
[04:23:48] [main/DEBUG]: Skipping Lnet/minecraft/data/models/blockstates/MultiPartGenerator;
[04:23:48] [main/DEBUG]: Skipping Lnet/minecraft/data/models/blockstates/MultiPartGenerator$Entry;
[04:23:48] [main/DEBUG]: Skipping Lnet/minecraft/data/models/blockstates/MultiPartGenerator$ConditionalEntry;
[04:23:48] [main/DEBUG]: Skipping Lnet/minecraft/data/models/blockstates/Condition;
[04:23:48] [main/DEBUG]: Skipping Lnet/minecraft/data/models/blockstates/Condition$TerminalCondition;
[04:23:48] [main/DEBUG]: Skipping Lnet/minecraft/data/models/blockstates/Condition$Operation;
[04:23:48] [main/DEBUG]: Skipping Lnet/minecraft/data/models/blockstates/Condition$CompositeCondition;
[04:23:48] [main/DEBUG]: Skipping Lnet/minecraft/data/models/blockstates/BlockStateGenerator;
[04:23:48] [main/DEBUG]: Skipping Lnet/minecraft/data/models/ModelProvider;
[04:23:48] [main/DEBUG]: Skipping Lnet/minecraft/data/models/ItemModelGenerators;
[04:23:48] [main/DEBUG]: Skipping Lnet/minecraft/data/models/ItemModelGenerators$TrimModelData;
[04:23:48] [main/DEBUG]: Skipping Lnet/minecraft/data/models/BlockModelGenerators;
[04:23:48] [main/DEBUG]: Skipping Lnet/minecraft/data/models/BlockModelGenerators$WoodProvider;
[04:23:48] [main/DEBUG]: Skipping Lnet/minecraft/data/models/BlockModelGenerators$TintState;
[04:23:48] [main/DEBUG]: Skipping Lnet/minecraft/data/models/BlockModelGenerators$BookSlotModelCacheKey;
[04:23:48] [main/DEBUG]: Skipping Lnet/minecraft/data/models/BlockModelGenerators$BlockStateGeneratorSupplier;
[04:23:48] [main/DEBUG]: Skipping Lnet/minecraft/data/models/BlockModelGenerators$BlockFamilyProvider;
[04:23:48] [main/DEBUG]: Skipping Lnet/minecraft/data/models/BlockModelGenerators$BlockEntityModelGenerator;
[04:23:48] [main/DEBUG]: Skipping Lnet/minecraft/data/models/BlockModelGenerators$1;
[04:23:48] [main/DEBUG]: Skipping Lnet/minecraft/data/metadata/package-info;
[04:23:48] [main/DEBUG]: Skipping Lnet/minecraft/data/metadata/PackMetadataGenerator;
[04:23:48] [main/DEBUG]: Skipping Lnet/minecraft/data/loot/packs/package-info;
[04:23:48] [main/DEBUG]: Skipping Lnet/minecraft/data/loot/packs/VanillaPiglinBarterLoot;
[04:23:48] [main/DEBUG]: Skipping Lnet/minecraft/data/loot/packs/VanillaLootTableProvider;
[04:23:48] [main/DEBUG]: Skipping Lnet/minecraft/data/loot/packs/VanillaGiftLoot;
[04:23:48] [main/DEBUG]: Skipping Lnet/minecraft/data/loot/packs/VanillaFishingLoot;
[04:23:48] [main/DEBUG]: Skipping Lnet/minecraft/data/loot/packs/VanillaEntityLoot;
[04:23:48] [main/DEBUG]: Skipping Lnet/minecraft/data/loot/packs/VanillaChestLoot;
[04:23:48] [main/DEBUG]: Skipping Lnet/minecraft/data/loot/packs/VanillaBlockLoot;
[04:23:48] [main/DEBUG]: Skipping Lnet/minecraft/data/loot/packs/VanillaArchaeologyLoot;
[04:23:48] [main/DEBUG]: Skipping Lnet/minecraft/data/loot/packs/UpdateOneTwentyOneLootTableProvider;
[04:23:48] [main/DEBUG]: Skipping Lnet/minecraft/data/loot/packs/UpdateOneTwentyOneChestLoot;
[04:23:48] [main/DEBUG]: Skipping Lnet/minecraft/data/loot/packs/UpdateOneTwentyOneBlockLoot;
[04:23:48] [main/DEBUG]: Skipping Lnet/minecraft/data/loot/packs/TradeRebalanceLootTableProvider;
[04:23:48] [main/DEBUG]: Skipping Lnet/minecraft/data/loot/packs/TradeRebalanceChestLoot;
[04:23:48] [main/DEBUG]: Skipping Lnet/minecraft/data/loot/package-info;
[04:23:48] [main/DEBUG]: Skipping Lnet/minecraft/data/loot/LootTableSubProvider;
[04:23:48] [main/DEBUG]: Skipping Lnet/minecraft/data/loot/LootTableProvider;
[04:23:48] [main/DEBUG]: Skipping Lnet/minecraft/data/loot/LootTableProvider$SubProviderEntry;
[04:23:48] [main/DEBUG]: Skipping Lnet/minecraft/data/loot/LootTableProvider$1;
[04:23:48] [main/DEBUG]: Transforming class Lnet/minecraft/data/loot/EntityLootSubProvider;
[04:23:48] [main/DEBUG]: Transforming net/minecraft/data/loot/EntityLootSubProvider METHOD m_245552_(Lnet/minecraft/world/entity/EntityType;)Z to access PROTECTED and LEAVE
[04:23:48] [main/DEBUG]: Transforming class Lnet/minecraft/data/loot/BlockLootSubProvider;
[04:23:48] [main/DEBUG]: Transforming net/minecraft/data/loot/BlockLootSubProvider METHOD m_246900_(Lnet/minecraft/world/level/block/Block;Lnet/minecraft/world/level/storage/loot/predicates/LootItemCondition$Builder;Lnet/minecraft/world/level/storage/loot/entries/LootPoolEntryContainer$Builder;)Lnet/minecraft/world/level/storage/loot/LootTable$Builder; to access PROTECTED and LEAVE
[04:23:48] [main/DEBUG]: Transforming net/minecraft/data/loot/BlockLootSubProvider METHOD m_245335_(Lnet/minecraft/world/level/ItemLike;)Lnet/minecraft/world/level/storage/loot/LootTable$Builder; to access PROTECTED and LEAVE
[04:23:48] [main/DEBUG]: Transforming net/minecraft/data/loot/BlockLootSubProvider METHOD m_245602_(Lnet/minecraft/world/level/ItemLike;)Lnet/minecraft/world/level/storage/loot/LootTable$Builder; to access PROTECTED and LEAVE
[04:23:48] [main/DEBUG]: Skipping Lnet/minecraft/data/info/package-info;
[04:23:48] [main/DEBUG]: Skipping Lnet/minecraft/data/info/RegistryDumpReport;
[04:23:48] [main/DEBUG]: Skipping Lnet/minecraft/data/info/CommandsReport;
[04:23:48] [main/DEBUG]: Skipping Lnet/minecraft/data/info/BlockListReport;
[04:23:48] [main/DEBUG]: Skipping Lnet/minecraft/data/info/BiomeParametersDumpReport;
[04:23:48] [main/DEBUG]: Skipping Lnet/minecraft/data/advancements/packs/package-info;
[04:23:48] [main/DEBUG]: Skipping Lnet/minecraft/data/advancements/packs/VanillaTheEndAdvancements;
[04:23:48] [main/DEBUG]: Skipping Lnet/minecraft/data/advancements/packs/VanillaStoryAdvancements;
[04:23:48] [main/DEBUG]: Skipping Lnet/minecraft/data/advancements/packs/VanillaNetherAdvancements;
[04:23:48] [main/DEBUG]: Skipping Lnet/minecraft/data/advancements/packs/VanillaHusbandryAdvancements;
[04:23:48] [main/DEBUG]: Skipping Lnet/minecraft/data/advancements/packs/VanillaAdventureAdvancements;
[04:23:48] [main/DEBUG]: Skipping Lnet/minecraft/data/advancements/packs/VanillaAdvancementProvider;
[04:23:48] [main/DEBUG]: Skipping Lnet/minecraft/data/advancements/packs/UpdateOneTwentyOneAdventureAdvancements;
[04:23:48] [main/DEBUG]: Skipping Lnet/minecraft/data/advancements/packs/UpdateOneTwentyOneAdvancementProvider;
[04:23:48] [main/DEBUG]: Skipping Lnet/minecraft/data/advancements/package-info;
[04:23:48] [main/DEBUG]: Skipping Lnet/minecraft/data/advancements/AdvancementSubProvider;
[04:23:48] [main/DEBUG]: Skipping Lnet/minecraft/data/advancements/AdvancementProvider;
[04:23:48] [main/DEBUG]: Skipping Lnet/minecraft/data/PackOutput;
[04:23:48] [main/DEBUG]: Skipping Lnet/minecraft/data/PackOutput$Target;
[04:23:48] [main/DEBUG]: Skipping Lnet/minecraft/data/PackOutput$PathProvider;
[04:23:48] [main/DEBUG]: Skipping Lnet/minecraft/data/DataProvider;
[04:23:48] [main/DEBUG]: Skipping Lnet/minecraft/data/DataProvider$Factory;
[04:23:48] [main/DEBUG]: Skipping Lnet/minecraft/data/CachedOutput;
[04:23:48] [main/DEBUG]: Skipping Lnet/minecraft/data/BlockFamily;
[04:23:48] [main/DEBUG]: Skipping Lnet/minecraft/data/BlockFamily$Variant;
[04:23:48] [main/DEBUG]: Skipping Lnet/minecraft/data/BlockFamily$Builder;
[04:23:48] [main/DEBUG]: Skipping Lnet/minecraft/data/BlockFamilies;
[04:23:48] [main/DEBUG]: Skipping Lnet/minecraft/data/Main;
[04:23:48] [main/DEBUG]: Skipping Lnet/minecraft/data/HashCache;
[04:23:48] [main/DEBUG]: Skipping Lnet/minecraft/data/HashCache$UpdateResult;
[04:23:48] [main/DEBUG]: Skipping Lnet/minecraft/data/HashCache$UpdateFunction;
[04:23:48] [main/DEBUG]: Skipping Lnet/minecraft/data/HashCache$ProviderCacheBuilder;
[04:23:48] [main/DEBUG]: Skipping Lnet/minecraft/data/HashCache$ProviderCache;
[04:23:48] [main/DEBUG]: Skipping Lnet/minecraft/data/HashCache$CacheUpdater;
[04:23:48] [main/DEBUG]: Skipping Lnet/minecraft/data/DataGenerator;
[04:23:48] [main/DEBUG]: Skipping Lnet/minecraft/data/DataGenerator$PackGenerator;
[04:23:48] [main/DEBUG]: Skipping Lnet/minecraft/core/registries/package-info;
[04:23:48] [main/DEBUG]: Skipping Lnet/minecraft/core/registries/Registries;
[04:23:48] [main/DEBUG]: Skipping Lnet/minecraft/core/registries/BuiltInRegistries;
[04:23:48] [main/DEBUG]: Skipping Lnet/minecraft/core/registries/BuiltInRegistries$RegistryBootstrap;
[04:23:48] [main/DEBUG]: Skipping Lnet/minecraft/core/particles/package-info;
[04:23:48] [main/DEBUG]: Skipping Lnet/minecraft/core/particles/VibrationParticleOption;
[04:23:48] [main/DEBUG]: Skipping Lnet/minecraft/core/particles/VibrationParticleOption$1;
[04:23:48] [main/DEBUG]: Transforming class Lnet/minecraft/core/particles/SimpleParticleType;
[04:23:48] [main/DEBUG]: Transforming net/minecraft/core/particles/SimpleParticleType METHOD <init>(Z)V to access PUBLIC and LEAVE
[04:23:48] [main/DEBUG]: Skipping Lnet/minecraft/core/particles/SimpleParticleType$1;
[04:23:48] [main/DEBUG]: Skipping Lnet/minecraft/core/particles/ShriekParticleOption;
[04:23:48] [main/DEBUG]: Skipping Lnet/minecraft/core/particles/ShriekParticleOption$1;
[04:23:48] [main/DEBUG]: Skipping Lnet/minecraft/core/particles/SculkChargeParticleOptions;
[04:23:48] [main/DEBUG]: Skipping Lnet/minecraft/core/particles/SculkChargeParticleOptions$1;
[04:23:48] [main/DEBUG]: Skipping Lnet/minecraft/core/particles/ParticleTypes;
[04:23:48] [main/DEBUG]: Skipping Lnet/minecraft/core/particles/ParticleTypes$1;
[04:23:48] [main/DEBUG]: Transforming class Lnet/minecraft/core/particles/ParticleType;
[04:23:48] [main/DEBUG]: Transforming net/minecraft/core/particles/ParticleType METHOD <init>(ZLnet/minecraft/core/particles/ParticleOptions$Deserializer;)V to access PUBLIC and LEAVE
[04:23:48] [main/DEBUG]: Skipping Lnet/minecraft/core/particles/ParticleOptions;
[04:23:48] [main/DEBUG]: Skipping Lnet/minecraft/core/particles/ParticleOptions$Deserializer;
[04:23:48] [main/DEBUG]: Skipping Lnet/minecraft/core/particles/ParticleGroup;
[04:23:48] [main/DEBUG]: Skipping Lnet/minecraft/core/particles/DustParticleOptionsBase;
[04:23:48] [main/DEBUG]: Skipping Lnet/minecraft/core/particles/DustParticleOptions;
[04:23:48] [main/DEBUG]: Skipping Lnet/minecraft/core/particles/DustParticleOptions$1;
[04:23:48] [main/DEBUG]: Skipping Lnet/minecraft/core/particles/DustColorTransitionOptions;
[04:23:48] [main/DEBUG]: Skipping Lnet/minecraft/core/particles/DustColorTransitionOptions$1;
[04:23:48] [main/DEBUG]: Skipping Lnet/minecraft/core/particles/ItemParticleOption;
[04:23:48] [main/DEBUG]: Skipping Lnet/minecraft/core/particles/ItemParticleOption$1;
[04:23:48] [main/DEBUG]: Skipping Lnet/minecraft/core/particles/BlockParticleOption;
[04:23:48] [main/DEBUG]: Skipping Lnet/minecraft/core/particles/BlockParticleOption$1;
[04:23:48] [main/DEBUG]: Skipping Lnet/minecraft/core/package-info;
[04:23:48] [main/DEBUG]: Skipping Lnet/minecraft/core/dispenser/package-info;
[04:23:48] [main/DEBUG]: Skipping Lnet/minecraft/core/dispenser/ShulkerBoxDispenseBehavior;
[04:23:48] [main/DEBUG]: Skipping Lnet/minecraft/core/dispenser/ShearsDispenseItemBehavior;
[04:23:48] [main/DEBUG]: Skipping Lnet/minecraft/core/dispenser/OptionalDispenseItemBehavior;
[04:23:48] [main/DEBUG]: Skipping Lnet/minecraft/core/dispenser/DefaultDispenseItemBehavior;
[04:23:48] [main/DEBUG]: Skipping Lnet/minecraft/core/dispenser/BlockSource;
[04:23:48] [main/DEBUG]: Skipping Lnet/minecraft/core/dispenser/AbstractProjectileDispenseBehavior;
[04:23:48] [main/DEBUG]: Skipping Lnet/minecraft/core/dispenser/DispenseItemBehavior;
[04:23:48] [main/DEBUG]: Skipping Lnet/minecraft/core/dispenser/DispenseItemBehavior$9;
[04:23:48] [main/DEBUG]: Skipping Lnet/minecraft/core/dispenser/DispenseItemBehavior$8;
[04:23:48] [main/DEBUG]: Skipping Lnet/minecraft/core/dispenser/DispenseItemBehavior$8$1;
[04:23:48] [main/DEBUG]: Skipping Lnet/minecraft/core/dispenser/DispenseItemBehavior$7;
[04:23:48] [main/DEBUG]: Skipping Lnet/minecraft/core/dispenser/DispenseItemBehavior$7$1;
[04:23:48] [main/DEBUG]: Skipping Lnet/minecraft/core/dispenser/DispenseItemBehavior$6;
[04:23:48] [main/DEBUG]: Skipping Lnet/minecraft/core/dispenser/DispenseItemBehavior$5;
[04:23:48] [main/DEBUG]: Skipping Lnet/minecraft/core/dispenser/DispenseItemBehavior$4;
[04:23:48] [main/DEBUG]: Skipping Lnet/minecraft/core/dispenser/DispenseItemBehavior$3;
[04:23:48] [main/DEBUG]: Skipping Lnet/minecraft/core/dispenser/DispenseItemBehavior$27;
[04:23:48] [main/DEBUG]: Skipping Lnet/minecraft/core/dispenser/DispenseItemBehavior$26;
[04:23:48] [main/DEBUG]: Skipping Lnet/minecraft/core/dispenser/DispenseItemBehavior$25;
[04:23:48] [main/DEBUG]: Skipping Lnet/minecraft/core/dispenser/DispenseItemBehavior$24;
[04:23:48] [main/DEBUG]: Skipping Lnet/minecraft/core/dispenser/DispenseItemBehavior$23;
[04:23:48] [main/DEBUG]: Skipping Lnet/minecraft/core/dispenser/DispenseItemBehavior$22;
[04:23:48] [main/DEBUG]: Skipping Lnet/minecraft/core/dispenser/DispenseItemBehavior$21;
[04:23:48] [main/DEBUG]: Skipping Lnet/minecraft/core/dispenser/DispenseItemBehavior$20;
[04:23:48] [main/DEBUG]: Skipping Lnet/minecraft/core/dispenser/DispenseItemBehavior$2;
[04:23:48] [main/DEBUG]: Skipping Lnet/minecraft/core/dispenser/DispenseItemBehavior$19;
[04:23:48] [main/DEBUG]: Skipping Lnet/minecraft/core/dispenser/DispenseItemBehavior$18;
[04:23:48] [main/DEBUG]: Skipping Lnet/minecraft/core/dispenser/DispenseItemBehavior$17;
[04:23:48] [main/DEBUG]: Skipping Lnet/minecraft/core/dispenser/DispenseItemBehavior$16;
[04:23:48] [main/DEBUG]: Skipping Lnet/minecraft/core/dispenser/DispenseItemBehavior$15;
[04:23:48] [main/DEBUG]: Skipping Lnet/minecraft/core/dispenser/DispenseItemBehavior$14;
[04:23:48] [main/DEBUG]: Skipping Lnet/minecraft/core/dispenser/DispenseItemBehavior$13;
[04:23:48] [main/DEBUG]: Skipping Lnet/minecraft/core/dispenser/DispenseItemBehavior$12;
[04:23:48] [main/DEBUG]: Skipping Lnet/minecraft/core/dispenser/DispenseItemBehavior$11;
[04:23:48] [main/DEBUG]: Skipping Lnet/minecraft/core/dispenser/DispenseItemBehavior$10;
[04:23:48] [main/DEBUG]: Skipping Lnet/minecraft/core/dispenser/DispenseItemBehavior$1;
[04:23:48] [main/DEBUG]: Skipping Lnet/minecraft/core/dispenser/BoatDispenseItemBehavior;
[04:23:48] [main/DEBUG]: Skipping Lnet/minecraft/core/cauldron/package-info;
[04:23:48] [main/DEBUG]: Skipping Lnet/minecraft/core/cauldron/CauldronInteraction;
[04:23:48] [main/DEBUG]: Skipping Lnet/minecraft/core/cauldron/CauldronInteraction$InteractionMap;
[04:23:48] [main/DEBUG]: Skipping Lnet/minecraft/core/WritableRegistry;
[04:23:48] [main/DEBUG]: Skipping Lnet/minecraft/core/Vec3i;
[04:23:48] [main/DEBUG]: Skipping Lnet/minecraft/core/UUIDUtil;
[04:23:48] [main/DEBUG]: Skipping Lnet/minecraft/core/SectionPos;
[04:23:48] [main/DEBUG]: Skipping Lnet/minecraft/core/SectionPos$1;
[04:23:48] [main/DEBUG]: Skipping Lnet/minecraft/core/Rotations;
[04:23:48] [main/DEBUG]: Skipping Lnet/minecraft/core/RegistryAccess;
[04:23:48] [main/DEBUG]: Skipping Lnet/minecraft/core/RegistryAccess$RegistryEntry;
[04:23:48] [main/DEBUG]: Skipping Lnet/minecraft/core/RegistryAccess$ImmutableRegistryAccess;
[04:23:48] [main/DEBUG]: Skipping Lnet/minecraft/core/RegistryAccess$Frozen;
[04:23:48] [main/DEBUG]: Skipping Lnet/minecraft/core/RegistryAccess$1FrozenAccess;
[04:23:48] [main/DEBUG]: Skipping Lnet/minecraft/core/RegistryAccess$1;
[04:23:48] [main/DEBUG]: Skipping Lnet/minecraft/core/Registry;
[04:23:48] [main/DEBUG]: Skipping Lnet/minecraft/core/Registry$2;
[04:23:48] [main/DEBUG]: Skipping Lnet/minecraft/core/Registry$1;
[04:23:48] [main/DEBUG]: Skipping Lnet/minecraft/core/QuartPos;
[04:23:48] [main/DEBUG]: Skipping Lnet/minecraft/core/Position;
[04:23:48] [main/DEBUG]: Skipping Lnet/minecraft/core/NonNullList;
[04:23:48] [main/DEBUG]: Skipping Lnet/minecraft/core/LayeredRegistryAccess;
[04:23:48] [main/DEBUG]: Transforming class Lnet/minecraft/core/IdMapper;
[04:23:48] [main/DEBUG]: Transforming net/minecraft/core/IdMapper FIELD f_122653_ to access PROTECTED and LEAVE
[04:23:48] [main/DEBUG]: Transforming net/minecraft/core/IdMapper FIELD f_122654_ to access PROTECTED and LEAVE
[04:23:48] [main/DEBUG]: Transforming net/minecraft/core/IdMapper FIELD f_122655_ to access PROTECTED and LEAVE
[04:23:48] [main/DEBUG]: Skipping Lnet/minecraft/core/IdMap;
[04:23:48] [main/DEBUG]: Skipping Lnet/minecraft/core/HolderOwner;
[04:23:48] [main/DEBUG]: Skipping Lnet/minecraft/core/HolderLookup;
[04:23:48] [main/DEBUG]: Skipping Lnet/minecraft/core/HolderLookup$RegistryLookup;
[04:23:48] [main/DEBUG]: Skipping Lnet/minecraft/core/HolderLookup$RegistryLookup$Delegate;
[04:23:48] [main/DEBUG]: Skipping Lnet/minecraft/core/HolderLookup$Provider;
[04:23:48] [main/DEBUG]: Skipping Lnet/minecraft/core/HolderLookup$Provider$2;
[04:23:48] [main/DEBUG]: Skipping Lnet/minecraft/core/HolderLookup$Provider$1;
[04:23:48] [main/DEBUG]: Skipping Lnet/minecraft/core/HolderLookup$Delegate;
[04:23:48] [main/DEBUG]: Skipping Lnet/minecraft/core/HolderLookup$1;
[04:23:48] [main/DEBUG]: Skipping Lnet/minecraft/core/HolderGetter;
[04:23:48] [main/DEBUG]: Skipping Lnet/minecraft/core/HolderGetter$Provider;
[04:23:48] [main/DEBUG]: Skipping Lnet/minecraft/core/GlobalPos;
[04:23:48] [main/DEBUG]: Skipping Lnet/minecraft/core/FrontAndTop;
[04:23:48] [main/DEBUG]: Skipping Lnet/minecraft/core/Direction8;
[04:23:48] [main/DEBUG]: Skipping Lnet/minecraft/core/Direction;
[04:23:48] [main/DEBUG]: Skipping Lnet/minecraft/core/Direction$Plane;
[04:23:48] [main/DEBUG]: Skipping Lnet/minecraft/core/Direction$AxisDirection;
[04:23:48] [main/DEBUG]: Skipping Lnet/minecraft/core/Direction$Axis;
[04:23:48] [main/DEBUG]: Skipping Lnet/minecraft/core/Direction$Axis$3;
[04:23:48] [main/DEBUG]: Skipping Lnet/minecraft/core/Direction$Axis$2;
[04:23:48] [main/DEBUG]: Skipping Lnet/minecraft/core/Direction$Axis$1;
[04:23:48] [main/DEBUG]: Skipping Lnet/minecraft/core/Direction$1;
[04:23:48] [main/DEBUG]: Skipping Lnet/minecraft/core/DefaultedRegistry;
[04:23:48] [main/DEBUG]: Skipping Lnet/minecraft/core/DefaultedMappedRegistry;
[04:23:48] [main/DEBUG]: Skipping Lnet/minecraft/core/Cursor3D;
[04:23:48] [main/DEBUG]: Skipping Lnet/minecraft/core/Cloner;
[04:23:48] [main/DEBUG]: Skipping Lnet/minecraft/core/Cloner$Factory;
[04:23:48] [main/DEBUG]: Skipping Lnet/minecraft/core/BlockPos;
[04:23:48] [main/DEBUG]: Skipping Lnet/minecraft/core/BlockPos$MutableBlockPos;
[04:23:48] [main/DEBUG]: Skipping Lnet/minecraft/core/BlockPos$5;
[04:23:48] [main/DEBUG]: Skipping Lnet/minecraft/core/BlockPos$4;
[04:23:48] [main/DEBUG]: Skipping Lnet/minecraft/core/BlockPos$3;
[04:23:48] [main/DEBUG]: Skipping Lnet/minecraft/core/BlockPos$2;
[04:23:48] [main/DEBUG]: Skipping Lnet/minecraft/core/BlockPos$1;
[04:23:48] [main/DEBUG]: Skipping Lnet/minecraft/core/BlockMath;
[04:23:48] [main/DEBUG]: Skipping Lnet/minecraft/core/AxisCycle;
[04:23:48] [main/DEBUG]: Skipping Lnet/minecraft/core/AxisCycle$3;
[04:23:48] [main/DEBUG]: Skipping Lnet/minecraft/core/AxisCycle$2;
[04:23:48] [main/DEBUG]: Skipping Lnet/minecraft/core/AxisCycle$1;
[04:23:48] [main/DEBUG]: Transforming class Lnet/minecraft/core/RegistrySynchronization;
[04:23:48] [main/DEBUG]: Transforming net/minecraft/core/RegistrySynchronization INNERCLASS NetworkedRegistryData to access PUBLIC and LEAVE
[04:23:48] [main/DEBUG]: Transforming class Lnet/minecraft/core/RegistrySynchronization$NetworkedRegistryData;
[04:23:48] [main/DEBUG]: Transforming net/minecraft/core/RegistrySynchronization$NetworkedRegistryData CLASS to access PUBLIC and LEAVE
[04:23:48] [main/DEBUG]: Skipping Lnet/minecraft/core/RegistrySetBuilder;
[04:23:48] [main/DEBUG]: Skipping Lnet/minecraft/core/RegistrySetBuilder$ValueAndHolder;
[04:23:48] [main/DEBUG]: Skipping Lnet/minecraft/core/RegistrySetBuilder$UniversalLookup;
[04:23:48] [main/DEBUG]: Skipping Lnet/minecraft/core/RegistrySetBuilder$RegistryStub;
[04:23:48] [main/DEBUG]: Skipping Lnet/minecraft/core/RegistrySetBuilder$RegistryContents;
[04:23:48] [main/DEBUG]: Skipping Lnet/minecraft/core/RegistrySetBuilder$RegistryBootstrap;
[04:23:48] [main/DEBUG]: Skipping Lnet/minecraft/core/RegistrySetBuilder$RegisteredValue;
[04:23:48] [main/DEBUG]: Skipping Lnet/minecraft/core/RegistrySetBuilder$PatchedRegistries;
[04:23:48] [main/DEBUG]: Transforming class Lnet/minecraft/core/RegistrySetBuilder$LazyHolder;
[04:23:48] [main/DEBUG]: Transforming net/minecraft/core/RegistrySetBuilder$LazyHolder METHOD m_247654_(Ljava/lang/Object;)V to access PUBLIC and LEAVE
[04:23:48] [main/DEBUG]: Skipping Lnet/minecraft/core/RegistrySetBuilder$EmptyTagLookup;
[04:23:48] [main/DEBUG]: Skipping Lnet/minecraft/core/RegistrySetBuilder$CompositeOwner;
[04:23:48] [main/DEBUG]: Skipping Lnet/minecraft/core/RegistrySetBuilder$BuildState;
[04:23:48] [main/DEBUG]: Skipping Lnet/minecraft/core/RegistrySetBuilder$BuildState$1;
[04:23:48] [main/DEBUG]: Skipping Lnet/minecraft/core/RegistrySetBuilder$2;
[04:23:48] [main/DEBUG]: Skipping Lnet/minecraft/core/RegistrySetBuilder$1;
[04:23:48] [main/DEBUG]: Skipping Lnet/minecraft/core/RegistryCodecs;
[04:23:48] [main/DEBUG]: Skipping Lnet/minecraft/core/RegistryCodecs$RegistryEntry;
[04:23:48] [main/DEBUG]: Transforming class Lnet/minecraft/core/MappedRegistry;
[04:23:48] [main/DEBUG]: Transforming net/minecraft/core/MappedRegistry FIELD f_244282_ to access PROTECTED and LEAVE
[04:23:48] [main/DEBUG]: Skipping Lnet/minecraft/core/MappedRegistry$2;
[04:23:48] [main/DEBUG]: Skipping Lnet/minecraft/core/MappedRegistry$1;
[04:23:48] [main/DEBUG]: Skipping Lnet/minecraft/core/HolderSet;
[04:23:48] [main/DEBUG]: Transforming class Lnet/minecraft/core/HolderSet$Named;
[04:23:48] [main/DEBUG]: Transforming net/minecraft/core/HolderSet$Named METHOD m_205835_(Ljava/util/List;)V to access PUBLIC and LEAVE
[04:23:48] [main/DEBUG]: Skipping Lnet/minecraft/core/HolderSet$ListBacked;
[04:23:48] [main/DEBUG]: Skipping Lnet/minecraft/core/HolderSet$Direct;
[04:23:48] [main/DEBUG]: Skipping Lnet/minecraft/core/Holder;
[04:23:48] [main/DEBUG]: Transforming class Lnet/minecraft/core/Holder$Reference;
[04:23:48] [main/DEBUG]: Transforming net/minecraft/core/Holder$Reference INNERCLASS Type to access PUBLIC and LEAVE
[04:23:48] [main/DEBUG]: Transforming net/minecraft/core/Holder$Reference METHOD m_246870_(Lnet/minecraft/resources/ResourceKey;)V to access PUBLIC and LEAVE
[04:23:48] [main/DEBUG]: Transforming net/minecraft/core/Holder$Reference METHOD m_247654_(Ljava/lang/Object;)V to access PUBLIC and LEAVE
[04:23:48] [main/DEBUG]: Transforming net/minecraft/core/Holder$Reference METHOD m_205769_(Ljava/util/Collection;)V to access PUBLIC and LEAVE
[04:23:48] [main/DEBUG]: Transforming class Lnet/minecraft/core/Holder$Reference$Type;
[04:23:48] [main/DEBUG]: Transforming net/minecraft/core/Holder$Reference$Type CLASS to access PUBLIC and LEAVE
[04:23:48] [main/DEBUG]: Skipping Lnet/minecraft/core/Holder$Kind;
[04:23:48] [main/DEBUG]: Skipping Lnet/minecraft/core/Holder$Direct;
[04:23:48] [main/DEBUG]: Skipping Lnet/minecraft/commands/synchronization/package-info;
[04:23:48] [main/DEBUG]: Skipping Lnet/minecraft/commands/synchronization/brigadier/package-info;
[04:23:48] [main/DEBUG]: Skipping Lnet/minecraft/commands/synchronization/brigadier/StringArgumentSerializer;
[04:23:48] [main/DEBUG]: Skipping Lnet/minecraft/commands/synchronization/brigadier/StringArgumentSerializer$Template;
[04:23:48] [main/DEBUG]: Skipping Lnet/minecraft/commands/synchronization/brigadier/StringArgumentSerializer$1;
[04:23:48] [main/DEBUG]: Skipping Lnet/minecraft/commands/synchronization/brigadier/LongArgumentInfo;
[04:23:48] [main/DEBUG]: Skipping Lnet/minecraft/commands/synchronization/brigadier/LongArgumentInfo$Template;
[04:23:48] [main/DEBUG]: Skipping Lnet/minecraft/commands/synchronization/brigadier/IntegerArgumentInfo;
[04:23:48] [main/DEBUG]: Skipping Lnet/minecraft/commands/synchronization/brigadier/IntegerArgumentInfo$Template;
[04:23:48] [main/DEBUG]: Skipping Lnet/minecraft/commands/synchronization/brigadier/FloatArgumentInfo;
[04:23:48] [main/DEBUG]: Skipping Lnet/minecraft/commands/synchronization/brigadier/FloatArgumentInfo$Template;
[04:23:48] [main/DEBUG]: Skipping Lnet/minecraft/commands/synchronization/brigadier/DoubleArgumentInfo;
[04:23:48] [main/DEBUG]: Skipping Lnet/minecraft/commands/synchronization/brigadier/DoubleArgumentInfo$Template;
[04:23:48] [main/DEBUG]: Skipping Lnet/minecraft/commands/synchronization/SuggestionProviders;
[04:23:48] [main/DEBUG]: Skipping Lnet/minecraft/commands/synchronization/SuggestionProviders$Wrapper;
[04:23:48] [main/DEBUG]: Skipping Lnet/minecraft/commands/synchronization/SingletonArgumentInfo;
[04:23:48] [main/DEBUG]: Skipping Lnet/minecraft/commands/synchronization/SingletonArgumentInfo$Template;
[04:23:48] [main/DEBUG]: Skipping Lnet/minecraft/commands/synchronization/ArgumentUtils;
[04:23:48] [main/DEBUG]: Skipping Lnet/minecraft/commands/synchronization/ArgumentTypeInfo;
[04:23:48] [main/DEBUG]: Skipping Lnet/minecraft/commands/synchronization/ArgumentTypeInfo$Template;
[04:23:48] [main/DEBUG]: Skipping Lnet/minecraft/commands/synchronization/ArgumentTypeInfos;
[04:23:48] [main/DEBUG]: Skipping Lnet/minecraft/commands/package-info;
[04:23:48] [main/DEBUG]: Skipping Lnet/minecraft/commands/functions/package-info;
[04:23:48] [main/DEBUG]: Skipping Lnet/minecraft/commands/functions/StringTemplate;
[04:23:48] [main/DEBUG]: Skipping Lnet/minecraft/commands/functions/PlainTextFunction;
[04:23:48] [main/DEBUG]: Skipping Lnet/minecraft/commands/functions/MacroFunction;
[04:23:48] [main/DEBUG]: Skipping Lnet/minecraft/commands/functions/MacroFunction$PlainTextEntry;
[04:23:48] [main/DEBUG]: Skipping Lnet/minecraft/commands/functions/MacroFunction$MacroEntry;
[04:23:48] [main/DEBUG]: Skipping Lnet/minecraft/commands/functions/MacroFunction$Entry;
[04:23:48] [main/DEBUG]: Skipping Lnet/minecraft/commands/functions/InstantiatedFunction;
[04:23:48] [main/DEBUG]: Skipping Lnet/minecraft/commands/functions/FunctionBuilder;
[04:23:48] [main/DEBUG]: Skipping Lnet/minecraft/commands/functions/CommandFunction;
[04:23:48] [main/DEBUG]: Skipping Lnet/minecraft/commands/execution/tasks/package-info;
[04:23:48] [main/DEBUG]: Skipping Lnet/minecraft/commands/execution/tasks/IsolatedCall;
[04:23:48] [main/DEBUG]: Skipping Lnet/minecraft/commands/execution/tasks/FallthroughTask;
[04:23:48] [main/DEBUG]: Skipping Lnet/minecraft/commands/execution/tasks/ExecuteCommand;
[04:23:48] [main/DEBUG]: Skipping Lnet/minecraft/commands/execution/tasks/ContinuationTask;
[04:23:48] [main/DEBUG]: Skipping Lnet/minecraft/commands/execution/tasks/ContinuationTask$TaskProvider;
[04:23:48] [main/DEBUG]: Skipping Lnet/minecraft/commands/execution/tasks/CallFunction;
[04:23:48] [main/DEBUG]: Skipping Lnet/minecraft/commands/execution/tasks/BuildContexts;
[04:23:48] [main/DEBUG]: Skipping Lnet/minecraft/commands/execution/tasks/BuildContexts$Unbound;
[04:23:48] [main/DEBUG]: Skipping Lnet/minecraft/commands/execution/tasks/BuildContexts$TopLevel;
[04:23:48] [main/DEBUG]: Skipping Lnet/minecraft/commands/execution/tasks/BuildContexts$Continuation;
[04:23:48] [main/DEBUG]: Skipping Lnet/minecraft/commands/execution/package-info;
[04:23:48] [main/DEBUG]: Skipping Lnet/minecraft/commands/execution/UnboundEntryAction;
[04:23:48] [main/DEBUG]: Skipping Lnet/minecraft/commands/execution/TraceCallbacks;
[04:23:48] [main/DEBUG]: Skipping Lnet/minecraft/commands/execution/Frame;
[04:23:48] [main/DEBUG]: Skipping Lnet/minecraft/commands/execution/Frame$FrameControl;
[04:23:48] [main/DEBUG]: Skipping Lnet/minecraft/commands/execution/ExecutionControl;
[04:23:48] [main/DEBUG]: Skipping Lnet/minecraft/commands/execution/ExecutionControl$1;
[04:23:48] [main/DEBUG]: Skipping Lnet/minecraft/commands/execution/ExecutionContext;
[04:23:48] [main/DEBUG]: Skipping Lnet/minecraft/commands/execution/EntryAction;
[04:23:48] [main/DEBUG]: Skipping Lnet/minecraft/commands/execution/CustomModifierExecutor;
[04:23:48] [main/DEBUG]: Skipping Lnet/minecraft/commands/execution/CustomModifierExecutor$ModifierAdapter;
[04:23:48] [main/DEBUG]: Skipping Lnet/minecraft/commands/execution/CustomCommandExecutor;
[04:23:48] [main/DEBUG]: Skipping Lnet/minecraft/commands/execution/CustomCommandExecutor$WithErrorHandling;
[04:23:48] [main/DEBUG]: Skipping Lnet/minecraft/commands/execution/CustomCommandExecutor$CommandAdapter;
[04:23:48] [main/DEBUG]: Skipping Lnet/minecraft/commands/execution/CommandQueueEntry;
[04:23:48] [main/DEBUG]: Skipping Lnet/minecraft/commands/execution/ChainModifiers;
[04:23:48] [main/DEBUG]: Skipping Lnet/minecraft/commands/arguments/selector/package-info;
[04:23:48] [main/DEBUG]: Skipping Lnet/minecraft/commands/arguments/selector/options/package-info;
[04:23:48] [main/DEBUG]: Transforming class Lnet/minecraft/commands/arguments/selector/options/EntitySelectorOptions;
[04:23:48] [main/DEBUG]: Transforming net/minecraft/commands/arguments/selector/options/EntitySelectorOptions METHOD m_121453_(Ljava/lang/String;Lnet/minecraft/commands/arguments/selector/options/EntitySelectorOptions$Modifier;Ljava/util/function/Predicate;Lnet/minecraft/network/chat/Component;)V to access PUBLIC and LEAVE
[04:23:48] [main/DEBUG]: Skipping Lnet/minecraft/commands/arguments/selector/options/EntitySelectorOptions$Option;
[04:23:48] [main/DEBUG]: Skipping Lnet/minecraft/commands/arguments/selector/options/EntitySelectorOptions$Modifier;
[04:23:48] [main/DEBUG]: Transforming class Lnet/minecraft/commands/arguments/selector/EntitySelectorParser;
[04:23:48] [main/DEBUG]: Transforming net/minecraft/commands/arguments/selector/EntitySelectorParser METHOD m_121229_()V to access PUBLIC and LEAVE
[04:23:48] [main/DEBUG]: Transforming net/minecraft/commands/arguments/selector/EntitySelectorParser METHOD m_121317_()V to access PUBLIC and LEAVE
[04:23:48] [main/DEBUG]: Skipping Lnet/minecraft/commands/arguments/selector/EntitySelector;
[04:23:48] [main/DEBUG]: Skipping Lnet/minecraft/commands/arguments/selector/EntitySelector$1;
[04:23:48] [main/DEBUG]: Skipping Lnet/minecraft/commands/arguments/package-info;
[04:23:48] [main/DEBUG]: Skipping Lnet/minecraft/commands/arguments/item/package-info;
[04:23:48] [main/DEBUG]: Skipping Lnet/minecraft/commands/arguments/item/ItemPredicateArgument;
[04:23:48] [main/DEBUG]: Skipping Lnet/minecraft/commands/arguments/item/ItemPredicateArgument$Result;
[04:23:48] [main/DEBUG]: Skipping Lnet/minecraft/commands/arguments/item/ItemParser;
[04:23:48] [main/DEBUG]: Skipping Lnet/minecraft/commands/arguments/item/ItemParser$TagResult;
[04:23:48] [main/DEBUG]: Skipping Lnet/minecraft/commands/arguments/item/ItemParser$ItemResult;
[04:23:48] [main/DEBUG]: Skipping Lnet/minecraft/commands/arguments/item/ItemInput;
[04:23:48] [main/DEBUG]: Skipping Lnet/minecraft/commands/arguments/item/ItemArgument;
[04:23:48] [main/DEBUG]: Skipping Lnet/minecraft/commands/arguments/item/FunctionArgument;
[04:23:48] [main/DEBUG]: Skipping Lnet/minecraft/commands/arguments/item/FunctionArgument$Result;
[04:23:48] [main/DEBUG]: Skipping Lnet/minecraft/commands/arguments/item/FunctionArgument$2;
[04:23:48] [main/DEBUG]: Skipping Lnet/minecraft/commands/arguments/item/FunctionArgument$1;
[04:23:48] [main/DEBUG]: Skipping Lnet/minecraft/commands/arguments/coordinates/package-info;
[04:23:48] [main/DEBUG]: Skipping Lnet/minecraft/commands/arguments/coordinates/WorldCoordinates;
[04:23:48] [main/DEBUG]: Skipping Lnet/minecraft/commands/arguments/coordinates/WorldCoordinate;
[04:23:48] [main/DEBUG]: Skipping Lnet/minecraft/commands/arguments/coordinates/Vec3Argument;
[04:23:48] [main/DEBUG]: Skipping Lnet/minecraft/commands/arguments/coordinates/Vec2Argument;
[04:23:48] [main/DEBUG]: Skipping Lnet/minecraft/commands/arguments/coordinates/SwizzleArgument;
[04:23:48] [main/DEBUG]: Skipping Lnet/minecraft/commands/arguments/coordinates/RotationArgument;
[04:23:48] [main/DEBUG]: Skipping Lnet/minecraft/commands/arguments/coordinates/LocalCoordinates;
[04:23:48] [main/DEBUG]: Skipping Lnet/minecraft/commands/arguments/coordinates/Coordinates;
[04:23:48] [main/DEBUG]: Skipping Lnet/minecraft/commands/arguments/coordinates/ColumnPosArgument;
[04:23:48] [main/DEBUG]: Skipping Lnet/minecraft/commands/arguments/coordinates/BlockPosArgument;
[04:23:48] [main/DEBUG]: Skipping Lnet/minecraft/commands/arguments/blocks/package-info;
[04:23:48] [main/DEBUG]: Skipping Lnet/minecraft/commands/arguments/blocks/BlockStateParser;
[04:23:48] [main/DEBUG]: Skipping Lnet/minecraft/commands/arguments/blocks/BlockStateParser$TagResult;
[04:23:48] [main/DEBUG]: Skipping Lnet/minecraft/commands/arguments/blocks/BlockStateParser$BlockResult;
[04:23:48] [main/DEBUG]: Skipping Lnet/minecraft/commands/arguments/blocks/BlockStateArgument;
[04:23:48] [main/DEBUG]: Skipping Lnet/minecraft/commands/arguments/blocks/BlockPredicateArgument;
[04:23:48] [main/DEBUG]: Skipping Lnet/minecraft/commands/arguments/blocks/BlockPredicateArgument$TagPredicate;
[04:23:48] [main/DEBUG]: Skipping Lnet/minecraft/commands/arguments/blocks/BlockPredicateArgument$Result;
[04:23:48] [main/DEBUG]: Skipping Lnet/minecraft/commands/arguments/blocks/BlockPredicateArgument$BlockPredicate;
[04:23:48] [main/DEBUG]: Skipping Lnet/minecraft/commands/arguments/blocks/BlockInput;
[04:23:48] [main/DEBUG]: Skipping Lnet/minecraft/commands/arguments/UuidArgument;
[04:23:48] [main/DEBUG]: Skipping Lnet/minecraft/commands/arguments/TimeArgument;
[04:23:48] [main/DEBUG]: Skipping Lnet/minecraft/commands/arguments/TimeArgument$Info;
[04:23:48] [main/DEBUG]: Skipping Lnet/minecraft/commands/arguments/TimeArgument$Info$Template;
[04:23:48] [main/DEBUG]: Skipping Lnet/minecraft/commands/arguments/TemplateRotationArgument;
[04:23:48] [main/DEBUG]: Skipping Lnet/minecraft/commands/arguments/TemplateMirrorArgument;
[04:23:48] [main/DEBUG]: Skipping Lnet/minecraft/commands/arguments/StyleArgument;
[04:23:48] [main/DEBUG]: Skipping Lnet/minecraft/commands/arguments/StringRepresentableArgument;
[04:23:48] [main/DEBUG]: Skipping Lnet/minecraft/commands/arguments/SlotArgument;
[04:23:48] [main/DEBUG]: Skipping Lnet/minecraft/commands/arguments/SignedArgument;
[04:23:48] [main/DEBUG]: Skipping Lnet/minecraft/commands/arguments/ScoreboardSlotArgument;
[04:23:48] [main/DEBUG]: Skipping Lnet/minecraft/commands/arguments/ScoreHolderArgument;
[04:23:48] [main/DEBUG]: Skipping Lnet/minecraft/commands/arguments/ScoreHolderArgument$SelectorResult;
[04:23:48] [main/DEBUG]: Skipping Lnet/minecraft/commands/arguments/ScoreHolderArgument$Result;
[04:23:48] [main/DEBUG]: Skipping Lnet/minecraft/commands/arguments/ScoreHolderArgument$Info;
[04:23:48] [main/DEBUG]: Skipping Lnet/minecraft/commands/arguments/ScoreHolderArgument$Info$Template;
[04:23:48] [main/DEBUG]: Skipping Lnet/minecraft/commands/arguments/ResourceOrTagKeyArgument;
[04:23:48] [main/DEBUG]: Skipping Lnet/minecraft/commands/arguments/ResourceOrTagKeyArgument$TagResult;
[04:23:48] [main/DEBUG]: Skipping Lnet/minecraft/commands/arguments/ResourceOrTagKeyArgument$Result;
[04:23:48] [main/DEBUG]: Skipping Lnet/minecraft/commands/arguments/ResourceOrTagKeyArgument$ResourceResult;
[04:23:48] [main/DEBUG]: Skipping Lnet/minecraft/commands/arguments/ResourceOrTagKeyArgument$Info;
[04:23:48] [main/DEBUG]: Skipping Lnet/minecraft/commands/arguments/ResourceOrTagKeyArgument$Info$Template;
[04:23:48] [main/DEBUG]: Skipping Lnet/minecraft/commands/arguments/ResourceOrTagArgument;
[04:23:48] [main/DEBUG]: Skipping Lnet/minecraft/commands/arguments/ResourceOrTagArgument$TagResult;
[04:23:48] [main/DEBUG]: Skipping Lnet/minecraft/commands/arguments/ResourceOrTagArgument$Result;
[04:23:48] [main/DEBUG]: Skipping Lnet/minecraft/commands/arguments/ResourceOrTagArgument$ResourceResult;
[04:23:48] [main/DEBUG]: Skipping Lnet/minecraft/commands/arguments/ResourceOrTagArgument$Info;
[04:23:48] [main/DEBUG]: Skipping Lnet/minecraft/commands/arguments/ResourceOrTagArgument$Info$Template;
[04:23:48] [main/DEBUG]: Skipping Lnet/minecraft/commands/arguments/ResourceKeyArgument;
[04:23:48] [main/DEBUG]: Skipping Lnet/minecraft/commands/arguments/ResourceKeyArgument$Info;
[04:23:48] [main/DEBUG]: Skipping Lnet/minecraft/commands/arguments/ResourceKeyArgument$Info$Template;
[04:23:48] [main/DEBUG]: Skipping Lnet/minecraft/commands/arguments/ResourceArgument;
[04:23:48] [main/DEBUG]: Skipping Lnet/minecraft/commands/arguments/ResourceArgument$Info;
[04:23:48] [main/DEBUG]: Skipping Lnet/minecraft/commands/arguments/ResourceArgument$Info$Template;
[04:23:48] [main/DEBUG]: Skipping Lnet/minecraft/commands/arguments/RangeArgument;
[04:23:48] [main/DEBUG]: Skipping Lnet/minecraft/commands/arguments/RangeArgument$Ints;
[04:23:48] [main/DEBUG]: Skipping Lnet/minecraft/commands/arguments/RangeArgument$Floats;
[04:23:48] [main/DEBUG]: Skipping Lnet/minecraft/commands/arguments/ParticleArgument;
[04:23:48] [main/DEBUG]: Skipping Lnet/minecraft/commands/arguments/OperationArgument;
[04:23:48] [main/DEBUG]: Skipping Lnet/minecraft/commands/arguments/OperationArgument$SimpleOperation;
[04:23:48] [main/DEBUG]: Skipping Lnet/minecraft/commands/arguments/OperationArgument$Operation;
[04:23:48] [main/DEBUG]: Skipping Lnet/minecraft/commands/arguments/ObjectiveCriteriaArgument;
[04:23:48] [main/DEBUG]: Skipping Lnet/minecraft/commands/arguments/NbtTagArgument;
[04:23:48] [main/DEBUG]: Skipping Lnet/minecraft/commands/arguments/NbtPathArgument;
[04:23:48] [main/DEBUG]: Skipping Lnet/minecraft/commands/arguments/NbtPathArgument$Node;
[04:23:48] [main/DEBUG]: Skipping Lnet/minecraft/commands/arguments/NbtPathArgument$NbtPath;
[04:23:48] [main/DEBUG]: Skipping Lnet/minecraft/commands/arguments/NbtPathArgument$MatchRootObjectNode;
[04:23:48] [main/DEBUG]: Skipping Lnet/minecraft/commands/arguments/NbtPathArgument$MatchObjectNode;
[04:23:48] [main/DEBUG]: Skipping Lnet/minecraft/commands/arguments/NbtPathArgument$MatchElementNode;
[04:23:48] [main/DEBUG]: Skipping Lnet/minecraft/commands/arguments/NbtPathArgument$IndexedElementNode;
[04:23:48] [main/DEBUG]: Skipping Lnet/minecraft/commands/arguments/NbtPathArgument$CompoundChildNode;
[04:23:48] [main/DEBUG]: Skipping Lnet/minecraft/commands/arguments/NbtPathArgument$AllElementsNode;
[04:23:48] [main/DEBUG]: Skipping Lnet/minecraft/commands/arguments/HeightmapTypeArgument;
[04:23:48] [main/DEBUG]: Skipping Lnet/minecraft/commands/arguments/GameProfileArgument;
[04:23:48] [main/DEBUG]: Skipping Lnet/minecraft/commands/arguments/GameProfileArgument$SelectorResult;
[04:23:48] [main/DEBUG]: Skipping Lnet/minecraft/commands/arguments/GameProfileArgument$Result;
[04:23:48] [main/DEBUG]: Skipping Lnet/minecraft/commands/arguments/GameModeArgument;
[04:23:48] [main/DEBUG]: Skipping Lnet/minecraft/commands/arguments/EntityAnchorArgument;
[04:23:48] [main/DEBUG]: Skipping Lnet/minecraft/commands/arguments/EntityAnchorArgument$Anchor;
[04:23:48] [main/DEBUG]: Skipping Lnet/minecraft/commands/arguments/DimensionArgument;
[04:23:48] [main/DEBUG]: Skipping Lnet/minecraft/commands/arguments/CompoundTagArgument;
[04:23:48] [main/DEBUG]: Skipping Lnet/minecraft/commands/arguments/ComponentArgument;
[04:23:48] [main/DEBUG]: Skipping Lnet/minecraft/commands/arguments/ColorArgument;
[04:23:48] [main/DEBUG]: Skipping Lnet/minecraft/commands/arguments/ArgumentSignatures;
[04:23:48] [main/DEBUG]: Skipping Lnet/minecraft/commands/arguments/ArgumentSignatures$Signer;
[04:23:48] [main/DEBUG]: Skipping Lnet/minecraft/commands/arguments/ArgumentSignatures$Entry;
[04:23:48] [main/DEBUG]: Skipping Lnet/minecraft/commands/arguments/AngleArgument;
[04:23:48] [main/DEBUG]: Skipping Lnet/minecraft/commands/arguments/AngleArgument$SingleAngle;
[04:23:48] [main/DEBUG]: Skipping Lnet/minecraft/commands/arguments/TeamArgument;
[04:23:48] [main/DEBUG]: Skipping Lnet/minecraft/commands/arguments/ResourceLocationArgument;
[04:23:48] [main/DEBUG]: Skipping Lnet/minecraft/commands/arguments/ObjectiveArgument;
[04:23:48] [main/DEBUG]: Skipping Lnet/minecraft/commands/arguments/MessageArgument;
[04:23:48] [main/DEBUG]: Skipping Lnet/minecraft/commands/arguments/MessageArgument$Part;
[04:23:48] [main/DEBUG]: Skipping Lnet/minecraft/commands/arguments/MessageArgument$Message;
[04:23:48] [main/DEBUG]: Skipping Lnet/minecraft/commands/arguments/EntityArgument;
[04:23:48] [main/DEBUG]: Skipping Lnet/minecraft/commands/arguments/EntityArgument$Info;
[04:23:48] [main/DEBUG]: Skipping Lnet/minecraft/commands/arguments/EntityArgument$Info$Template;
[04:23:48] [main/DEBUG]: Skipping Lnet/minecraft/commands/SharedSuggestionProvider;
[04:23:48] [main/DEBUG]: Skipping Lnet/minecraft/commands/SharedSuggestionProvider$TextCoordinates;
[04:23:48] [main/DEBUG]: Skipping Lnet/minecraft/commands/SharedSuggestionProvider$ElementSuggestionType;
[04:23:48] [main/DEBUG]: Skipping Lnet/minecraft/commands/ParserUtils;
[04:23:48] [main/DEBUG]: Skipping Lnet/minecraft/commands/FunctionInstantiationException;
[04:23:48] [main/DEBUG]: Skipping Lnet/minecraft/commands/ExecutionCommandSource;
[04:23:48] [main/DEBUG]: Skipping Lnet/minecraft/commands/CommandSource;
[04:23:48] [main/DEBUG]: Skipping Lnet/minecraft/commands/CommandSource$1;
[04:23:48] [main/DEBUG]: Skipping Lnet/minecraft/commands/CommandSigningContext;
[04:23:48] [main/DEBUG]: Skipping Lnet/minecraft/commands/CommandSigningContext$SignedArguments;
[04:23:48] [main/DEBUG]: Skipping Lnet/minecraft/commands/CommandSigningContext$1;
[04:23:48] [main/DEBUG]: Skipping Lnet/minecraft/commands/CommandResultCallback;
[04:23:48] [main/DEBUG]: Skipping Lnet/minecraft/commands/CommandResultCallback$1;
[04:23:48] [main/DEBUG]: Skipping Lnet/minecraft/commands/CommandBuildContext;
[04:23:48] [main/DEBUG]: Skipping Lnet/minecraft/commands/CommandBuildContext$MissingTagAccessPolicy;
[04:23:48] [main/DEBUG]: Skipping Lnet/minecraft/commands/CommandBuildContext$Configurable;
[04:23:48] [main/DEBUG]: Skipping Lnet/minecraft/commands/CommandBuildContext$3;
[04:23:48] [main/DEBUG]: Skipping Lnet/minecraft/commands/CommandBuildContext$2;
[04:23:48] [main/DEBUG]: Skipping Lnet/minecraft/commands/CommandBuildContext$2$1;
[04:23:48] [main/DEBUG]: Skipping Lnet/minecraft/commands/CommandBuildContext$1;
[04:23:48] [main/DEBUG]: Skipping Lnet/minecraft/commands/CacheableFunction;
[04:23:48] [main/DEBUG]: Skipping Lnet/minecraft/commands/BrigadierExceptions;
[04:23:48] [main/DEBUG]: Skipping Lnet/minecraft/commands/Commands;
[04:23:48] [main/DEBUG]: Skipping Lnet/minecraft/commands/Commands$ParseFunction;
[04:23:48] [main/DEBUG]: Skipping Lnet/minecraft/commands/Commands$CommandSelection;
[04:23:48] [main/DEBUG]: Skipping Lnet/minecraft/commands/Commands$1;
[04:23:48] [main/DEBUG]: Skipping Lnet/minecraft/commands/Commands$1$1;
[04:23:48] [main/DEBUG]: Transforming class Lnet/minecraft/commands/CommandSourceStack;
[04:23:48] [main/DEBUG]: Transforming net/minecraft/commands/CommandSourceStack FIELD f_81288_ to access PUBLIC and LEAVE
[04:23:48] [main/DEBUG]: Skipping Lnet/minecraft/client/tutorial/package-info;
[04:23:48] [main/DEBUG]: Skipping Lnet/minecraft/client/tutorial/TutorialSteps;
[04:23:48] [main/DEBUG]: Skipping Lnet/minecraft/client/tutorial/TutorialStepInstance;
[04:23:48] [main/DEBUG]: Skipping Lnet/minecraft/client/tutorial/Tutorial;
[04:23:48] [main/DEBUG]: Skipping Lnet/minecraft/client/tutorial/Tutorial$TimedToast;
[04:23:48] [main/DEBUG]: Skipping Lnet/minecraft/client/tutorial/PunchTreeTutorialStepInstance;
[04:23:48] [main/DEBUG]: Skipping Lnet/minecraft/client/tutorial/OpenInventoryTutorialStep;
[04:23:48] [main/DEBUG]: Skipping Lnet/minecraft/client/tutorial/MovementTutorialStepInstance;
[04:23:48] [main/DEBUG]: Skipping Lnet/minecraft/client/tutorial/FindTreeTutorialStepInstance;
[04:23:48] [main/DEBUG]: Skipping Lnet/minecraft/client/tutorial/CraftPlanksTutorialStep;
[04:23:48] [main/DEBUG]: Skipping Lnet/minecraft/client/tutorial/CompletedTutorialStepInstance;
[04:23:48] [main/DEBUG]: Skipping Lnet/minecraft/client/tutorial/BundleTutorial;
[04:23:48] [main/DEBUG]: Skipping Lnet/minecraft/client/telemetry/package-info;
[04:23:48] [main/DEBUG]: Skipping Lnet/minecraft/client/telemetry/events/package-info;
[04:23:48] [main/DEBUG]: Skipping Lnet/minecraft/client/telemetry/events/WorldUnloadEvent;
[04:23:48] [main/DEBUG]: Skipping Lnet/minecraft/client/telemetry/events/WorldLoadTimesEvent;
[04:23:48] [main/DEBUG]: Skipping Lnet/minecraft/client/telemetry/events/WorldLoadEvent;
[04:23:48] [main/DEBUG]: Skipping Lnet/minecraft/client/telemetry/events/WorldLoadEvent$1;
[04:23:48] [main/DEBUG]: Skipping Lnet/minecraft/client/telemetry/events/PerformanceMetricsEvent;
[04:23:48] [main/DEBUG]: Skipping Lnet/minecraft/client/telemetry/events/GameLoadTimesEvent;
[04:23:48] [main/DEBUG]: Skipping Lnet/minecraft/client/telemetry/events/GameLoadTimesEvent$Measurement;
[04:23:48] [main/DEBUG]: Skipping Lnet/minecraft/client/telemetry/events/AggregatedTelemetryEvent;
[04:23:48] [main/DEBUG]: Skipping Lnet/minecraft/client/telemetry/WorldSessionTelemetryManager;
[04:23:48] [main/DEBUG]: Skipping Lnet/minecraft/client/telemetry/TelemetryPropertyMap;
[04:23:48] [main/DEBUG]: Skipping Lnet/minecraft/client/telemetry/TelemetryPropertyMap$Builder;
[04:23:48] [main/DEBUG]: Skipping Lnet/minecraft/client/telemetry/TelemetryPropertyMap$1;
[04:23:48] [main/DEBUG]: Skipping Lnet/minecraft/client/telemetry/TelemetryProperty;
[04:23:48] [main/DEBUG]: Skipping Lnet/minecraft/client/telemetry/TelemetryProperty$ServerType;
[04:23:48] [main/DEBUG]: Skipping Lnet/minecraft/client/telemetry/TelemetryProperty$GameMode;
[04:23:48] [main/DEBUG]: Skipping Lnet/minecraft/client/telemetry/TelemetryProperty$Exporter;
[04:23:48] [main/DEBUG]: Skipping Lnet/minecraft/client/telemetry/TelemetryLogManager;
[04:23:48] [main/DEBUG]: Skipping Lnet/minecraft/client/telemetry/TelemetryEventType;
[04:23:48] [main/DEBUG]: Skipping Lnet/minecraft/client/telemetry/TelemetryEventType$Builder;
[04:23:48] [main/DEBUG]: Skipping Lnet/minecraft/client/telemetry/TelemetryEventSender;
[04:23:48] [main/DEBUG]: Skipping Lnet/minecraft/client/telemetry/TelemetryEventLogger;
[04:23:48] [main/DEBUG]: Skipping Lnet/minecraft/client/telemetry/TelemetryEventLog;
[04:23:48] [main/DEBUG]: Skipping Lnet/minecraft/client/telemetry/TelemetryEventInstance;
[04:23:48] [main/DEBUG]: Skipping Lnet/minecraft/client/telemetry/ClientTelemetryManager;
[04:23:48] [main/DEBUG]: Skipping Lnet/minecraft/client/sounds/package-info;
[04:23:48] [main/DEBUG]: Skipping Lnet/minecraft/client/sounds/Weighted;
[04:23:48] [main/DEBUG]: Skipping Lnet/minecraft/client/sounds/WeighedSoundEvents;
[04:23:48] [main/DEBUG]: Skipping Lnet/minecraft/client/sounds/SoundManager;
[04:23:48] [main/DEBUG]: Skipping Lnet/minecraft/client/sounds/SoundManager$Preparations;
[04:23:48] [main/DEBUG]: Skipping Lnet/minecraft/client/sounds/SoundManager$Preparations$1;
[04:23:48] [main/DEBUG]: Skipping Lnet/minecraft/client/sounds/SoundManager$2;
[04:23:48] [main/DEBUG]: Skipping Lnet/minecraft/client/sounds/SoundManager$1;
[04:23:48] [main/DEBUG]: Skipping Lnet/minecraft/client/sounds/SoundEventListener;
[04:23:48] [main/DEBUG]: Skipping Lnet/minecraft/client/sounds/SoundEngineExecutor;
[04:23:48] [main/DEBUG]: Skipping Lnet/minecraft/client/sounds/SoundBufferLibrary;
[04:23:48] [main/DEBUG]: Skipping Lnet/minecraft/client/sounds/MusicManager;
[04:23:48] [main/DEBUG]: Skipping Lnet/minecraft/client/sounds/LoopingAudioStream;
[04:23:48] [main/DEBUG]: Skipping Lnet/minecraft/client/sounds/LoopingAudioStream$NoCloseBuffer;
[04:23:48] [main/DEBUG]: Skipping Lnet/minecraft/client/sounds/LoopingAudioStream$AudioStreamProvider;
[04:23:48] [main/DEBUG]: Skipping Lnet/minecraft/client/sounds/ChannelAccess;
[04:23:48] [main/DEBUG]: Skipping Lnet/minecraft/client/sounds/ChannelAccess$ChannelHandle;
[04:23:48] [main/DEBUG]: Skipping Lnet/minecraft/client/sounds/AudioStream;
[04:23:48] [main/DEBUG]: Transforming class Lnet/minecraft/client/sounds/SoundEngine;
[04:23:48] [main/DEBUG]: Transforming net/minecraft/client/sounds/SoundEngine FIELD f_120217_ to access PUBLIC and LEAVE
[04:23:48] [main/DEBUG]: Skipping Lnet/minecraft/client/sounds/SoundEngine$DeviceCheckState;
[04:23:48] [main/DEBUG]: Skipping Lnet/minecraft/client/server/package-info;
[04:23:48] [main/DEBUG]: Skipping Lnet/minecraft/client/server/LanServer;
[04:23:48] [main/DEBUG]: Skipping Lnet/minecraft/client/server/IntegratedPlayerList;
[04:23:48] [main/DEBUG]: Skipping Lnet/minecraft/client/server/LanServerPinger;
[04:23:48] [main/DEBUG]: Skipping Lnet/minecraft/client/server/LanServerDetection;
[04:23:48] [main/DEBUG]: Skipping Lnet/minecraft/client/server/LanServerDetection$LanServerList;
[04:23:48] [main/DEBUG]: Skipping Lnet/minecraft/client/server/LanServerDetection$LanServerDetector;
[04:23:48] [main/DEBUG]: Skipping Lnet/minecraft/client/server/IntegratedServer;
[04:23:48] [main/DEBUG]: Skipping Lnet/minecraft/client/searchtree/package-info;
[04:23:48] [main/DEBUG]: Skipping Lnet/minecraft/client/searchtree/SuffixArray;
[04:23:48] [main/DEBUG]: Skipping Lnet/minecraft/client/searchtree/SearchTree;
[04:23:48] [main/DEBUG]: Skipping Lnet/minecraft/client/searchtree/SearchRegistry;
[04:23:48] [main/DEBUG]: Skipping Lnet/minecraft/client/searchtree/SearchRegistry$TreeEntry;
[04:23:48] [main/DEBUG]: Skipping Lnet/minecraft/client/searchtree/SearchRegistry$TreeBuilderSupplier;
[04:23:48] [main/DEBUG]: Skipping Lnet/minecraft/client/searchtree/SearchRegistry$Key;
[04:23:48] [main/DEBUG]: Skipping Lnet/minecraft/client/searchtree/ResourceLocationSearchTree;
[04:23:48] [main/DEBUG]: Skipping Lnet/minecraft/client/searchtree/ResourceLocationSearchTree$2;
[04:23:48] [main/DEBUG]: Skipping Lnet/minecraft/client/searchtree/ResourceLocationSearchTree$1;
[04:23:48] [main/DEBUG]: Skipping Lnet/minecraft/client/searchtree/RefreshableSearchTree;
[04:23:48] [main/DEBUG]: Skipping Lnet/minecraft/client/searchtree/PlainTextSearchTree;
[04:23:48] [main/DEBUG]: Skipping Lnet/minecraft/client/searchtree/MergingUniqueIterator;
[04:23:48] [main/DEBUG]: Skipping Lnet/minecraft/client/searchtree/IntersectionIterator;
[04:23:48] [main/DEBUG]: Skipping Lnet/minecraft/client/searchtree/IdSearchTree;
[04:23:48] [main/DEBUG]: Skipping Lnet/minecraft/client/searchtree/FullTextSearchTree;
[04:23:48] [main/DEBUG]: Skipping Lnet/minecraft/client/resources/sounds/package-info;
[04:23:48] [main/DEBUG]: Skipping Lnet/minecraft/client/resources/sounds/UnderwaterAmbientSoundInstances;
[04:23:48] [main/DEBUG]: Skipping Lnet/minecraft/client/resources/sounds/UnderwaterAmbientSoundInstances$UnderwaterAmbientSoundInstance;
[04:23:48] [main/DEBUG]: Skipping Lnet/minecraft/client/resources/sounds/UnderwaterAmbientSoundInstances$SubSound;
[04:23:48] [main/DEBUG]: Skipping Lnet/minecraft/client/resources/sounds/UnderwaterAmbientSoundHandler;
[04:23:48] [main/DEBUG]: Skipping Lnet/minecraft/client/resources/sounds/TickableSoundInstance;
[04:23:48] [main/DEBUG]: Skipping Lnet/minecraft/client/resources/sounds/SoundEventRegistrationSerializer;
[04:23:48] [main/DEBUG]: Skipping Lnet/minecraft/client/resources/sounds/SoundEventRegistration;
[04:23:48] [main/DEBUG]: Skipping Lnet/minecraft/client/resources/sounds/Sound;
[04:23:48] [main/DEBUG]: Skipping Lnet/minecraft/client/resources/sounds/Sound$Type;
[04:23:48] [main/DEBUG]: Skipping Lnet/minecraft/client/resources/sounds/SnifferSoundInstance;
[04:23:48] [main/DEBUG]: Skipping Lnet/minecraft/client/resources/sounds/SimpleSoundInstance;
[04:23:48] [main/DEBUG]: Skipping Lnet/minecraft/client/resources/sounds/RidingMinecartSoundInstance;
[04:23:48] [main/DEBUG]: Skipping Lnet/minecraft/client/resources/sounds/MinecartSoundInstance;
[04:23:48] [main/DEBUG]: Skipping Lnet/minecraft/client/resources/sounds/GuardianAttackSoundInstance;
[04:23:48] [main/DEBUG]: Skipping Lnet/minecraft/client/resources/sounds/EntityBoundSoundInstance;
[04:23:48] [main/DEBUG]: Skipping Lnet/minecraft/client/resources/sounds/ElytraOnPlayerSoundInstance;
[04:23:48] [main/DEBUG]: Skipping Lnet/minecraft/client/resources/sounds/BubbleColumnAmbientSoundHandler;
[04:23:48] [main/DEBUG]: Skipping Lnet/minecraft/client/resources/sounds/BiomeAmbientSoundsHandler;
[04:23:48] [main/DEBUG]: Skipping Lnet/minecraft/client/resources/sounds/BiomeAmbientSoundsHandler$LoopSoundInstance;
[04:23:48] [main/DEBUG]: Skipping Lnet/minecraft/client/resources/sounds/BeeSoundInstance;
[04:23:48] [main/DEBUG]: Skipping Lnet/minecraft/client/resources/sounds/BeeFlyingSoundInstance;
[04:23:48] [main/DEBUG]: Skipping Lnet/minecraft/client/resources/sounds/BeeAggressiveSoundInstance;
[04:23:48] [main/DEBUG]: Skipping Lnet/minecraft/client/resources/sounds/AmbientSoundHandler;
[04:23:48] [main/DEBUG]: Skipping Lnet/minecraft/client/resources/sounds/AbstractTickableSoundInstance;
[04:23:48] [main/DEBUG]: Skipping Lnet/minecraft/client/resources/sounds/AbstractSoundInstance;
[04:23:48] [main/DEBUG]: Skipping Lnet/minecraft/client/resources/sounds/SoundInstance;
[04:23:48] [main/DEBUG]: Skipping Lnet/minecraft/client/resources/sounds/SoundInstance$Attenuation;
[04:23:48] [main/DEBUG]: Skipping Lnet/minecraft/client/resources/server/package-info;
[04:23:48] [main/DEBUG]: Skipping Lnet/minecraft/client/resources/server/ServerPackManager;
[04:23:48] [main/DEBUG]: Skipping Lnet/minecraft/client/resources/server/ServerPackManager$ServerPackData;
[04:23:48] [main/DEBUG]: Skipping Lnet/minecraft/client/resources/server/ServerPackManager$RemovalReason;
[04:23:48] [main/DEBUG]: Skipping Lnet/minecraft/client/resources/server/ServerPackManager$PackPromptStatus;
[04:23:48] [main/DEBUG]: Skipping Lnet/minecraft/client/resources/server/ServerPackManager$PackDownloadStatus;
[04:23:48] [main/DEBUG]: Skipping Lnet/minecraft/client/resources/server/ServerPackManager$ActivationStatus;
[04:23:48] [main/DEBUG]: Skipping Lnet/minecraft/client/resources/server/ServerPackManager$2;
[04:23:48] [main/DEBUG]: Skipping Lnet/minecraft/client/resources/server/ServerPackManager$1;
[04:23:48] [main/DEBUG]: Skipping Lnet/minecraft/client/resources/server/PackReloadConfig;
[04:23:48] [main/DEBUG]: Skipping Lnet/minecraft/client/resources/server/PackReloadConfig$IdAndPath;
[04:23:48] [main/DEBUG]: Skipping Lnet/minecraft/client/resources/server/PackReloadConfig$Callbacks;
[04:23:48] [main/DEBUG]: Skipping Lnet/minecraft/client/resources/server/PackLoadFeedback;
[04:23:48] [main/DEBUG]: Skipping Lnet/minecraft/client/resources/server/PackLoadFeedback$Update;
[04:23:48] [main/DEBUG]: Skipping Lnet/minecraft/client/resources/server/PackLoadFeedback$FinalResult;
[04:23:48] [main/DEBUG]: Skipping Lnet/minecraft/client/resources/server/PackDownloader;
[04:23:48] [main/DEBUG]: Skipping Lnet/minecraft/client/resources/server/DownloadedPackSource;
[04:23:48] [main/DEBUG]: Skipping Lnet/minecraft/client/resources/server/DownloadedPackSource$8;
[04:23:48] [main/DEBUG]: Skipping Lnet/minecraft/client/resources/server/DownloadedPackSource$7;
[04:23:48] [main/DEBUG]: Skipping Lnet/minecraft/client/resources/server/DownloadedPackSource$6;
[04:23:48] [main/DEBUG]: Skipping Lnet/minecraft/client/resources/server/DownloadedPackSource$5;
[04:23:48] [main/DEBUG]: Skipping Lnet/minecraft/client/resources/server/DownloadedPackSource$4;
[04:23:48] [main/DEBUG]: Skipping Lnet/minecraft/client/resources/server/DownloadedPackSource$3;
[04:23:48] [main/DEBUG]: Skipping Lnet/minecraft/client/resources/server/DownloadedPackSource$2;
[04:23:48] [main/DEBUG]: Skipping Lnet/minecraft/client/resources/server/DownloadedPackSource$1;
[04:23:48] [main/DEBUG]: Skipping Lnet/minecraft/client/resources/package-info;
[04:23:48] [main/DEBUG]: Skipping Lnet/minecraft/client/resources/model/package-info;
[04:23:48] [main/DEBUG]: Skipping Lnet/minecraft/client/resources/model/UnbakedModel;
[04:23:48] [main/DEBUG]: Skipping Lnet/minecraft/client/resources/model/ModelState;
[04:23:48] [main/DEBUG]: Skipping Lnet/minecraft/client/resources/model/ModelResourceLocation;
[04:23:48] [main/DEBUG]: Skipping Lnet/minecraft/client/resources/model/Material;
[04:23:48] [main/DEBUG]: Skipping Lnet/minecraft/client/resources/model/BuiltInModel;
[04:23:48] [main/DEBUG]: Skipping Lnet/minecraft/client/resources/model/BlockModelRotation;
[04:23:48] [main/DEBUG]: Skipping Lnet/minecraft/client/resources/model/AtlasSet;
[04:23:48] [main/DEBUG]: Skipping Lnet/minecraft/client/resources/model/AtlasSet$StitchResult;
[04:23:48] [main/DEBUG]: Skipping Lnet/minecraft/client/resources/model/AtlasSet$AtlasEntry;
[04:23:48] [main/DEBUG]: Skipping Lnet/minecraft/client/resources/model/WeightedBakedModel;
[04:23:48] [main/DEBUG]: Skipping Lnet/minecraft/client/resources/model/WeightedBakedModel$Builder;
[04:23:48] [main/DEBUG]: Skipping Lnet/minecraft/client/resources/model/SimpleBakedModel;
[04:23:48] [main/DEBUG]: Transforming class Lnet/minecraft/client/resources/model/SimpleBakedModel$Builder;
[04:23:48] [main/DEBUG]: Transforming net/minecraft/client/resources/model/SimpleBakedModel$Builder METHOD <init>(ZZZLnet/minecraft/client/renderer/block/model/ItemTransforms;Lnet/minecraft/client/renderer/block/model/ItemOverrides;)V to access PUBLIC and LEAVE
[04:23:48] [main/DEBUG]: Skipping Lnet/minecraft/client/resources/model/MultiPartBakedModel;
[04:23:48] [main/DEBUG]: Skipping Lnet/minecraft/client/resources/model/MultiPartBakedModel$Builder;
[04:23:48] [main/DEBUG]: Skipping Lnet/minecraft/client/resources/model/ModelManager;
[04:23:48] [main/DEBUG]: Skipping Lnet/minecraft/client/resources/model/ModelManager$ReloadState;
[04:23:48] [main/DEBUG]: Transforming class Lnet/minecraft/client/resources/model/ModelBakery;
[04:23:48] [main/DEBUG]: Transforming net/minecraft/client/resources/model/ModelBakery METHOD m_119364_(Lnet/minecraft/resources/ResourceLocation;)Lnet/minecraft/client/renderer/block/model/BlockModel; to access PROTECTED and LEAVE
[04:23:48] [main/DEBUG]: Skipping Lnet/minecraft/client/resources/model/ModelBakery$ModelGroupKey;
[04:23:48] [main/DEBUG]: Skipping Lnet/minecraft/client/resources/model/ModelBakery$ModelBakerImpl;
[04:23:48] [main/DEBUG]: Skipping Lnet/minecraft/client/resources/model/ModelBakery$LoadedJson;
[04:23:48] [main/DEBUG]: Skipping Lnet/minecraft/client/resources/model/ModelBakery$BlockStateDefinitionException;
[04:23:48] [main/DEBUG]: Skipping Lnet/minecraft/client/resources/model/ModelBakery$BakedCacheKey;
[04:23:48] [main/DEBUG]: Skipping Lnet/minecraft/client/resources/model/ModelBaker;
[04:23:48] [main/DEBUG]: Skipping Lnet/minecraft/client/resources/model/BakedModel;
[04:23:48] [main/DEBUG]: Skipping Lnet/minecraft/client/resources/metadata/texture/package-info;
[04:23:48] [main/DEBUG]: Skipping Lnet/minecraft/client/resources/metadata/texture/TextureMetadataSectionSerializer;
[04:23:48] [main/DEBUG]: Skipping Lnet/minecraft/client/resources/metadata/texture/TextureMetadataSection;
[04:23:48] [main/DEBUG]: Skipping Lnet/minecraft/client/resources/metadata/package-info;
[04:23:48] [main/DEBUG]: Skipping Lnet/minecraft/client/resources/metadata/language/package-info;
[04:23:48] [main/DEBUG]: Skipping Lnet/minecraft/client/resources/metadata/language/LanguageMetadataSection;
[04:23:48] [main/DEBUG]: Skipping Lnet/minecraft/client/resources/metadata/gui/package-info;
[04:23:48] [main/DEBUG]: Skipping Lnet/minecraft/client/resources/metadata/gui/GuiSpriteScaling;
[04:23:48] [main/DEBUG]: Skipping Lnet/minecraft/client/resources/metadata/gui/GuiSpriteScaling$Type;
[04:23:48] [main/DEBUG]: Skipping Lnet/minecraft/client/resources/metadata/gui/GuiSpriteScaling$Tile;
[04:23:48] [main/DEBUG]: Skipping Lnet/minecraft/client/resources/metadata/gui/GuiSpriteScaling$Stretch;
[04:23:48] [main/DEBUG]: Skipping Lnet/minecraft/client/resources/metadata/gui/GuiSpriteScaling$NineSlice;
[04:23:48] [main/DEBUG]: Skipping Lnet/minecraft/client/resources/metadata/gui/GuiSpriteScaling$NineSlice$Border;
[04:23:48] [main/DEBUG]: Skipping Lnet/minecraft/client/resources/metadata/gui/GuiMetadataSection;
[04:23:48] [main/DEBUG]: Skipping Lnet/minecraft/client/resources/metadata/animation/package-info;
[04:23:48] [main/DEBUG]: Skipping Lnet/minecraft/client/resources/metadata/animation/VillagerMetadataSectionSerializer;
[04:23:48] [main/DEBUG]: Skipping Lnet/minecraft/client/resources/metadata/animation/VillagerMetaDataSection;
[04:23:48] [main/DEBUG]: Skipping Lnet/minecraft/client/resources/metadata/animation/VillagerMetaDataSection$Hat;
[04:23:48] [main/DEBUG]: Skipping Lnet/minecraft/client/resources/metadata/animation/FrameSize;
[04:23:48] [main/DEBUG]: Skipping Lnet/minecraft/client/resources/metadata/animation/AnimationMetadataSectionSerializer;
[04:23:48] [main/DEBUG]: Skipping Lnet/minecraft/client/resources/metadata/animation/AnimationMetadataSection;
[04:23:48] [main/DEBUG]: Skipping Lnet/minecraft/client/resources/metadata/animation/AnimationMetadataSection$FrameOutput;
[04:23:48] [main/DEBUG]: Skipping Lnet/minecraft/client/resources/metadata/animation/AnimationMetadataSection$1;
[04:23:48] [main/DEBUG]: Skipping Lnet/minecraft/client/resources/metadata/animation/AnimationFrame;
[04:23:48] [main/DEBUG]: Skipping Lnet/minecraft/client/resources/language/package-info;
[04:23:48] [main/DEBUG]: Skipping Lnet/minecraft/client/resources/language/LanguageInfo;
[04:23:48] [main/DEBUG]: Skipping Lnet/minecraft/client/resources/language/FormattedBidiReorder;
[04:23:48] [main/DEBUG]: Skipping Lnet/minecraft/client/resources/language/LanguageManager;
[04:23:48] [main/DEBUG]: Skipping Lnet/minecraft/client/resources/language/I18n;
[04:23:48] [main/DEBUG]: Skipping Lnet/minecraft/client/resources/language/ClientLanguage;
[04:23:48] [main/DEBUG]: Transforming class Lnet/minecraft/client/resources/TextureAtlasHolder;
[04:23:48] [main/DEBUG]: Transforming net/minecraft/client/resources/TextureAtlasHolder FIELD f_118884_ to access PROTECTED and LEAVE
[04:23:48] [main/DEBUG]: Skipping Lnet/minecraft/client/resources/SplashManager;
[04:23:48] [main/DEBUG]: Skipping Lnet/minecraft/client/resources/SkinManager;
[04:23:48] [main/DEBUG]: Skipping Lnet/minecraft/client/resources/SkinManager$TextureCache;
[04:23:48] [main/DEBUG]: Skipping Lnet/minecraft/client/resources/SkinManager$CacheKey;
[04:23:48] [main/DEBUG]: Skipping Lnet/minecraft/client/resources/SkinManager$2;
[04:23:48] [main/DEBUG]: Skipping Lnet/minecraft/client/resources/SkinManager$1;
[04:23:48] [main/DEBUG]: Skipping Lnet/minecraft/client/resources/PlayerSkin;
[04:23:48] [main/DEBUG]: Skipping Lnet/minecraft/client/resources/PlayerSkin$Model;
[04:23:48] [main/DEBUG]: Skipping Lnet/minecraft/client/resources/PaintingTextureManager;
[04:23:48] [main/DEBUG]: Skipping Lnet/minecraft/client/resources/MobEffectTextureManager;
[04:23:48] [main/DEBUG]: Skipping Lnet/minecraft/client/resources/LegacyStuffWrapper;
[04:23:48] [main/DEBUG]: Skipping Lnet/minecraft/client/resources/IndexedAssetSource;
[04:23:48] [main/DEBUG]: Skipping Lnet/minecraft/client/resources/GrassColorReloadListener;
[04:23:48] [main/DEBUG]: Skipping Lnet/minecraft/client/resources/FoliageColorReloadListener;
[04:23:48] [main/DEBUG]: Skipping Lnet/minecraft/client/resources/DefaultPlayerSkin;
[04:23:48] [main/DEBUG]: Transforming class Lnet/minecraft/client/resources/ClientPackSource;
[04:23:48] [main/DEBUG]: Transforming net/minecraft/client/resources/ClientPackSource METHOD m_246691_(Ljava/nio/file/Path;)Lnet/minecraft/server/packs/VanillaPackResources; to access PUBLIC and LEAVE
[04:23:48] [main/DEBUG]: Skipping Lnet/minecraft/client/renderer/texture/package-info;
[04:23:48] [main/DEBUG]: Skipping Lnet/minecraft/client/renderer/texture/atlas/sources/package-info;
[04:23:48] [main/DEBUG]: Skipping Lnet/minecraft/client/renderer/texture/atlas/sources/Unstitcher;
[04:23:48] [main/DEBUG]: Skipping Lnet/minecraft/client/renderer/texture/atlas/sources/Unstitcher$RegionInstance;
[04:23:48] [main/DEBUG]: Skipping Lnet/minecraft/client/renderer/texture/atlas/sources/Unstitcher$Region;
[04:23:48] [main/DEBUG]: Skipping Lnet/minecraft/client/renderer/texture/atlas/sources/SourceFilter;
[04:23:48] [main/DEBUG]: Skipping Lnet/minecraft/client/renderer/texture/atlas/sources/SingleFile;
[04:23:48] [main/DEBUG]: Skipping Lnet/minecraft/client/renderer/texture/atlas/sources/PalettedPermutations;
[04:23:48] [main/DEBUG]: Skipping Lnet/minecraft/client/renderer/texture/atlas/sources/PalettedPermutations$PalettedSpriteSupplier;
[04:23:48] [main/DEBUG]: Skipping Lnet/minecraft/client/renderer/texture/atlas/sources/LazyLoadedImage;
[04:23:48] [main/DEBUG]: Skipping Lnet/minecraft/client/renderer/texture/atlas/sources/DirectoryLister;
[04:23:48] [main/DEBUG]: Skipping Lnet/minecraft/client/renderer/texture/atlas/package-info;
[04:23:48] [main/DEBUG]: Skipping Lnet/minecraft/client/renderer/texture/atlas/SpriteSources;
[04:23:48] [main/DEBUG]: Skipping Lnet/minecraft/client/renderer/texture/atlas/SpriteSourceType;
[04:23:48] [main/DEBUG]: Skipping Lnet/minecraft/client/renderer/texture/atlas/SpriteSourceList;
[04:23:48] [main/DEBUG]: Skipping Lnet/minecraft/client/renderer/texture/atlas/SpriteSourceList$1;
[04:23:48] [main/DEBUG]: Skipping Lnet/minecraft/client/renderer/texture/atlas/SpriteSource;
[04:23:48] [main/DEBUG]: Skipping Lnet/minecraft/client/renderer/texture/atlas/SpriteSource$SpriteSupplier;
[04:23:48] [main/DEBUG]: Skipping Lnet/minecraft/client/renderer/texture/atlas/SpriteSource$Output;
[04:23:48] [main/DEBUG]: Skipping Lnet/minecraft/client/renderer/texture/atlas/SpriteResourceLoader;
[04:23:48] [main/DEBUG]: Skipping Lnet/minecraft/client/renderer/texture/Tickable;
[04:23:48] [main/DEBUG]: Skipping Lnet/minecraft/client/renderer/texture/StitcherException;
[04:23:48] [main/DEBUG]: Skipping Lnet/minecraft/client/renderer/texture/SpriteTicker;
[04:23:48] [main/DEBUG]: Skipping Lnet/minecraft/client/renderer/texture/SimpleTexture;
[04:23:48] [main/DEBUG]: Skipping Lnet/minecraft/client/renderer/texture/SimpleTexture$TextureImage;
[04:23:48] [main/DEBUG]: Skipping Lnet/minecraft/client/renderer/texture/PreloadedTexture;
[04:23:48] [main/DEBUG]: Skipping Lnet/minecraft/client/renderer/texture/OverlayTexture;
[04:23:48] [main/DEBUG]: Skipping Lnet/minecraft/client/renderer/texture/MissingTextureAtlasSprite;
[04:23:48] [main/DEBUG]: Skipping Lnet/minecraft/client/renderer/texture/HttpTexture;
[04:23:48] [main/DEBUG]: Skipping Lnet/minecraft/client/renderer/texture/DynamicTexture;
[04:23:48] [main/DEBUG]: Skipping Lnet/minecraft/client/renderer/texture/Dumpable;
[04:23:48] [main/DEBUG]: Skipping Lnet/minecraft/client/renderer/texture/TextureManager;
[04:23:48] [main/DEBUG]: Skipping Lnet/minecraft/client/renderer/texture/TextureAtlasSprite;
[04:23:48] [main/DEBUG]: Skipping Lnet/minecraft/client/renderer/texture/TextureAtlasSprite$Ticker;
[04:23:48] [main/DEBUG]: Skipping Lnet/minecraft/client/renderer/texture/TextureAtlasSprite$1;
[04:23:48] [main/DEBUG]: Skipping Lnet/minecraft/client/renderer/texture/TextureAtlas;
[04:23:48] [main/DEBUG]: Skipping Lnet/minecraft/client/renderer/texture/Stitcher;
[04:23:48] [main/DEBUG]: Skipping Lnet/minecraft/client/renderer/texture/Stitcher$SpriteLoader;
[04:23:48] [main/DEBUG]: Skipping Lnet/minecraft/client/renderer/texture/Stitcher$Region;
[04:23:48] [main/DEBUG]: Skipping Lnet/minecraft/client/renderer/texture/Stitcher$Holder;
[04:23:48] [main/DEBUG]: Skipping Lnet/minecraft/client/renderer/texture/Stitcher$Entry;
[04:23:48] [main/DEBUG]: Skipping Lnet/minecraft/client/renderer/texture/SpriteLoader;
[04:23:48] [main/DEBUG]: Skipping Lnet/minecraft/client/renderer/texture/SpriteLoader$Preparations;
[04:23:48] [main/DEBUG]: Transforming class Lnet/minecraft/client/renderer/texture/SpriteContents;
[04:23:48] [main/DEBUG]: Transforming net/minecraft/client/renderer/texture/SpriteContents FIELD f_243731_ to access PUBLIC and LEAVE
[04:23:48] [main/DEBUG]: Transforming net/minecraft/client/renderer/texture/SpriteContents FIELD f_244575_ to access DEFAULT and LEAVE
[04:23:48] [main/DEBUG]: Transforming net/minecraft/client/renderer/texture/SpriteContents METHOD m_245088_()I to access DEFAULT and LEAVE
[04:23:48] [main/DEBUG]: Skipping Lnet/minecraft/client/renderer/texture/SpriteContents$Ticker;
[04:23:48] [main/DEBUG]: Skipping Lnet/minecraft/client/renderer/texture/SpriteContents$InterpolationData;
[04:23:48] [main/DEBUG]: Skipping Lnet/minecraft/client/renderer/texture/SpriteContents$FrameInfo;
[04:23:48] [main/DEBUG]: Skipping Lnet/minecraft/client/renderer/texture/SpriteContents$AnimatedTexture;
[04:23:48] [main/DEBUG]: Skipping Lnet/minecraft/client/renderer/texture/MipmapGenerator;
[04:23:48] [main/DEBUG]: Skipping Lnet/minecraft/client/renderer/texture/AbstractTexture;
[04:23:48] [main/DEBUG]: Skipping Lnet/minecraft/client/renderer/package-info;
[04:23:48] [main/DEBUG]: Skipping Lnet/minecraft/client/renderer/item/package-info;
[04:23:48] [main/DEBUG]: Skipping Lnet/minecraft/client/renderer/item/ItemPropertyFunction;
[04:23:48] [main/DEBUG]: Skipping Lnet/minecraft/client/renderer/item/CompassItemPropertyFunction;
[04:23:48] [main/DEBUG]: Skipping Lnet/minecraft/client/renderer/item/CompassItemPropertyFunction$CompassWobble;
[04:23:48] [main/DEBUG]: Skipping Lnet/minecraft/client/renderer/item/CompassItemPropertyFunction$CompassTarget;
[04:23:48] [main/DEBUG]: Skipping Lnet/minecraft/client/renderer/item/ClampedItemPropertyFunction;
[04:23:48] [main/DEBUG]: Skipping Lnet/minecraft/client/renderer/item/ItemProperties;
[04:23:48] [main/DEBUG]: Skipping Lnet/minecraft/client/renderer/item/ItemProperties$1;
[04:23:48] [main/DEBUG]: Skipping Lnet/minecraft/client/renderer/entity/player/package-info;
[04:23:48] [main/DEBUG]: Skipping Lnet/minecraft/client/renderer/entity/player/PlayerRenderer;
[04:23:48] [main/DEBUG]: Skipping Lnet/minecraft/client/renderer/entity/package-info;
[04:23:48] [main/DEBUG]: Skipping Lnet/minecraft/client/renderer/entity/layers/package-info;
[04:23:48] [main/DEBUG]: Skipping Lnet/minecraft/client/renderer/entity/layers/WolfCollarLayer;
[04:23:48] [main/DEBUG]: Skipping Lnet/minecraft/client/renderer/entity/layers/WitherArmorLayer;
[04:23:48] [main/DEBUG]: Skipping Lnet/minecraft/client/renderer/entity/layers/WitchItemLayer;
[04:23:48] [main/DEBUG]: Skipping Lnet/minecraft/client/renderer/entity/layers/WardenEmissiveLayer;
[04:23:48] [main/DEBUG]: Skipping Lnet/minecraft/client/renderer/entity/layers/WardenEmissiveLayer$DrawSelector;
[04:23:48] [main/DEBUG]: Skipping Lnet/minecraft/client/renderer/entity/layers/WardenEmissiveLayer$AlphaFunction;
[04:23:48] [main/DEBUG]: Skipping Lnet/minecraft/client/renderer/entity/layers/VillagerProfessionLayer;
[04:23:48] [main/DEBUG]: Skipping Lnet/minecraft/client/renderer/entity/layers/TropicalFishPatternLayer;
[04:23:48] [main/DEBUG]: Skipping Lnet/minecraft/client/renderer/entity/layers/TropicalFishPatternLayer$1;
[04:23:48] [main/DEBUG]: Skipping Lnet/minecraft/client/renderer/entity/layers/StuckInBodyLayer;
[04:23:48] [main/DEBUG]: Skipping Lnet/minecraft/client/renderer/entity/layers/StrayClothingLayer;
[04:23:48] [main/DEBUG]: Skipping Lnet/minecraft/client/renderer/entity/layers/SpinAttackEffectLayer;
[04:23:48] [main/DEBUG]: Skipping Lnet/minecraft/client/renderer/entity/layers/SpiderEyesLayer;
[04:23:48] [main/DEBUG]: Skipping Lnet/minecraft/client/renderer/entity/layers/SnowGolemHeadLayer;
[04:23:48] [main/DEBUG]: Skipping Lnet/minecraft/client/renderer/entity/layers/SlimeOuterLayer;
[04:23:48] [main/DEBUG]: Skipping Lnet/minecraft/client/renderer/entity/layers/ShulkerHeadLayer;
[04:23:48] [main/DEBUG]: Skipping Lnet/minecraft/client/renderer/entity/layers/SheepFurLayer;
[04:23:48] [main/DEBUG]: Skipping Lnet/minecraft/client/renderer/entity/layers/SaddleLayer;
[04:23:48] [main/DEBUG]: Skipping Lnet/minecraft/client/renderer/entity/layers/RenderLayer;
[04:23:48] [main/DEBUG]: Skipping Lnet/minecraft/client/renderer/entity/layers/PlayerItemInHandLayer;
[04:23:48] [main/DEBUG]: Skipping Lnet/minecraft/client/renderer/entity/layers/PhantomEyesLayer;
[04:23:48] [main/DEBUG]: Skipping Lnet/minecraft/client/renderer/entity/layers/ParrotOnShoulderLayer;
[04:23:48] [main/DEBUG]: Skipping Lnet/minecraft/client/renderer/entity/layers/PandaHoldsItemLayer;
[04:23:48] [main/DEBUG]: Skipping Lnet/minecraft/client/renderer/entity/layers/MushroomCowMushroomLayer;
[04:23:48] [main/DEBUG]: Skipping Lnet/minecraft/client/renderer/entity/layers/LlamaDecorLayer;
[04:23:48] [main/DEBUG]: Skipping Lnet/minecraft/client/renderer/entity/layers/ItemInHandLayer;
[04:23:48] [main/DEBUG]: Skipping Lnet/minecraft/client/renderer/entity/layers/IronGolemFlowerLayer;
[04:23:48] [main/DEBUG]: Skipping Lnet/minecraft/client/renderer/entity/layers/IronGolemCrackinessLayer;
[04:23:48] [main/DEBUG]: Skipping Lnet/minecraft/client/renderer/entity/layers/HorseMarkingLayer;
[04:23:48] [main/DEBUG]: Skipping Lnet/minecraft/client/renderer/entity/layers/HorseArmorLayer;
[04:23:48] [main/DEBUG]: Skipping Lnet/minecraft/client/renderer/entity/layers/FoxHeldItemLayer;
[04:23:48] [main/DEBUG]: Skipping Lnet/minecraft/client/renderer/entity/layers/EyesLayer;
[04:23:48] [main/DEBUG]: Skipping Lnet/minecraft/client/renderer/entity/layers/EnergySwirlLayer;
[04:23:48] [main/DEBUG]: Skipping Lnet/minecraft/client/renderer/entity/layers/EnderEyesLayer;
[04:23:48] [main/DEBUG]: Skipping Lnet/minecraft/client/renderer/entity/layers/DrownedOuterLayer;
[04:23:48] [main/DEBUG]: Skipping Lnet/minecraft/client/renderer/entity/layers/DolphinCarryingItemLayer;
[04:23:48] [main/DEBUG]: Skipping Lnet/minecraft/client/renderer/entity/layers/Deadmau5EarsLayer;
[04:23:48] [main/DEBUG]: Skipping Lnet/minecraft/client/renderer/entity/layers/CustomHeadLayer;
[04:23:48] [main/DEBUG]: Skipping Lnet/minecraft/client/renderer/entity/layers/CrossedArmsItemLayer;
[04:23:48] [main/DEBUG]: Skipping Lnet/minecraft/client/renderer/entity/layers/CreeperPowerLayer;
[04:23:48] [main/DEBUG]: Skipping Lnet/minecraft/client/renderer/entity/layers/CatCollarLayer;
[04:23:48] [main/DEBUG]: Skipping Lnet/minecraft/client/renderer/entity/layers/CarriedBlockLayer;
[04:23:48] [main/DEBUG]: Skipping Lnet/minecraft/client/renderer/entity/layers/CapeLayer;
[04:23:48] [main/DEBUG]: Skipping Lnet/minecraft/client/renderer/entity/layers/BreezeWindLayer;
[04:23:48] [main/DEBUG]: Skipping Lnet/minecraft/client/renderer/entity/layers/BreezeEyesLayer;
[04:23:48] [main/DEBUG]: Skipping Lnet/minecraft/client/renderer/entity/layers/BeeStingerLayer;
[04:23:48] [main/DEBUG]: Skipping Lnet/minecraft/client/renderer/entity/layers/ArrowLayer;
[04:23:48] [main/DEBUG]: Skipping Lnet/minecraft/client/renderer/entity/layers/HumanoidArmorLayer;
[04:23:48] [main/DEBUG]: Skipping Lnet/minecraft/client/renderer/entity/layers/HumanoidArmorLayer$1;
[04:23:48] [main/DEBUG]: Skipping Lnet/minecraft/client/renderer/entity/layers/ElytraLayer;
[04:23:48] [main/DEBUG]: Skipping Lnet/minecraft/client/renderer/entity/ZombieVillagerRenderer;
[04:23:48] [main/DEBUG]: Skipping Lnet/minecraft/client/renderer/entity/ZombieRenderer;
[04:23:48] [main/DEBUG]: Skipping Lnet/minecraft/client/renderer/entity/ZoglinRenderer;
[04:23:48] [main/DEBUG]: Skipping Lnet/minecraft/client/renderer/entity/WolfRenderer;
[04:23:48] [main/DEBUG]: Skipping Lnet/minecraft/client/renderer/entity/WitherSkullRenderer;
[04:23:48] [main/DEBUG]: Skipping Lnet/minecraft/client/renderer/entity/WitherSkeletonRenderer;
[04:23:48] [main/DEBUG]: Skipping Lnet/minecraft/client/renderer/entity/WitherBossRenderer;
[04:23:48] [main/DEBUG]: Skipping Lnet/minecraft/client/renderer/entity/WitchRenderer;
[04:23:48] [main/DEBUG]: Skipping Lnet/minecraft/client/renderer/entity/WindChargeRenderer;
[04:23:48] [main/DEBUG]: Skipping Lnet/minecraft/client/renderer/entity/WardenRenderer;
[04:23:48] [main/DEBUG]: Skipping Lnet/minecraft/client/renderer/entity/WanderingTraderRenderer;
[04:23:48] [main/DEBUG]: Skipping Lnet/minecraft/client/renderer/entity/VindicatorRenderer;
[04:23:48] [main/DEBUG]: Skipping Lnet/minecraft/client/renderer/entity/VindicatorRenderer$1;
[04:23:48] [main/DEBUG]: Skipping Lnet/minecraft/client/renderer/entity/VillagerRenderer;
[04:23:48] [main/DEBUG]: Skipping Lnet/minecraft/client/renderer/entity/VexRenderer;
[04:23:48] [main/DEBUG]: Skipping Lnet/minecraft/client/renderer/entity/UndeadHorseRenderer;
[04:23:48] [main/DEBUG]: Skipping Lnet/minecraft/client/renderer/entity/TurtleRenderer;
[04:23:48] [main/DEBUG]: Skipping Lnet/minecraft/client/renderer/entity/TropicalFishRenderer;
[04:23:48] [main/DEBUG]: Skipping Lnet/minecraft/client/renderer/entity/TropicalFishRenderer$1;
[04:23:48] [main/DEBUG]: Skipping Lnet/minecraft/client/renderer/entity/TntRenderer;
[04:23:48] [main/DEBUG]: Skipping Lnet/minecraft/client/renderer/entity/TntMinecartRenderer;
[04:23:48] [main/DEBUG]: Skipping Lnet/minecraft/client/renderer/entity/TippableArrowRenderer;
[04:23:48] [main/DEBUG]: Skipping Lnet/minecraft/client/renderer/entity/ThrownTridentRenderer;
[04:23:48] [main/DEBUG]: Skipping Lnet/minecraft/client/renderer/entity/ThrownItemRenderer;
[04:23:48] [main/DEBUG]: Skipping Lnet/minecraft/client/renderer/entity/TadpoleRenderer;
[04:23:48] [main/DEBUG]: Skipping Lnet/minecraft/client/renderer/entity/StriderRenderer;
[04:23:48] [main/DEBUG]: Skipping Lnet/minecraft/client/renderer/entity/StrayRenderer;
[04:23:48] [main/DEBUG]: Skipping Lnet/minecraft/client/renderer/entity/SquidRenderer;
[04:23:48] [main/DEBUG]: Skipping Lnet/minecraft/client/renderer/entity/SpiderRenderer;
[04:23:48] [main/DEBUG]: Skipping Lnet/minecraft/client/renderer/entity/SpectralArrowRenderer;
[04:23:48] [main/DEBUG]: Skipping Lnet/minecraft/client/renderer/entity/SnowGolemRenderer;
[04:23:48] [main/DEBUG]: Skipping Lnet/minecraft/client/renderer/entity/SnifferRenderer;
[04:23:48] [main/DEBUG]: Skipping Lnet/minecraft/client/renderer/entity/SlimeRenderer;
[04:23:48] [main/DEBUG]: Skipping Lnet/minecraft/client/renderer/entity/SkeletonRenderer;
[04:23:48] [main/DEBUG]: Skipping Lnet/minecraft/client/renderer/entity/SilverfishRenderer;
[04:23:48] [main/DEBUG]: Skipping Lnet/minecraft/client/renderer/entity/ShulkerRenderer;
[04:23:48] [main/DEBUG]: Skipping Lnet/minecraft/client/renderer/entity/ShulkerBulletRenderer;
[04:23:48] [main/DEBUG]: Skipping Lnet/minecraft/client/renderer/entity/SheepRenderer;
[04:23:48] [main/DEBUG]: Skipping Lnet/minecraft/client/renderer/entity/SalmonRenderer;
[04:23:48] [main/DEBUG]: Skipping Lnet/minecraft/client/renderer/entity/RenderLayerParent;
[04:23:48] [main/DEBUG]: Skipping Lnet/minecraft/client/renderer/entity/RavagerRenderer;
[04:23:48] [main/DEBUG]: Skipping Lnet/minecraft/client/renderer/entity/RabbitRenderer;
[04:23:48] [main/DEBUG]: Skipping Lnet/minecraft/client/renderer/entity/RabbitRenderer$1;
[04:23:48] [main/DEBUG]: Skipping Lnet/minecraft/client/renderer/entity/PufferfishRenderer;
[04:23:48] [main/DEBUG]: Skipping Lnet/minecraft/client/renderer/entity/PolarBearRenderer;
[04:23:48] [main/DEBUG]: Skipping Lnet/minecraft/client/renderer/entity/PillagerRenderer;
[04:23:48] [main/DEBUG]: Skipping Lnet/minecraft/client/renderer/entity/PiglinRenderer;
[04:23:48] [main/DEBUG]: Skipping Lnet/minecraft/client/renderer/entity/PigRenderer;
[04:23:48] [main/DEBUG]: Skipping Lnet/minecraft/client/renderer/entity/PhantomRenderer;
[04:23:49] [main/DEBUG]: Skipping Lnet/minecraft/client/renderer/entity/ParrotRenderer;
[04:23:49] [main/DEBUG]: Skipping Lnet/minecraft/client/renderer/entity/ParrotRenderer$1;
[04:23:49] [main/DEBUG]: Skipping Lnet/minecraft/client/renderer/entity/PandaRenderer;
[04:23:49] [main/DEBUG]: Skipping Lnet/minecraft/client/renderer/entity/PaintingRenderer;
[04:23:49] [main/DEBUG]: Skipping Lnet/minecraft/client/renderer/entity/OcelotRenderer;
[04:23:49] [main/DEBUG]: Skipping Lnet/minecraft/client/renderer/entity/NoopRenderer;
[04:23:49] [main/DEBUG]: Skipping Lnet/minecraft/client/renderer/entity/MushroomCowRenderer;
[04:23:49] [main/DEBUG]: Skipping Lnet/minecraft/client/renderer/entity/MobRenderer;
[04:23:49] [main/DEBUG]: Skipping Lnet/minecraft/client/renderer/entity/MinecartRenderer;
[04:23:49] [main/DEBUG]: Skipping Lnet/minecraft/client/renderer/entity/MagmaCubeRenderer;
[04:23:49] [main/DEBUG]: Skipping Lnet/minecraft/client/renderer/entity/LlamaSpitRenderer;
[04:23:49] [main/DEBUG]: Skipping Lnet/minecraft/client/renderer/entity/LlamaRenderer;
[04:23:49] [main/DEBUG]: Skipping Lnet/minecraft/client/renderer/entity/LlamaRenderer$1;
[04:23:49] [main/DEBUG]: Skipping Lnet/minecraft/client/renderer/entity/LightningBoltRenderer;
[04:23:49] [main/DEBUG]: Skipping Lnet/minecraft/client/renderer/entity/LeashKnotRenderer;
[04:23:49] [main/DEBUG]: Skipping Lnet/minecraft/client/renderer/entity/IronGolemRenderer;
[04:23:49] [main/DEBUG]: Skipping Lnet/minecraft/client/renderer/entity/IllusionerRenderer;
[04:23:49] [main/DEBUG]: Skipping Lnet/minecraft/client/renderer/entity/IllusionerRenderer$1;
[04:23:49] [main/DEBUG]: Skipping Lnet/minecraft/client/renderer/entity/IllagerRenderer;
[04:23:49] [main/DEBUG]: Skipping Lnet/minecraft/client/renderer/entity/HuskRenderer;
[04:23:49] [main/DEBUG]: Skipping Lnet/minecraft/client/renderer/entity/HumanoidMobRenderer;
[04:23:49] [main/DEBUG]: Skipping Lnet/minecraft/client/renderer/entity/HorseRenderer;
[04:23:49] [main/DEBUG]: Skipping Lnet/minecraft/client/renderer/entity/HoglinRenderer;
[04:23:49] [main/DEBUG]: Skipping Lnet/minecraft/client/renderer/entity/GuardianRenderer;
[04:23:49] [main/DEBUG]: Skipping Lnet/minecraft/client/renderer/entity/GoatRenderer;
[04:23:49] [main/DEBUG]: Skipping Lnet/minecraft/client/renderer/entity/GlowSquidRenderer;
[04:23:49] [main/DEBUG]: Skipping Lnet/minecraft/client/renderer/entity/GiantMobRenderer;
[04:23:49] [main/DEBUG]: Skipping Lnet/minecraft/client/renderer/entity/GhastRenderer;
[04:23:49] [main/DEBUG]: Skipping Lnet/minecraft/client/renderer/entity/FrogRenderer;
[04:23:49] [main/DEBUG]: Skipping Lnet/minecraft/client/renderer/entity/FoxRenderer;
[04:23:49] [main/DEBUG]: Skipping Lnet/minecraft/client/renderer/entity/FireworkEntityRenderer;
[04:23:49] [main/DEBUG]: Skipping Lnet/minecraft/client/renderer/entity/ExperienceOrbRenderer;
[04:23:49] [main/DEBUG]: Skipping Lnet/minecraft/client/renderer/entity/EvokerRenderer;
[04:23:49] [main/DEBUG]: Skipping Lnet/minecraft/client/renderer/entity/EvokerRenderer$1;
[04:23:49] [main/DEBUG]: Skipping Lnet/minecraft/client/renderer/entity/EvokerFangsRenderer;
[04:23:49] [main/DEBUG]: Transforming class Lnet/minecraft/client/renderer/entity/EntityRenderers;
[04:23:49] [main/DEBUG]: Transforming net/minecraft/client/renderer/entity/EntityRenderers METHOD m_174036_(Lnet/minecraft/world/entity/EntityType;Lnet/minecraft/client/renderer/entity/EntityRendererProvider;)V to access PUBLIC and LEAVE
[04:23:49] [main/DEBUG]: Skipping Lnet/minecraft/client/renderer/entity/EntityRendererProvider;
[04:23:49] [main/DEBUG]: Skipping Lnet/minecraft/client/renderer/entity/EntityRendererProvider$Context;
[04:23:49] [main/DEBUG]: Skipping Lnet/minecraft/client/renderer/entity/EndermiteRenderer;
[04:23:49] [main/DEBUG]: Skipping Lnet/minecraft/client/renderer/entity/EndermanRenderer;
[04:23:49] [main/DEBUG]: Skipping Lnet/minecraft/client/renderer/entity/EnderDragonRenderer;
[04:23:49] [main/DEBUG]: Skipping Lnet/minecraft/client/renderer/entity/EnderDragonRenderer$DragonModel;
[04:23:49] [main/DEBUG]: Skipping Lnet/minecraft/client/renderer/entity/EndCrystalRenderer;
[04:23:49] [main/DEBUG]: Skipping Lnet/minecraft/client/renderer/entity/ElderGuardianRenderer;
[04:23:49] [main/DEBUG]: Skipping Lnet/minecraft/client/renderer/entity/DrownedRenderer;
[04:23:49] [main/DEBUG]: Skipping Lnet/minecraft/client/renderer/entity/DragonFireballRenderer;
[04:23:49] [main/DEBUG]: Skipping Lnet/minecraft/client/renderer/entity/DolphinRenderer;
[04:23:49] [main/DEBUG]: Skipping Lnet/minecraft/client/renderer/entity/DisplayRenderer;
[04:23:49] [main/DEBUG]: Skipping Lnet/minecraft/client/renderer/entity/DisplayRenderer$TextDisplayRenderer;
[04:23:49] [main/DEBUG]: Skipping Lnet/minecraft/client/renderer/entity/DisplayRenderer$ItemDisplayRenderer;
[04:23:49] [main/DEBUG]: Skipping Lnet/minecraft/client/renderer/entity/DisplayRenderer$BlockDisplayRenderer;
[04:23:49] [main/DEBUG]: Skipping Lnet/minecraft/client/renderer/entity/DisplayRenderer$1;
[04:23:49] [main/DEBUG]: Skipping Lnet/minecraft/client/renderer/entity/CreeperRenderer;
[04:23:49] [main/DEBUG]: Skipping Lnet/minecraft/client/renderer/entity/CowRenderer;
[04:23:49] [main/DEBUG]: Skipping Lnet/minecraft/client/renderer/entity/CodRenderer;
[04:23:49] [main/DEBUG]: Skipping Lnet/minecraft/client/renderer/entity/ChickenRenderer;
[04:23:49] [main/DEBUG]: Skipping Lnet/minecraft/client/renderer/entity/ChestedHorseRenderer;
[04:23:49] [main/DEBUG]: Skipping Lnet/minecraft/client/renderer/entity/CaveSpiderRenderer;
[04:23:49] [main/DEBUG]: Skipping Lnet/minecraft/client/renderer/entity/CatRenderer;
[04:23:49] [main/DEBUG]: Skipping Lnet/minecraft/client/renderer/entity/CamelRenderer;
[04:23:49] [main/DEBUG]: Skipping Lnet/minecraft/client/renderer/entity/BreezeRenderer;
[04:23:49] [main/DEBUG]: Skipping Lnet/minecraft/client/renderer/entity/BlazeRenderer;
[04:23:49] [main/DEBUG]: Skipping Lnet/minecraft/client/renderer/entity/BeeRenderer;
[04:23:49] [main/DEBUG]: Skipping Lnet/minecraft/client/renderer/entity/BatRenderer;
[04:23:49] [main/DEBUG]: Skipping Lnet/minecraft/client/renderer/entity/AxolotlRenderer;
[04:23:49] [main/DEBUG]: Skipping Lnet/minecraft/client/renderer/entity/ArrowRenderer;
[04:23:49] [main/DEBUG]: Skipping Lnet/minecraft/client/renderer/entity/ArmorStandRenderer;
[04:23:49] [main/DEBUG]: Skipping Lnet/minecraft/client/renderer/entity/AllayRenderer;
[04:23:49] [main/DEBUG]: Skipping Lnet/minecraft/client/renderer/entity/AbstractZombieRenderer;
[04:23:49] [main/DEBUG]: Skipping Lnet/minecraft/client/renderer/entity/AbstractHorseRenderer;
[04:23:49] [main/DEBUG]: Transforming class Lnet/minecraft/client/renderer/entity/LivingEntityRenderer;
[04:23:49] [main/DEBUG]: Transforming net/minecraft/client/renderer/entity/LivingEntityRenderer METHOD m_115326_(Lnet/minecraft/client/renderer/entity/layers/RenderLayer;)Z to access PUBLIC and LEAVE
[04:23:49] [main/DEBUG]: Skipping Lnet/minecraft/client/renderer/entity/LivingEntityRenderer$1;
[04:23:49] [main/DEBUG]: Transforming class Lnet/minecraft/client/renderer/entity/ItemRenderer;
[04:23:49] [main/DEBUG]: Transforming net/minecraft/client/renderer/entity/ItemRenderer METHOD m_115189_(Lnet/minecraft/client/resources/model/BakedModel;Lnet/minecraft/world/item/ItemStack;IILcom/mojang/blaze3d/vertex/PoseStack;Lcom/mojang/blaze3d/vertex/VertexConsumer;)V to access PUBLIC and LEAVE
[04:23:49] [main/DEBUG]: Transforming net/minecraft/client/renderer/entity/ItemRenderer METHOD m_115162_(Lcom/mojang/blaze3d/vertex/PoseStack;Lcom/mojang/blaze3d/vertex/VertexConsumer;Ljava/util/List;Lnet/minecraft/world/item/ItemStack;II)V to access PUBLIC and LEAVE
[04:23:49] [main/DEBUG]: Skipping Lnet/minecraft/client/renderer/entity/ItemFrameRenderer;
[04:23:49] [main/DEBUG]: Transforming class Lnet/minecraft/client/renderer/entity/ItemEntityRenderer;
[04:23:49] [main/DEBUG]: Transforming net/minecraft/client/renderer/entity/ItemEntityRenderer METHOD m_115042_(Lnet/minecraft/world/item/ItemStack;)I to access PROTECTED and LEAVE
[04:23:49] [main/DEBUG]: Skipping Lnet/minecraft/client/renderer/entity/FishingHookRenderer;
[04:23:49] [main/DEBUG]: Skipping Lnet/minecraft/client/renderer/entity/FallingBlockRenderer;
[04:23:49] [main/DEBUG]: Skipping Lnet/minecraft/client/renderer/entity/EntityRenderer;
[04:23:49] [main/DEBUG]: Transforming class Lnet/minecraft/client/renderer/entity/EntityRenderDispatcher;
[04:23:49] [main/DEBUG]: Transforming net/minecraft/client/renderer/entity/EntityRenderDispatcher FIELD f_114362_ to access PUBLIC and LEAVE
[04:23:49] [main/DEBUG]: Skipping Lnet/minecraft/client/renderer/entity/BoatRenderer;
[04:23:49] [main/DEBUG]: Skipping Lnet/minecraft/client/renderer/debug/package-info;
[04:23:49] [main/DEBUG]: Skipping Lnet/minecraft/client/renderer/debug/WorldGenAttemptRenderer;
[04:23:49] [main/DEBUG]: Skipping Lnet/minecraft/client/renderer/debug/WaterDebugRenderer;
[04:23:49] [main/DEBUG]: Skipping Lnet/minecraft/client/renderer/debug/VillageSectionsDebugRenderer;
[04:23:49] [main/DEBUG]: Skipping Lnet/minecraft/client/renderer/debug/SupportBlockRenderer;
[04:23:49] [main/DEBUG]: Skipping Lnet/minecraft/client/renderer/debug/StructureRenderer;
[04:23:49] [main/DEBUG]: Skipping Lnet/minecraft/client/renderer/debug/SolidFaceRenderer;
[04:23:49] [main/DEBUG]: Skipping Lnet/minecraft/client/renderer/debug/RaidDebugRenderer;
[04:23:49] [main/DEBUG]: Skipping Lnet/minecraft/client/renderer/debug/PathfindingRenderer;
[04:23:49] [main/DEBUG]: Skipping Lnet/minecraft/client/renderer/debug/NeighborsUpdateRenderer;
[04:23:49] [main/DEBUG]: Skipping Lnet/minecraft/client/renderer/debug/LightSectionDebugRenderer;
[04:23:49] [main/DEBUG]: Skipping Lnet/minecraft/client/renderer/debug/LightSectionDebugRenderer$SectionData;
[04:23:49] [main/DEBUG]: Skipping Lnet/minecraft/client/renderer/debug/LightSectionDebugRenderer$1;
[04:23:49] [main/DEBUG]: Skipping Lnet/minecraft/client/renderer/debug/LightDebugRenderer;
[04:23:49] [main/DEBUG]: Skipping Lnet/minecraft/client/renderer/debug/HeightMapRenderer;
[04:23:49] [main/DEBUG]: Skipping Lnet/minecraft/client/renderer/debug/HeightMapRenderer$1;
[04:23:49] [main/DEBUG]: Skipping Lnet/minecraft/client/renderer/debug/GoalSelectorDebugRenderer;
[04:23:49] [main/DEBUG]: Skipping Lnet/minecraft/client/renderer/debug/GoalSelectorDebugRenderer$EntityGoalInfo;
[04:23:49] [main/DEBUG]: Skipping Lnet/minecraft/client/renderer/debug/GameTestDebugRenderer;
[04:23:49] [main/DEBUG]: Skipping Lnet/minecraft/client/renderer/debug/GameTestDebugRenderer$Marker;
[04:23:49] [main/DEBUG]: Skipping Lnet/minecraft/client/renderer/debug/GameEventListenerRenderer;
[04:23:49] [main/DEBUG]: Skipping Lnet/minecraft/client/renderer/debug/GameEventListenerRenderer$TrackedListener;
[04:23:49] [main/DEBUG]: Skipping Lnet/minecraft/client/renderer/debug/GameEventListenerRenderer$TrackedGameEvent;
[04:23:49] [main/DEBUG]: Skipping Lnet/minecraft/client/renderer/debug/DebugRenderer;
[04:23:49] [main/DEBUG]: Skipping Lnet/minecraft/client/renderer/debug/DebugRenderer$SimpleDebugRenderer;
[04:23:49] [main/DEBUG]: Skipping Lnet/minecraft/client/renderer/debug/CollisionBoxRenderer;
[04:23:49] [main/DEBUG]: Skipping Lnet/minecraft/client/renderer/debug/ChunkDebugRenderer;
[04:23:49] [main/DEBUG]: Skipping Lnet/minecraft/client/renderer/debug/ChunkDebugRenderer$ChunkData;
[04:23:49] [main/DEBUG]: Skipping Lnet/minecraft/client/renderer/debug/ChunkBorderRenderer;
[04:23:49] [main/DEBUG]: Skipping Lnet/minecraft/client/renderer/debug/BreezeDebugRenderer;
[04:23:49] [main/DEBUG]: Skipping Lnet/minecraft/client/renderer/debug/BrainDebugRenderer;
[04:23:49] [main/DEBUG]: Skipping Lnet/minecraft/client/renderer/debug/BrainDebugRenderer$PoiInfo;
[04:23:49] [main/DEBUG]: Skipping Lnet/minecraft/client/renderer/debug/BeeDebugRenderer;
[04:23:49] [main/DEBUG]: Skipping Lnet/minecraft/client/renderer/debug/BeeDebugRenderer$HiveDebugInfo;
[04:23:49] [main/DEBUG]: Skipping Lnet/minecraft/client/renderer/culling/package-info;
[04:23:49] [main/DEBUG]: Skipping Lnet/minecraft/client/renderer/culling/Frustum;
[04:23:49] [main/DEBUG]: Skipping Lnet/minecraft/client/renderer/chunk/package-info;
[04:23:49] [main/DEBUG]: Skipping Lnet/minecraft/client/renderer/chunk/VisibilitySet;
[04:23:49] [main/DEBUG]: Skipping Lnet/minecraft/client/renderer/chunk/VisGraph;
[04:23:49] [main/DEBUG]: Skipping Lnet/minecraft/client/renderer/chunk/VisGraph$1;
[04:23:49] [main/DEBUG]: Skipping Lnet/minecraft/client/renderer/chunk/RenderRegionCache;
[04:23:49] [main/DEBUG]: Skipping Lnet/minecraft/client/renderer/chunk/RenderRegionCache$ChunkInfo;
[04:23:49] [main/DEBUG]: Skipping Lnet/minecraft/client/renderer/chunk/RenderChunk;
[04:23:49] [main/DEBUG]: Skipping Lnet/minecraft/client/renderer/chunk/SectionRenderDispatcher;
[04:23:49] [main/DEBUG]: Skipping Lnet/minecraft/client/renderer/chunk/SectionRenderDispatcher$SectionTaskResult;
[04:23:49] [main/DEBUG]: Skipping Lnet/minecraft/client/renderer/chunk/SectionRenderDispatcher$RenderSection;
[04:23:49] [main/DEBUG]: Skipping Lnet/minecraft/client/renderer/chunk/SectionRenderDispatcher$RenderSection$ResortTransparencyTask;
[04:23:49] [main/DEBUG]: Skipping Lnet/minecraft/client/renderer/chunk/SectionRenderDispatcher$RenderSection$RebuildTask;
[04:23:49] [main/DEBUG]: Skipping Lnet/minecraft/client/renderer/chunk/SectionRenderDispatcher$RenderSection$RebuildTask$CompileResults;
[04:23:49] [main/DEBUG]: Skipping Lnet/minecraft/client/renderer/chunk/SectionRenderDispatcher$RenderSection$CompileTask;
[04:23:49] [main/DEBUG]: Skipping Lnet/minecraft/client/renderer/chunk/SectionRenderDispatcher$CompiledSection;
[04:23:49] [main/DEBUG]: Skipping Lnet/minecraft/client/renderer/chunk/SectionRenderDispatcher$CompiledSection$1;
[04:23:49] [main/DEBUG]: Skipping Lnet/minecraft/client/renderer/chunk/RenderChunkRegion;
[04:23:49] [main/DEBUG]: Skipping Lnet/minecraft/client/renderer/blockentity/package-info;
[04:23:49] [main/DEBUG]: Skipping Lnet/minecraft/client/renderer/blockentity/TrialSpawnerRenderer;
[04:23:49] [main/DEBUG]: Skipping Lnet/minecraft/client/renderer/blockentity/TheEndPortalRenderer;
[04:23:49] [main/DEBUG]: Skipping Lnet/minecraft/client/renderer/blockentity/TheEndGatewayRenderer;
[04:23:49] [main/DEBUG]: Skipping Lnet/minecraft/client/renderer/blockentity/StructureBlockRenderer;
[04:23:49] [main/DEBUG]: Skipping Lnet/minecraft/client/renderer/blockentity/StructureBlockRenderer$1;
[04:23:49] [main/DEBUG]: Skipping Lnet/minecraft/client/renderer/blockentity/SpawnerRenderer;
[04:23:49] [main/DEBUG]: Skipping Lnet/minecraft/client/renderer/blockentity/SignRenderer;
[04:23:49] [main/DEBUG]: Skipping Lnet/minecraft/client/renderer/blockentity/SignRenderer$SignModel;
[04:23:49] [main/DEBUG]: Skipping Lnet/minecraft/client/renderer/blockentity/ShulkerBoxRenderer;
[04:23:49] [main/DEBUG]: Skipping Lnet/minecraft/client/renderer/blockentity/LecternRenderer;
[04:23:49] [main/DEBUG]: Skipping Lnet/minecraft/client/renderer/blockentity/HangingSignRenderer;
[04:23:49] [main/DEBUG]: Skipping Lnet/minecraft/client/renderer/blockentity/HangingSignRenderer$HangingSignModel;
[04:23:49] [main/DEBUG]: Skipping Lnet/minecraft/client/renderer/blockentity/EnchantTableRenderer;
[04:23:49] [main/DEBUG]: Skipping Lnet/minecraft/client/renderer/blockentity/DecoratedPotRenderer;
[04:23:49] [main/DEBUG]: Skipping Lnet/minecraft/client/renderer/blockentity/ConduitRenderer;
[04:23:49] [main/DEBUG]: Skipping Lnet/minecraft/client/renderer/blockentity/CampfireRenderer;
[04:23:49] [main/DEBUG]: Skipping Lnet/minecraft/client/renderer/blockentity/BrushableBlockRenderer;
[04:23:49] [main/DEBUG]: Skipping Lnet/minecraft/client/renderer/blockentity/BrushableBlockRenderer$1;
[04:23:49] [main/DEBUG]: Skipping Lnet/minecraft/client/renderer/blockentity/BrightnessCombiner;
[04:23:49] [main/DEBUG]: Skipping Lnet/minecraft/client/renderer/blockentity/BlockEntityRendererProvider;
[04:23:49] [main/DEBUG]: Skipping Lnet/minecraft/client/renderer/blockentity/BlockEntityRendererProvider$Context;
[04:23:49] [main/DEBUG]: Skipping Lnet/minecraft/client/renderer/blockentity/BlockEntityRenderer;
[04:23:49] [main/DEBUG]: Transforming class Lnet/minecraft/client/renderer/blockentity/BlockEntityRenderDispatcher;
[04:23:49] [main/DEBUG]: Transforming net/minecraft/client/renderer/blockentity/BlockEntityRenderDispatcher FIELD f_112253_ to access PUBLIC and LEAVE
[04:23:49] [main/DEBUG]: Skipping Lnet/minecraft/client/renderer/blockentity/BellRenderer;
[04:23:49] [main/DEBUG]: Skipping Lnet/minecraft/client/renderer/blockentity/BedRenderer;
[04:23:49] [main/DEBUG]: Skipping Lnet/minecraft/client/renderer/blockentity/BeaconRenderer;
[04:23:49] [main/DEBUG]: Skipping Lnet/minecraft/client/renderer/blockentity/BannerRenderer;
[04:23:49] [main/DEBUG]: Transforming class Lnet/minecraft/client/renderer/blockentity/SkullBlockRenderer;
[04:23:49] [main/DEBUG]: Transforming net/minecraft/client/renderer/blockentity/SkullBlockRenderer FIELD f_112519_ to access PUBLIC and LEAVE
[04:23:49] [main/DEBUG]: Transforming class Lnet/minecraft/client/renderer/blockentity/PistonHeadRenderer;
[04:23:49] [main/DEBUG]: Transforming net/minecraft/client/renderer/blockentity/PistonHeadRenderer FIELD f_112441_ to access PRIVATE and REMOVEFINAL
[04:23:49] [main/DEBUG]: Skipping Lnet/minecraft/client/renderer/blockentity/ChestRenderer;
[04:23:49] [main/DEBUG]: Transforming class Lnet/minecraft/client/renderer/blockentity/BlockEntityRenderers;
[04:23:49] [main/DEBUG]: Transforming net/minecraft/client/renderer/blockentity/BlockEntityRenderers METHOD m_173590_(Lnet/minecraft/world/level/block/entity/BlockEntityType;Lnet/minecraft/client/renderer/blockentity/BlockEntityRendererProvider;)V to access PUBLIC and LEAVE
[04:23:49] [main/DEBUG]: Skipping Lnet/minecraft/client/renderer/block/package-info;
[04:23:49] [main/DEBUG]: Skipping Lnet/minecraft/client/renderer/block/model/package-info;
[04:23:49] [main/DEBUG]: Skipping Lnet/minecraft/client/renderer/block/model/multipart/package-info;
[04:23:49] [main/DEBUG]: Skipping Lnet/minecraft/client/renderer/block/model/multipart/Selector;
[04:23:49] [main/DEBUG]: Skipping Lnet/minecraft/client/renderer/block/model/multipart/Selector$Deserializer;
[04:23:49] [main/DEBUG]: Skipping Lnet/minecraft/client/renderer/block/model/multipart/OrCondition;
[04:23:49] [main/DEBUG]: Skipping Lnet/minecraft/client/renderer/block/model/multipart/MultiPart;
[04:23:49] [main/DEBUG]: Skipping Lnet/minecraft/client/renderer/block/model/multipart/MultiPart$Deserializer;
[04:23:49] [main/DEBUG]: Skipping Lnet/minecraft/client/renderer/block/model/multipart/KeyValueCondition;
[04:23:49] [main/DEBUG]: Skipping Lnet/minecraft/client/renderer/block/model/multipart/Condition;
[04:23:49] [main/DEBUG]: Skipping Lnet/minecraft/client/renderer/block/model/multipart/AndCondition;
[04:23:49] [main/DEBUG]: Skipping Lnet/minecraft/client/renderer/block/model/Variant;
[04:23:49] [main/DEBUG]: Skipping Lnet/minecraft/client/renderer/block/model/Variant$Deserializer;
[04:23:49] [main/DEBUG]: Transforming class Lnet/minecraft/client/renderer/block/model/ItemOverride;
[04:23:49] [main/DEBUG]: Transforming net/minecraft/client/renderer/block/model/ItemOverride INNERCLASS Deserializer to access PUBLIC and LEAVE
[04:23:49] [main/DEBUG]: Skipping Lnet/minecraft/client/renderer/block/model/ItemOverride$Predicate;
[04:23:49] [main/DEBUG]: Transforming class Lnet/minecraft/client/renderer/block/model/ItemOverride$Deserializer;
[04:23:49] [main/DEBUG]: Transforming net/minecraft/client/renderer/block/model/ItemOverride$Deserializer CLASS to access PUBLIC and LEAVE
[04:23:49] [main/DEBUG]: Transforming net/minecraft/client/renderer/block/model/ItemOverride$Deserializer METHOD <init>()V to access PUBLIC and LEAVE
[04:23:49] [main/DEBUG]: Skipping Lnet/minecraft/client/renderer/block/model/BlockModelDefinition;
[04:23:49] [main/DEBUG]: Skipping Lnet/minecraft/client/renderer/block/model/BlockModelDefinition$MissingVariantException;
[04:23:49] [main/DEBUG]: Skipping Lnet/minecraft/client/renderer/block/model/BlockModelDefinition$Deserializer;
[04:23:49] [main/DEBUG]: Skipping Lnet/minecraft/client/renderer/block/model/BlockModelDefinition$Context;
[04:23:49] [main/DEBUG]: Transforming class Lnet/minecraft/client/renderer/block/model/BlockFaceUV;
[04:23:49] [main/DEBUG]: Transforming net/minecraft/client/renderer/block/model/BlockFaceUV INNERCLASS Deserializer to access PUBLIC and LEAVE
[04:23:49] [main/DEBUG]: Transforming class Lnet/minecraft/client/renderer/block/model/BlockFaceUV$Deserializer;
[04:23:49] [main/DEBUG]: Transforming net/minecraft/client/renderer/block/model/BlockFaceUV$Deserializer CLASS to access PUBLIC and LEAVE
[04:23:49] [main/DEBUG]: Transforming net/minecraft/client/renderer/block/model/BlockFaceUV$Deserializer METHOD <init>()V to access PUBLIC and LEAVE
[04:23:49] [main/DEBUG]: Skipping Lnet/minecraft/client/renderer/block/model/BlockElementRotation;
[04:23:49] [main/DEBUG]: Skipping Lnet/minecraft/client/renderer/block/model/MultiVariant;
[04:23:49] [main/DEBUG]: Skipping Lnet/minecraft/client/renderer/block/model/MultiVariant$Deserializer;
[04:23:49] [main/DEBUG]: Transforming class Lnet/minecraft/client/renderer/block/model/ItemTransforms;
[04:23:49] [main/DEBUG]: Transforming net/minecraft/client/renderer/block/model/ItemTransforms INNERCLASS Deserializer to access PUBLIC and LEAVE
[04:23:49] [main/DEBUG]: Transforming class Lnet/minecraft/client/renderer/block/model/ItemTransforms$Deserializer;
[04:23:49] [main/DEBUG]: Transforming net/minecraft/client/renderer/block/model/ItemTransforms$Deserializer CLASS to access PUBLIC and LEAVE
[04:23:49] [main/DEBUG]: Transforming net/minecraft/client/renderer/block/model/ItemTransforms$Deserializer METHOD <init>()V to access PUBLIC and LEAVE
[04:23:49] [main/DEBUG]: Skipping Lnet/minecraft/client/renderer/block/model/ItemTransforms$1;
[04:23:49] [main/DEBUG]: Transforming class Lnet/minecraft/client/renderer/block/model/ItemTransform;
[04:23:49] [main/DEBUG]: Transforming net/minecraft/client/renderer/block/model/ItemTransform INNERCLASS Deserializer to access PUBLIC and LEAVE
[04:23:49] [main/DEBUG]: Transforming class Lnet/minecraft/client/renderer/block/model/ItemTransform$Deserializer;
[04:23:49] [main/DEBUG]: Transforming net/minecraft/client/renderer/block/model/ItemTransform$Deserializer CLASS to access PUBLIC and LEAVE
[04:23:49] [main/DEBUG]: Transforming net/minecraft/client/renderer/block/model/ItemTransform$Deserializer FIELD f_111769_ to access PUBLIC and LEAVE
[04:23:49] [main/DEBUG]: Transforming net/minecraft/client/renderer/block/model/ItemTransform$Deserializer FIELD f_111770_ to access PUBLIC and LEAVE
[04:23:49] [main/DEBUG]: Transforming net/minecraft/client/renderer/block/model/ItemTransform$Deserializer FIELD f_111771_ to access PUBLIC and LEAVE
[04:23:49] [main/DEBUG]: Transforming net/minecraft/client/renderer/block/model/ItemTransform$Deserializer METHOD <init>()V to access PUBLIC and LEAVE
[04:23:49] [main/DEBUG]: Transforming class Lnet/minecraft/client/renderer/block/model/ItemOverrides;
[04:23:49] [main/DEBUG]: Transforming net/minecraft/client/renderer/block/model/ItemOverrides INNERCLASS BakedOverride to access PUBLIC and LEAVE
[04:23:49] [main/DEBUG]: Transforming net/minecraft/client/renderer/block/model/ItemOverrides METHOD <init>()V to access PROTECTED and LEAVE
[04:23:49] [main/DEBUG]: Skipping Lnet/minecraft/client/renderer/block/model/ItemOverrides$PropertyMatcher;
[04:23:49] [main/DEBUG]: Transforming class Lnet/minecraft/client/renderer/block/model/ItemOverrides$BakedOverride;
[04:23:49] [main/DEBUG]: Transforming net/minecraft/client/renderer/block/model/ItemOverrides$BakedOverride CLASS to access PUBLIC and LEAVE
[04:23:49] [main/DEBUG]: Transforming class Lnet/minecraft/client/renderer/block/model/ItemModelGenerator;
[04:23:49] [main/DEBUG]: Transforming net/minecraft/client/renderer/block/model/ItemModelGenerator METHOD m_111638_(ILjava/lang/String;Lnet/minecraft/client/renderer/texture/SpriteContents;)Ljava/util/List; to access PUBLIC and LEAVE
[04:23:49] [main/DEBUG]: Skipping Lnet/minecraft/client/renderer/block/model/ItemModelGenerator$SpanFacing;
[04:23:49] [main/DEBUG]: Skipping Lnet/minecraft/client/renderer/block/model/ItemModelGenerator$Span;
[04:23:49] [main/DEBUG]: Skipping Lnet/minecraft/client/renderer/block/model/ItemModelGenerator$1;
[04:23:49] [main/DEBUG]: Skipping Lnet/minecraft/client/renderer/block/model/FaceBakery;
[04:23:49] [main/DEBUG]: Skipping Lnet/minecraft/client/renderer/block/model/FaceBakery$1;
[04:23:49] [main/DEBUG]: Transforming class Lnet/minecraft/client/renderer/block/model/BlockModel;
[04:23:49] [main/DEBUG]: Transforming net/minecraft/client/renderer/block/model/BlockModel FIELD f_111424_ to access PUBLIC and LEAVE
[04:23:49] [main/DEBUG]: Transforming net/minecraft/client/renderer/block/model/BlockModel FIELD f_111417_ to access PUBLIC and LEAVE
[04:23:49] [main/DEBUG]: Transforming net/minecraft/client/renderer/block/model/BlockModel FIELD f_111418_ to access PUBLIC and LEAVE
[04:23:49] [main/DEBUG]: Transforming net/minecraft/client/renderer/block/model/BlockModel METHOD m_111437_(Lnet/minecraft/client/renderer/block/model/BlockElement;Lnet/minecraft/client/renderer/block/model/BlockElementFace;Lnet/minecraft/client/renderer/texture/TextureAtlasSprite;Lnet/minecraft/core/Direction;Lnet/minecraft/client/resources/model/ModelState;Lnet/minecraft/resources/ResourceLocation;)Lnet/minecraft/client/renderer/block/model/BakedQuad; to access PUBLIC and LEAVE
[04:23:49] [main/DEBUG]: Skipping Lnet/minecraft/client/renderer/block/model/BlockModel$LoopException;
[04:23:49] [main/DEBUG]: Skipping Lnet/minecraft/client/renderer/block/model/BlockModel$GuiLight;
[04:23:49] [main/DEBUG]: Skipping Lnet/minecraft/client/renderer/block/model/BlockModel$Deserializer;
[04:23:49] [main/DEBUG]: Transforming class Lnet/minecraft/client/renderer/block/model/BlockElementFace;
[04:23:49] [main/DEBUG]: Transforming net/minecraft/client/renderer/block/model/BlockElementFace INNERCLASS Deserializer to access PUBLIC and LEAVE
[04:23:49] [main/DEBUG]: Transforming class Lnet/minecraft/client/renderer/block/model/BlockElementFace$Deserializer;
[04:23:49] [main/DEBUG]: Transforming net/minecraft/client/renderer/block/model/BlockElementFace$Deserializer CLASS to access PUBLIC and LEAVE
[04:23:49] [main/DEBUG]: Transforming net/minecraft/client/renderer/block/model/BlockElementFace$Deserializer METHOD <init>()V to access PUBLIC and LEAVE
[04:23:49] [main/DEBUG]: Transforming class Lnet/minecraft/client/renderer/block/model/BlockElement;
[04:23:49] [main/DEBUG]: Transforming net/minecraft/client/renderer/block/model/BlockElement INNERCLASS Deserializer to access PUBLIC and LEAVE
[04:23:49] [main/DEBUG]: Transforming net/minecraft/client/renderer/block/model/BlockElement METHOD m_111320_(Lnet/minecraft/core/Direction;)[F to access PUBLIC and LEAVE
[04:23:49] [main/DEBUG]: Transforming class Lnet/minecraft/client/renderer/block/model/BlockElement$Deserializer;
[04:23:49] [main/DEBUG]: Transforming net/minecraft/client/renderer/block/model/BlockElement$Deserializer CLASS to access PUBLIC and LEAVE
[04:23:49] [main/DEBUG]: Transforming net/minecraft/client/renderer/block/model/BlockElement$Deserializer METHOD <init>()V to access PUBLIC and LEAVE
[04:23:49] [main/DEBUG]: Skipping Lnet/minecraft/client/renderer/block/model/BlockElement$1;
[04:23:49] [main/DEBUG]: Skipping Lnet/minecraft/client/renderer/block/model/BakedQuad;
[04:23:49] [main/DEBUG]: Skipping Lnet/minecraft/client/renderer/block/ModelBlockRenderer;
[04:23:49] [main/DEBUG]: Skipping Lnet/minecraft/client/renderer/block/ModelBlockRenderer$SizeInfo;
[04:23:49] [main/DEBUG]: Skipping Lnet/minecraft/client/renderer/block/ModelBlockRenderer$Cache;
[04:23:49] [main/DEBUG]: Skipping Lnet/minecraft/client/renderer/block/ModelBlockRenderer$Cache$2;
[04:23:49] [main/DEBUG]: Skipping Lnet/minecraft/client/renderer/block/ModelBlockRenderer$Cache$1;
[04:23:49] [main/DEBUG]: Skipping Lnet/minecraft/client/renderer/block/ModelBlockRenderer$AmbientVertexRemap;
[04:23:49] [main/DEBUG]: Skipping Lnet/minecraft/client/renderer/block/ModelBlockRenderer$AmbientOcclusionFace;
[04:23:49] [main/DEBUG]: Skipping Lnet/minecraft/client/renderer/block/ModelBlockRenderer$AdjacencyInfo;
[04:23:49] [main/DEBUG]: Skipping Lnet/minecraft/client/renderer/block/ModelBlockRenderer$1;
[04:23:49] [main/DEBUG]: Skipping Lnet/minecraft/client/renderer/block/LiquidBlockRenderer;
[04:23:49] [main/DEBUG]: Skipping Lnet/minecraft/client/renderer/block/LiquidBlockRenderer$1;
[04:23:49] [main/DEBUG]: Skipping Lnet/minecraft/client/renderer/block/BlockRenderDispatcher;
[04:23:49] [main/DEBUG]: Skipping Lnet/minecraft/client/renderer/block/BlockRenderDispatcher$1;
[04:23:49] [main/DEBUG]: Skipping Lnet/minecraft/client/renderer/block/BlockModelShaper;
[04:23:49] [main/DEBUG]: Skipping Lnet/minecraft/client/renderer/VirtualScreen;
[04:23:49] [main/DEBUG]: Skipping Lnet/minecraft/client/renderer/ViewArea;
[04:23:49] [main/DEBUG]: Skipping Lnet/minecraft/client/renderer/SectionOcclusionGraph;
[04:23:49] [main/DEBUG]: Skipping Lnet/minecraft/client/renderer/SectionOcclusionGraph$SectionToNodeMap;
[04:23:49] [main/DEBUG]: Skipping Lnet/minecraft/client/renderer/SectionOcclusionGraph$Node;
[04:23:49] [main/DEBUG]: Skipping Lnet/minecraft/client/renderer/SectionOcclusionGraph$GraphStorage;
[04:23:49] [main/DEBUG]: Skipping Lnet/minecraft/client/renderer/SectionOcclusionGraph$GraphState;
[04:23:49] [main/DEBUG]: Skipping Lnet/minecraft/client/renderer/SectionOcclusionGraph$GraphEvents;
[04:23:49] [main/DEBUG]: Skipping Lnet/minecraft/client/renderer/SectionBufferBuilderPool;
[04:23:49] [main/DEBUG]: Skipping Lnet/minecraft/client/renderer/SectionBufferBuilderPack;
[04:23:49] [main/DEBUG]: Skipping Lnet/minecraft/client/renderer/RunningTrimmedMean;
[04:23:49] [main/DEBUG]: Transforming class Lnet/minecraft/client/renderer/RenderStateShard;
[04:23:49] [main/DEBUG]: Transforming net/minecraft/client/renderer/RenderStateShard INNERCLASS TextureStateShard to access PUBLIC and LEAVE
[04:23:49] [main/DEBUG]: Transforming net/minecraft/client/renderer/RenderStateShard INNERCLASS LayeringStateShard to access PUBLIC and LEAVE
[04:23:49] [main/DEBUG]: Transforming net/minecraft/client/renderer/RenderStateShard INNERCLASS EmptyTextureStateShard to access PUBLIC and LEAVE
[04:23:49] [main/DEBUG]: Transforming net/minecraft/client/renderer/RenderStateShard INNERCLASS WriteMaskStateShard to access PUBLIC and LEAVE
[04:23:49] [main/DEBUG]: Transforming net/minecraft/client/renderer/RenderStateShard INNERCLASS TransparencyStateShard to access PUBLIC and LEAVE
[04:23:49] [main/DEBUG]: Transforming net/minecraft/client/renderer/RenderStateShard INNERCLASS OverlayStateShard to access PUBLIC and LEAVE
[04:23:49] [main/DEBUG]: Transforming net/minecraft/client/renderer/RenderStateShard INNERCLASS OutputStateShard to access PUBLIC and LEAVE
[04:23:49] [main/DEBUG]: Transforming net/minecraft/client/renderer/RenderStateShard INNERCLASS MultiTextureStateShard to access PUBLIC and LEAVE
[04:23:49] [main/DEBUG]: Transforming net/minecraft/client/renderer/RenderStateShard INNERCLASS CullStateShard to access PUBLIC and LEAVE
[04:23:49] [main/DEBUG]: Transforming net/minecraft/client/renderer/RenderStateShard INNERCLASS ShaderStateShard to access PUBLIC and LEAVE
[04:23:49] [main/DEBUG]: Transforming net/minecraft/client/renderer/RenderStateShard INNERCLASS LightmapStateShard to access PUBLIC and LEAVE
[04:23:49] [main/DEBUG]: Transforming net/minecraft/client/renderer/RenderStateShard INNERCLASS DepthTestStateShard to access PUBLIC and LEAVE
[04:23:49] [main/DEBUG]: Transforming net/minecraft/client/renderer/RenderStateShard INNERCLASS TexturingStateShard to access PUBLIC and LEAVE
[04:23:49] [main/DEBUG]: Transforming net/minecraft/client/renderer/RenderStateShard INNERCLASS OffsetTexturingStateShard to access PUBLIC and LEAVE
[04:23:49] [main/DEBUG]: Transforming net/minecraft/client/renderer/RenderStateShard INNERCLASS BooleanStateShard to access PUBLIC and LEAVE
[04:23:49] [main/DEBUG]: Transforming net/minecraft/client/renderer/RenderStateShard FIELD f_110131_ to access PROTECTED and REMOVEFINAL
[04:23:49] [main/DEBUG]: Transforming class Lnet/minecraft/client/renderer/RenderStateShard$WriteMaskStateShard;
[04:23:49] [main/DEBUG]: Transforming net/minecraft/client/renderer/RenderStateShard$WriteMaskStateShard CLASS to access PUBLIC and LEAVE
[04:23:49] [main/DEBUG]: Transforming class Lnet/minecraft/client/renderer/RenderStateShard$TransparencyStateShard;
[04:23:49] [main/DEBUG]: Transforming net/minecraft/client/renderer/RenderStateShard$TransparencyStateShard CLASS to access PUBLIC and LEAVE
[04:23:49] [main/DEBUG]: Transforming class Lnet/minecraft/client/renderer/RenderStateShard$TexturingStateShard;
[04:23:49] [main/DEBUG]: Transforming net/minecraft/client/renderer/RenderStateShard$TexturingStateShard CLASS to access PUBLIC and LEAVE
[04:23:49] [main/DEBUG]: Transforming class Lnet/minecraft/client/renderer/RenderStateShard$TextureStateShard;
[04:23:49] [main/DEBUG]: Transforming net/minecraft/client/renderer/RenderStateShard$TextureStateShard CLASS to access PUBLIC and LEAVE
[04:23:49] [main/DEBUG]: Transforming net/minecraft/client/renderer/RenderStateShard$TextureStateShard FIELD f_110329_ to access PROTECTED and REMOVEFINAL
[04:23:49] [main/DEBUG]: Transforming net/minecraft/client/renderer/RenderStateShard$TextureStateShard FIELD f_110330_ to access PROTECTED and REMOVEFINAL
[04:23:49] [main/DEBUG]: Transforming class Lnet/minecraft/client/renderer/RenderStateShard$ShaderStateShard;
[04:23:49] [main/DEBUG]: Transforming net/minecraft/client/renderer/RenderStateShard$ShaderStateShard CLASS to access PUBLIC and LEAVE
[04:23:49] [main/DEBUG]: Transforming class Lnet/minecraft/client/renderer/RenderStateShard$OverlayStateShard;
[04:23:49] [main/DEBUG]: Transforming net/minecraft/client/renderer/RenderStateShard$OverlayStateShard CLASS to access PUBLIC and LEAVE
[04:23:49] [main/DEBUG]: Transforming class Lnet/minecraft/client/renderer/RenderStateShard$OutputStateShard;
[04:23:49] [main/DEBUG]: Transforming net/minecraft/client/renderer/RenderStateShard$OutputStateShard CLASS to access PUBLIC and LEAVE
[04:23:49] [main/DEBUG]: Transforming class Lnet/minecraft/client/renderer/RenderStateShard$OffsetTexturingStateShard;
[04:23:49] [main/DEBUG]: Transforming net/minecraft/client/renderer/RenderStateShard$OffsetTexturingStateShard CLASS to access PUBLIC and LEAVE
[04:23:49] [main/DEBUG]: Transforming class Lnet/minecraft/client/renderer/RenderStateShard$MultiTextureStateShard;
[04:23:49] [main/DEBUG]: Transforming net/minecraft/client/renderer/RenderStateShard$MultiTextureStateShard CLASS to access PUBLIC and LEAVE
[04:23:49] [main/DEBUG]: Skipping Lnet/minecraft/client/renderer/RenderStateShard$MultiTextureStateShard$Builder;
[04:23:49] [main/DEBUG]: Skipping Lnet/minecraft/client/renderer/RenderStateShard$LineStateShard;
[04:23:49] [main/DEBUG]: Transforming class Lnet/minecraft/client/renderer/RenderStateShard$LightmapStateShard;
[04:23:49] [main/DEBUG]: Transforming net/minecraft/client/renderer/RenderStateShard$LightmapStateShard CLASS to access PUBLIC and LEAVE
[04:23:49] [main/DEBUG]: Transforming class Lnet/minecraft/client/renderer/RenderStateShard$LayeringStateShard;
[04:23:49] [main/DEBUG]: Transforming net/minecraft/client/renderer/RenderStateShard$LayeringStateShard CLASS to access PUBLIC and LEAVE
[04:23:49] [main/DEBUG]: Transforming class Lnet/minecraft/client/renderer/RenderStateShard$EmptyTextureStateShard;
[04:23:49] [main/DEBUG]: Transforming net/minecraft/client/renderer/RenderStateShard$EmptyTextureStateShard CLASS to access PUBLIC and LEAVE
[04:23:49] [main/DEBUG]: Transforming class Lnet/minecraft/client/renderer/RenderStateShard$DepthTestStateShard;
[04:23:49] [main/DEBUG]: Transforming net/minecraft/client/renderer/RenderStateShard$DepthTestStateShard CLASS to access PUBLIC and LEAVE
[04:23:49] [main/DEBUG]: Transforming class Lnet/minecraft/client/renderer/RenderStateShard$CullStateShard;
[04:23:49] [main/DEBUG]: Transforming net/minecraft/client/renderer/RenderStateShard$CullStateShard CLASS to access PUBLIC and LEAVE
[04:23:49] [main/DEBUG]: Skipping Lnet/minecraft/client/renderer/RenderStateShard$ColorLogicStateShard;
[04:23:49] [main/DEBUG]: Transforming class Lnet/minecraft/client/renderer/RenderStateShard$BooleanStateShard;
[04:23:49] [main/DEBUG]: Transforming net/minecraft/client/renderer/RenderStateShard$BooleanStateShard CLASS to access PUBLIC and LEAVE
[04:23:49] [main/DEBUG]: Skipping Lnet/minecraft/client/renderer/RenderBuffers;
[04:23:49] [main/DEBUG]: Skipping Lnet/minecraft/client/renderer/Rect2i;
[04:23:49] [main/DEBUG]: Skipping Lnet/minecraft/client/renderer/PostPass;
[04:23:49] [main/DEBUG]: Skipping Lnet/minecraft/client/renderer/PanoramaRenderer;
[04:23:49] [main/DEBUG]: Skipping Lnet/minecraft/client/renderer/OutlineBufferSource;
[04:23:49] [main/DEBUG]: Skipping Lnet/minecraft/client/renderer/OutlineBufferSource$EntityOutlineGenerator;
[04:23:49] [main/DEBUG]: Skipping Lnet/minecraft/client/renderer/MultiBufferSource;
[04:23:49] [main/DEBUG]: Skipping Lnet/minecraft/client/renderer/MultiBufferSource$BufferSource;
[04:23:49] [main/DEBUG]: Skipping Lnet/minecraft/client/renderer/GpuWarnlistManager;
[04:23:49] [main/DEBUG]: Skipping Lnet/minecraft/client/renderer/GpuWarnlistManager$Preparations;
[04:23:49] [main/DEBUG]: Skipping Lnet/minecraft/client/renderer/FaceInfo;
[04:23:49] [main/DEBUG]: Skipping Lnet/minecraft/client/renderer/FaceInfo$VertexInfo;
[04:23:49] [main/DEBUG]: Skipping Lnet/minecraft/client/renderer/FaceInfo$Constants;
[04:23:49] [main/DEBUG]: Skipping Lnet/minecraft/client/renderer/CubeMap;
[04:23:49] [main/DEBUG]: Skipping Lnet/minecraft/client/renderer/BlockEntityWithoutLevelRenderer;
[04:23:49] [main/DEBUG]: Skipping Lnet/minecraft/client/renderer/BiomeColors;
[04:23:49] [main/DEBUG]: Skipping Lnet/minecraft/client/renderer/SpriteCoordinateExpander;
[04:23:49] [main/DEBUG]: Skipping Lnet/minecraft/client/renderer/Sheets;
[04:23:49] [main/DEBUG]: Skipping Lnet/minecraft/client/renderer/Sheets$1;
[04:23:49] [main/DEBUG]: Skipping Lnet/minecraft/client/renderer/ShaderInstance;
[04:23:49] [main/DEBUG]: Skipping Lnet/minecraft/client/renderer/ShaderInstance$1;
[04:23:49] [main/DEBUG]: Skipping Lnet/minecraft/client/renderer/ScreenEffectRenderer;
[04:23:49] [main/DEBUG]: Transforming class Lnet/minecraft/client/renderer/RenderType;
[04:23:49] [main/DEBUG]: Transforming net/minecraft/client/renderer/RenderType INNERCLASS CompositeState to access PUBLIC and LEAVE
[04:23:49] [main/DEBUG]: Transforming net/minecraft/client/renderer/RenderType METHOD m_173215_(Ljava/lang/String;Lcom/mojang/blaze3d/vertex/VertexFormat;Lcom/mojang/blaze3d/vertex/VertexFormat$Mode;IZZLnet/minecraft/client/renderer/RenderType$CompositeState;)Lnet/minecraft/client/renderer/RenderType$CompositeRenderType; to access PUBLIC and LEAVE
[04:23:49] [main/DEBUG]: Skipping Lnet/minecraft/client/renderer/RenderType$OutlineProperty;
[04:23:49] [main/DEBUG]: Transforming class Lnet/minecraft/client/renderer/RenderType$CompositeState;
[04:23:49] [main/DEBUG]: Transforming net/minecraft/client/renderer/RenderType$CompositeState CLASS to access PUBLIC and LEAVE
[04:23:49] [main/DEBUG]: Skipping Lnet/minecraft/client/renderer/RenderType$CompositeState$CompositeStateBuilder;
[04:23:49] [main/DEBUG]: Skipping Lnet/minecraft/client/renderer/RenderType$CompositeRenderType;
[04:23:49] [main/DEBUG]: Skipping Lnet/minecraft/client/renderer/PostChain;
[04:23:49] [main/DEBUG]: Skipping Lnet/minecraft/client/renderer/LightTexture;
[04:23:49] [main/DEBUG]: Transforming class Lnet/minecraft/client/renderer/LevelRenderer;
[04:23:49] [main/DEBUG]: Transforming net/minecraft/client/renderer/LevelRenderer METHOD m_109817_()Z to access PUBLIC and LEAVE
[04:23:49] [main/DEBUG]: Skipping Lnet/minecraft/client/renderer/LevelRenderer$TransparencyShaderException;
[04:23:49] [main/DEBUG]: Skipping Lnet/minecraft/client/renderer/ItemModelShaper;
[04:23:49] [main/DEBUG]: Skipping Lnet/minecraft/client/renderer/ItemInHandRenderer;
[04:23:49] [main/DEBUG]: Skipping Lnet/minecraft/client/renderer/ItemInHandRenderer$HandRenderSelection;
[04:23:49] [main/DEBUG]: Skipping Lnet/minecraft/client/renderer/ItemInHandRenderer$1;
[04:23:49] [main/DEBUG]: Skipping Lnet/minecraft/client/renderer/ItemBlockRenderTypes;
[04:23:49] [main/DEBUG]: Transforming class Lnet/minecraft/client/renderer/GameRenderer;
[04:23:49] [main/DEBUG]: Transforming net/minecraft/client/renderer/GameRenderer METHOD m_109128_(Lnet/minecraft/resources/ResourceLocation;)V to access PUBLIC and LEAVE
[04:23:49] [main/DEBUG]: Skipping Lnet/minecraft/client/renderer/GameRenderer$ResourceCache;
[04:23:49] [main/DEBUG]: Skipping Lnet/minecraft/client/renderer/GameRenderer$1;
[04:23:49] [main/DEBUG]: Skipping Lnet/minecraft/client/renderer/FogRenderer;
[04:23:49] [main/DEBUG]: Skipping Lnet/minecraft/client/renderer/FogRenderer$MobEffectFogFunction;
[04:23:49] [main/DEBUG]: Skipping Lnet/minecraft/client/renderer/FogRenderer$FogMode;
[04:23:49] [main/DEBUG]: Skipping Lnet/minecraft/client/renderer/FogRenderer$FogData;
[04:23:49] [main/DEBUG]: Skipping Lnet/minecraft/client/renderer/FogRenderer$DarknessFogFunction;
[04:23:49] [main/DEBUG]: Skipping Lnet/minecraft/client/renderer/FogRenderer$BlindnessFogFunction;
[04:23:49] [main/DEBUG]: Skipping Lnet/minecraft/client/renderer/EffectInstance;
[04:23:49] [main/DEBUG]: Skipping Lnet/minecraft/client/renderer/DimensionSpecialEffects;
[04:23:49] [main/DEBUG]: Skipping Lnet/minecraft/client/renderer/DimensionSpecialEffects$SkyType;
[04:23:49] [main/DEBUG]: Skipping Lnet/minecraft/client/renderer/DimensionSpecialEffects$OverworldEffects;
[04:23:49] [main/DEBUG]: Skipping Lnet/minecraft/client/renderer/DimensionSpecialEffects$NetherEffects;
[04:23:49] [main/DEBUG]: Skipping Lnet/minecraft/client/renderer/DimensionSpecialEffects$EndEffects;
[04:23:49] [main/DEBUG]: Skipping Lnet/minecraft/client/quickplay/package-info;
[04:23:49] [main/DEBUG]: Skipping Lnet/minecraft/client/quickplay/QuickPlayLog;
[04:23:49] [main/DEBUG]: Skipping Lnet/minecraft/client/quickplay/QuickPlayLog$Type;
[04:23:49] [main/DEBUG]: Skipping Lnet/minecraft/client/quickplay/QuickPlayLog$QuickPlayWorld;
[04:23:49] [main/DEBUG]: Skipping Lnet/minecraft/client/quickplay/QuickPlayLog$QuickPlayEntry;
[04:23:49] [main/DEBUG]: Skipping Lnet/minecraft/client/quickplay/QuickPlayLog$1;
[04:23:49] [main/DEBUG]: Skipping Lnet/minecraft/client/quickplay/QuickPlay;
[04:23:49] [main/DEBUG]: Skipping Lnet/minecraft/client/profiling/package-info;
[04:23:49] [main/DEBUG]: Skipping Lnet/minecraft/client/profiling/ClientMetricsSamplersProvider;
[04:23:49] [main/DEBUG]: Skipping Lnet/minecraft/client/player/package-info;
[04:23:49] [main/DEBUG]: Skipping Lnet/minecraft/client/player/inventory/package-info;
[04:23:49] [main/DEBUG]: Skipping Lnet/minecraft/client/player/inventory/Hotbar;
[04:23:49] [main/DEBUG]: Skipping Lnet/minecraft/client/player/KeyboardInput;
[04:23:49] [main/DEBUG]: Skipping Lnet/minecraft/client/player/Input;
[04:23:49] [main/DEBUG]: Skipping Lnet/minecraft/client/player/RemotePlayer;
[04:23:49] [main/DEBUG]: Transforming class Lnet/minecraft/client/player/LocalPlayer;
[04:23:49] [main/DEBUG]: Transforming net/minecraft/client/player/LocalPlayer METHOD m_8088_()I to access PUBLIC and LEAVE
[04:23:49] [main/DEBUG]: Skipping Lnet/minecraft/client/player/AbstractClientPlayer;
[04:23:49] [main/DEBUG]: Skipping Lnet/minecraft/client/particle/package-info;
[04:23:49] [main/DEBUG]: Skipping Lnet/minecraft/client/particle/WhiteSmokeParticle;
[04:23:49] [main/DEBUG]: Skipping Lnet/minecraft/client/particle/WhiteSmokeParticle$Provider;
[04:23:49] [main/DEBUG]: Skipping Lnet/minecraft/client/particle/WhiteAshParticle;
[04:23:49] [main/DEBUG]: Skipping Lnet/minecraft/client/particle/WhiteAshParticle$Provider;
[04:23:49] [main/DEBUG]: Skipping Lnet/minecraft/client/particle/WaterDropParticle;
[04:23:49] [main/DEBUG]: Skipping Lnet/minecraft/client/particle/WaterDropParticle$Provider;
[04:23:49] [main/DEBUG]: Skipping Lnet/minecraft/client/particle/WaterCurrentDownParticle;
[04:23:49] [main/DEBUG]: Skipping Lnet/minecraft/client/particle/WaterCurrentDownParticle$Provider;
[04:23:49] [main/DEBUG]: Skipping Lnet/minecraft/client/particle/WakeParticle;
[04:23:49] [main/DEBUG]: Skipping Lnet/minecraft/client/particle/WakeParticle$Provider;
[04:23:49] [main/DEBUG]: Skipping Lnet/minecraft/client/particle/TrialSpawnerDetectionParticle;
[04:23:49] [main/DEBUG]: Skipping Lnet/minecraft/client/particle/TrialSpawnerDetectionParticle$Provider;
[04:23:49] [main/DEBUG]: Skipping Lnet/minecraft/client/particle/TrackingEmitter;
[04:23:49] [main/DEBUG]: Skipping Lnet/minecraft/client/particle/TotemParticle;
[04:23:49] [main/DEBUG]: Skipping Lnet/minecraft/client/particle/TotemParticle$Provider;
[04:23:49] [main/DEBUG]: Skipping Lnet/minecraft/client/particle/TextureSheetParticle;
[04:23:49] [main/DEBUG]: Skipping Lnet/minecraft/client/particle/SuspendedTownParticle;
[04:23:49] [main/DEBUG]: Skipping Lnet/minecraft/client/particle/SuspendedTownParticle$Provider;
[04:23:49] [main/DEBUG]: Skipping Lnet/minecraft/client/particle/SuspendedTownParticle$HappyVillagerProvider;
[04:23:49] [main/DEBUG]: Skipping Lnet/minecraft/client/particle/SuspendedTownParticle$EggCrackProvider;
[04:23:49] [main/DEBUG]: Skipping Lnet/minecraft/client/particle/SuspendedTownParticle$DolphinSpeedProvider;
[04:23:49] [main/DEBUG]: Skipping Lnet/minecraft/client/particle/SuspendedTownParticle$ComposterFillProvider;
[04:23:49] [main/DEBUG]: Skipping Lnet/minecraft/client/particle/SuspendedParticle;
[04:23:49] [main/DEBUG]: Skipping Lnet/minecraft/client/particle/SuspendedParticle$WarpedSporeProvider;
[04:23:49] [main/DEBUG]: Skipping Lnet/minecraft/client/particle/SuspendedParticle$UnderwaterProvider;
[04:23:49] [main/DEBUG]: Skipping Lnet/minecraft/client/particle/SuspendedParticle$SporeBlossomAirProvider;
[04:23:49] [main/DEBUG]: Skipping Lnet/minecraft/client/particle/SuspendedParticle$SporeBlossomAirProvider$1;
[04:23:49] [main/DEBUG]: Skipping Lnet/minecraft/client/particle/SuspendedParticle$CrimsonSporeProvider;
[04:23:49] [main/DEBUG]: Skipping Lnet/minecraft/client/particle/SquidInkParticle;
[04:23:49] [main/DEBUG]: Skipping Lnet/minecraft/client/particle/SquidInkParticle$Provider;
[04:23:49] [main/DEBUG]: Skipping Lnet/minecraft/client/particle/SquidInkParticle$GlowInkProvider;
[04:23:49] [main/DEBUG]: Skipping Lnet/minecraft/client/particle/SpriteSet;
[04:23:49] [main/DEBUG]: Skipping Lnet/minecraft/client/particle/SplashParticle;
[04:23:49] [main/DEBUG]: Skipping Lnet/minecraft/client/particle/SplashParticle$Provider;
[04:23:49] [main/DEBUG]: Skipping Lnet/minecraft/client/particle/SpitParticle;
[04:23:49] [main/DEBUG]: Skipping Lnet/minecraft/client/particle/SpitParticle$Provider;
[04:23:49] [main/DEBUG]: Skipping Lnet/minecraft/client/particle/SpellParticle;
[04:23:49] [main/DEBUG]: Skipping Lnet/minecraft/client/particle/SpellParticle$WitchProvider;
[04:23:49] [main/DEBUG]: Skipping Lnet/minecraft/client/particle/SpellParticle$Provider;
[04:23:49] [main/DEBUG]: Skipping Lnet/minecraft/client/particle/SpellParticle$MobProvider;
[04:23:49] [main/DEBUG]: Skipping Lnet/minecraft/client/particle/SpellParticle$InstantProvider;
[04:23:49] [main/DEBUG]: Skipping Lnet/minecraft/client/particle/SpellParticle$AmbientMobProvider;
[04:23:49] [main/DEBUG]: Skipping Lnet/minecraft/client/particle/SoulParticle;
[04:23:49] [main/DEBUG]: Skipping Lnet/minecraft/client/particle/SoulParticle$Provider;
[04:23:49] [main/DEBUG]: Skipping Lnet/minecraft/client/particle/SoulParticle$EmissiveProvider;
[04:23:49] [main/DEBUG]: Skipping Lnet/minecraft/client/particle/SonicBoomParticle;
[04:23:49] [main/DEBUG]: Skipping Lnet/minecraft/client/particle/SonicBoomParticle$Provider;
[04:23:49] [main/DEBUG]: Skipping Lnet/minecraft/client/particle/SnowflakeParticle;
[04:23:49] [main/DEBUG]: Skipping Lnet/minecraft/client/particle/SnowflakeParticle$Provider;
[04:23:49] [main/DEBUG]: Skipping Lnet/minecraft/client/particle/SmokeParticle;
[04:23:49] [main/DEBUG]: Skipping Lnet/minecraft/client/particle/SmokeParticle$Provider;
[04:23:49] [main/DEBUG]: Skipping Lnet/minecraft/client/particle/SingleQuadParticle;
[04:23:49] [main/DEBUG]: Skipping Lnet/minecraft/client/particle/SingleQuadParticle$FacingCameraMode;
[04:23:49] [main/DEBUG]: Skipping Lnet/minecraft/client/particle/SimpleAnimatedParticle;
[04:23:49] [main/DEBUG]: Skipping Lnet/minecraft/client/particle/ShriekParticle;
[04:23:49] [main/DEBUG]: Skipping Lnet/minecraft/client/particle/ShriekParticle$Provider;
[04:23:49] [main/DEBUG]: Skipping Lnet/minecraft/client/particle/SculkChargePopParticle;
[04:23:49] [main/DEBUG]: Skipping Lnet/minecraft/client/particle/SculkChargePopParticle$Provider;
[04:23:49] [main/DEBUG]: Skipping Lnet/minecraft/client/particle/SculkChargeParticle;
[04:23:49] [main/DEBUG]: Skipping Lnet/minecraft/client/particle/SculkChargeParticle$Provider;
[04:23:49] [main/DEBUG]: Skipping Lnet/minecraft/client/particle/RisingParticle;
[04:23:49] [main/DEBUG]: Skipping Lnet/minecraft/client/particle/PlayerCloudParticle;
[04:23:49] [main/DEBUG]: Skipping Lnet/minecraft/client/particle/PlayerCloudParticle$SneezeProvider;
[04:23:49] [main/DEBUG]: Skipping Lnet/minecraft/client/particle/PlayerCloudParticle$Provider;
[04:23:49] [main/DEBUG]: Skipping Lnet/minecraft/client/particle/ParticleRenderType;
[04:23:49] [main/DEBUG]: Skipping Lnet/minecraft/client/particle/ParticleRenderType$6;
[04:23:49] [main/DEBUG]: Skipping Lnet/minecraft/client/particle/ParticleRenderType$5;
[04:23:49] [main/DEBUG]: Skipping Lnet/minecraft/client/particle/ParticleRenderType$4;
[04:23:49] [main/DEBUG]: Skipping Lnet/minecraft/client/particle/ParticleRenderType$3;
[04:23:49] [main/DEBUG]: Skipping Lnet/minecraft/client/particle/ParticleRenderType$2;
[04:23:49] [main/DEBUG]: Skipping Lnet/minecraft/client/particle/ParticleRenderType$1;
[04:23:49] [main/DEBUG]: Skipping Lnet/minecraft/client/particle/ParticleProvider;
[04:23:49] [main/DEBUG]: Skipping Lnet/minecraft/client/particle/ParticleProvider$Sprite;
[04:23:49] [main/DEBUG]: Skipping Lnet/minecraft/client/particle/ParticleDescription;
[04:23:49] [main/DEBUG]: Skipping Lnet/minecraft/client/particle/NoteParticle;
[04:23:49] [main/DEBUG]: Skipping Lnet/minecraft/client/particle/NoteParticle$Provider;
[04:23:49] [main/DEBUG]: Skipping Lnet/minecraft/client/particle/NoRenderParticle;
[04:23:49] [main/DEBUG]: Skipping Lnet/minecraft/client/particle/MobAppearanceParticle;
[04:23:49] [main/DEBUG]: Skipping Lnet/minecraft/client/particle/MobAppearanceParticle$Provider;
[04:23:49] [main/DEBUG]: Skipping Lnet/minecraft/client/particle/LavaParticle;
[04:23:49] [main/DEBUG]: Skipping Lnet/minecraft/client/particle/LavaParticle$Provider;
[04:23:49] [main/DEBUG]: Skipping Lnet/minecraft/client/particle/LargeSmokeParticle;
[04:23:49] [main/DEBUG]: Skipping Lnet/minecraft/client/particle/LargeSmokeParticle$Provider;
[04:23:49] [main/DEBUG]: Skipping Lnet/minecraft/client/particle/ItemPickupParticle;
[04:23:49] [main/DEBUG]: Skipping Lnet/minecraft/client/particle/HugeExplosionSeedParticle;
[04:23:49] [main/DEBUG]: Skipping Lnet/minecraft/client/particle/HugeExplosionSeedParticle$Provider;
[04:23:49] [main/DEBUG]: Skipping Lnet/minecraft/client/particle/HugeExplosionParticle;
[04:23:49] [main/DEBUG]: Skipping Lnet/minecraft/client/particle/HugeExplosionParticle$Provider;
[04:23:49] [main/DEBUG]: Skipping Lnet/minecraft/client/particle/HeartParticle;
[04:23:49] [main/DEBUG]: Skipping Lnet/minecraft/client/particle/HeartParticle$Provider;
[04:23:49] [main/DEBUG]: Skipping Lnet/minecraft/client/particle/HeartParticle$AngryVillagerProvider;
[04:23:49] [main/DEBUG]: Skipping Lnet/minecraft/client/particle/GustSeedParticle;
[04:23:49] [main/DEBUG]: Skipping Lnet/minecraft/client/particle/GustSeedParticle$Provider;
[04:23:49] [main/DEBUG]: Skipping Lnet/minecraft/client/particle/GustParticle;
[04:23:49] [main/DEBUG]: Skipping Lnet/minecraft/client/particle/GustParticle$Provider;
[04:23:49] [main/DEBUG]: Skipping Lnet/minecraft/client/particle/GustDustParticle;
[04:23:49] [main/DEBUG]: Skipping Lnet/minecraft/client/particle/GustDustParticle$GustDustParticleProvider;
[04:23:49] [main/DEBUG]: Skipping Lnet/minecraft/client/particle/GlowParticle;
[04:23:49] [main/DEBUG]: Skipping Lnet/minecraft/client/particle/GlowParticle$WaxOnProvider;
[04:23:49] [main/DEBUG]: Skipping Lnet/minecraft/client/particle/GlowParticle$WaxOffProvider;
[04:23:49] [main/DEBUG]: Skipping Lnet/minecraft/client/particle/GlowParticle$ScrapeProvider;
[04:23:49] [main/DEBUG]: Skipping Lnet/minecraft/client/particle/GlowParticle$GlowSquidProvider;
[04:23:49] [main/DEBUG]: Skipping Lnet/minecraft/client/particle/GlowParticle$ElectricSparkProvider;
[04:23:49] [main/DEBUG]: Skipping Lnet/minecraft/client/particle/FlameParticle;
[04:23:49] [main/DEBUG]: Skipping Lnet/minecraft/client/particle/FlameParticle$SmallFlameProvider;
[04:23:49] [main/DEBUG]: Skipping Lnet/minecraft/client/particle/FlameParticle$Provider;
[04:23:49] [main/DEBUG]: Skipping Lnet/minecraft/client/particle/FallingDustParticle;
[04:23:49] [main/DEBUG]: Skipping Lnet/minecraft/client/particle/FallingDustParticle$Provider;
[04:23:49] [main/DEBUG]: Skipping Lnet/minecraft/client/particle/ExplodeParticle;
[04:23:49] [main/DEBUG]: Skipping Lnet/minecraft/client/particle/ExplodeParticle$Provider;
[04:23:49] [main/DEBUG]: Skipping Lnet/minecraft/client/particle/EndRodParticle;
[04:23:49] [main/DEBUG]: Skipping Lnet/minecraft/client/particle/EndRodParticle$Provider;
[04:23:49] [main/DEBUG]: Skipping Lnet/minecraft/client/particle/DustPlumeParticle;
[04:23:49] [main/DEBUG]: Skipping Lnet/minecraft/client/particle/DustPlumeParticle$Provider;
[04:23:49] [main/DEBUG]: Skipping Lnet/minecraft/client/particle/DustParticleBase;
[04:23:49] [main/DEBUG]: Skipping Lnet/minecraft/client/particle/DustParticle;
[04:23:49] [main/DEBUG]: Skipping Lnet/minecraft/client/particle/DustParticle$Provider;
[04:23:49] [main/DEBUG]: Skipping Lnet/minecraft/client/particle/DustColorTransitionParticle;
[04:23:49] [main/DEBUG]: Skipping Lnet/minecraft/client/particle/DustColorTransitionParticle$Provider;
[04:23:49] [main/DEBUG]: Skipping Lnet/minecraft/client/particle/DripParticle;
[04:23:49] [main/DEBUG]: Skipping Lnet/minecraft/client/particle/DripParticle$HoneyFallAndLandParticle;
[04:23:49] [main/DEBUG]: Skipping Lnet/minecraft/client/particle/DripParticle$FallingParticle;
[04:23:49] [main/DEBUG]: Skipping Lnet/minecraft/client/particle/DripParticle$FallAndLandParticle;
[04:23:49] [main/DEBUG]: Skipping Lnet/minecraft/client/particle/DripParticle$DripstoneFallAndLandParticle;
[04:23:49] [main/DEBUG]: Skipping Lnet/minecraft/client/particle/DripParticle$DripLandParticle;
[04:23:49] [main/DEBUG]: Skipping Lnet/minecraft/client/particle/DripParticle$DripHangParticle;
[04:23:49] [main/DEBUG]: Skipping Lnet/minecraft/client/particle/DripParticle$CoolingDripHangParticle;
[04:23:49] [main/DEBUG]: Skipping Lnet/minecraft/client/particle/DragonBreathParticle;
[04:23:49] [main/DEBUG]: Skipping Lnet/minecraft/client/particle/DragonBreathParticle$Provider;
[04:23:49] [main/DEBUG]: Skipping Lnet/minecraft/client/particle/CritParticle;
[04:23:49] [main/DEBUG]: Skipping Lnet/minecraft/client/particle/CritParticle$Provider;
[04:23:49] [main/DEBUG]: Skipping Lnet/minecraft/client/particle/CritParticle$MagicProvider;
[04:23:49] [main/DEBUG]: Skipping Lnet/minecraft/client/particle/CritParticle$DamageIndicatorProvider;
[04:23:49] [main/DEBUG]: Skipping Lnet/minecraft/client/particle/CherryParticle;
[04:23:49] [main/DEBUG]: Skipping Lnet/minecraft/client/particle/CampfireSmokeParticle;
[04:23:49] [main/DEBUG]: Skipping Lnet/minecraft/client/particle/CampfireSmokeParticle$SignalProvider;
[04:23:49] [main/DEBUG]: Skipping Lnet/minecraft/client/particle/CampfireSmokeParticle$CosyProvider;
[04:23:49] [main/DEBUG]: Skipping Lnet/minecraft/client/particle/BubblePopParticle;
[04:23:49] [main/DEBUG]: Skipping Lnet/minecraft/client/particle/BubblePopParticle$Provider;
[04:23:49] [main/DEBUG]: Skipping Lnet/minecraft/client/particle/BubbleParticle;
[04:23:49] [main/DEBUG]: Skipping Lnet/minecraft/client/particle/BubbleParticle$Provider;
[04:23:49] [main/DEBUG]: Skipping Lnet/minecraft/client/particle/BubbleColumnUpParticle;
[04:23:49] [main/DEBUG]: Skipping Lnet/minecraft/client/particle/BubbleColumnUpParticle$Provider;
[04:23:49] [main/DEBUG]: Skipping Lnet/minecraft/client/particle/BlockMarker;
[04:23:49] [main/DEBUG]: Skipping Lnet/minecraft/client/particle/BlockMarker$Provider;
[04:23:49] [main/DEBUG]: Skipping Lnet/minecraft/client/particle/BaseAshSmokeParticle;
[04:23:49] [main/DEBUG]: Skipping Lnet/minecraft/client/particle/AttackSweepParticle;
[04:23:49] [main/DEBUG]: Skipping Lnet/minecraft/client/particle/AttackSweepParticle$Provider;
[04:23:49] [main/DEBUG]: Skipping Lnet/minecraft/client/particle/AshParticle;
[04:23:49] [main/DEBUG]: Skipping Lnet/minecraft/client/particle/AshParticle$Provider;
[04:23:49] [main/DEBUG]: Skipping Lnet/minecraft/client/particle/VibrationSignalParticle;
[04:23:49] [main/DEBUG]: Skipping Lnet/minecraft/client/particle/VibrationSignalParticle$Provider;
[04:23:49] [main/DEBUG]: Skipping Lnet/minecraft/client/particle/TerrainParticle;
[04:23:49] [main/DEBUG]: Skipping Lnet/minecraft/client/particle/TerrainParticle$Provider;
[04:23:49] [main/DEBUG]: Skipping Lnet/minecraft/client/particle/ReversePortalParticle;
[04:23:49] [main/DEBUG]: Skipping Lnet/minecraft/client/particle/ReversePortalParticle$ReversePortalProvider;
[04:23:49] [main/DEBUG]: Skipping Lnet/minecraft/client/particle/PortalParticle;
[04:23:49] [main/DEBUG]: Skipping Lnet/minecraft/client/particle/PortalParticle$Provider;
[04:23:49] [main/DEBUG]: Transforming class Lnet/minecraft/client/particle/ParticleEngine;
[04:23:49] [main/DEBUG]: Transforming net/minecraft/client/particle/ParticleEngine INNERCLASS SpriteParticleRegistration to access PUBLIC and LEAVE
[04:23:49] [main/DEBUG]: Transforming net/minecraft/client/particle/ParticleEngine METHOD m_107381_(Lnet/minecraft/core/particles/ParticleType;Lnet/minecraft/client/particle/ParticleProvider;)V to access PUBLIC and LEAVE
[04:23:49] [main/DEBUG]: Transforming net/minecraft/client/particle/ParticleEngine METHOD m_272137_(Lnet/minecraft/core/particles/ParticleType;Lnet/minecraft/client/particle/ParticleProvider$Sprite;)V to access PUBLIC and LEAVE
[04:23:49] [main/DEBUG]: Transforming net/minecraft/client/particle/ParticleEngine METHOD m_107378_(Lnet/minecraft/core/particles/ParticleType;Lnet/minecraft/client/particle/ParticleEngine$SpriteParticleRegistration;)V to access PUBLIC and LEAVE
[04:23:49] [main/DEBUG]: Transforming class Lnet/minecraft/client/particle/ParticleEngine$SpriteParticleRegistration;
[04:23:49] [main/DEBUG]: Transforming net/minecraft/client/particle/ParticleEngine$SpriteParticleRegistration CLASS to access PUBLIC and LEAVE
[04:23:49] [main/DEBUG]: Skipping Lnet/minecraft/client/particle/ParticleEngine$MutableSpriteSet;
[04:23:49] [main/DEBUG]: Skipping Lnet/minecraft/client/particle/ParticleEngine$1ParticleDefinition;
[04:23:49] [main/DEBUG]: Skipping Lnet/minecraft/client/particle/Particle;
[04:23:49] [main/DEBUG]: Skipping Lnet/minecraft/client/particle/FireworkParticles;
[04:23:49] [main/DEBUG]: Transforming class Lnet/minecraft/client/particle/FireworkParticles$Starter;
[04:23:49] [main/DEBUG]: Transforming net/minecraft/client/particle/FireworkParticles$Starter METHOD m_106767_(DDDDDD[I[IZZ)V to access PUBLIC and LEAVE
[04:23:49] [main/DEBUG]: Transforming net/minecraft/client/particle/FireworkParticles$Starter METHOD m_106778_(DI[I[IZZ)V to access PUBLIC and LEAVE
[04:23:49] [main/DEBUG]: Transforming net/minecraft/client/particle/FireworkParticles$Starter METHOD m_106785_(D[[D[I[IZZZ)V to access PUBLIC and LEAVE
[04:23:49] [main/DEBUG]: Transforming net/minecraft/client/particle/FireworkParticles$Starter METHOD m_106793_([I[IZZ)V to access PUBLIC and LEAVE
[04:23:49] [main/DEBUG]: Skipping Lnet/minecraft/client/particle/FireworkParticles$SparkProvider;
[04:23:49] [main/DEBUG]: Skipping Lnet/minecraft/client/particle/FireworkParticles$SparkParticle;
[04:23:49] [main/DEBUG]: Skipping Lnet/minecraft/client/particle/FireworkParticles$OverlayParticle;
[04:23:49] [main/DEBUG]: Skipping Lnet/minecraft/client/particle/FireworkParticles$FlashProvider;
[04:23:49] [main/DEBUG]: Skipping Lnet/minecraft/client/particle/FireworkParticles$1;
[04:23:49] [main/DEBUG]: Skipping Lnet/minecraft/client/particle/EnchantmentTableParticle;
[04:23:49] [main/DEBUG]: Skipping Lnet/minecraft/client/particle/EnchantmentTableParticle$Provider;
[04:23:49] [main/DEBUG]: Skipping Lnet/minecraft/client/particle/EnchantmentTableParticle$NautilusProvider;
[04:23:49] [main/DEBUG]: Skipping Lnet/minecraft/client/particle/BreakingItemParticle;
[04:23:49] [main/DEBUG]: Skipping Lnet/minecraft/client/particle/BreakingItemParticle$SnowballProvider;
[04:23:49] [main/DEBUG]: Skipping Lnet/minecraft/client/particle/BreakingItemParticle$SlimeProvider;
[04:23:49] [main/DEBUG]: Skipping Lnet/minecraft/client/particle/BreakingItemParticle$Provider;
[04:23:49] [main/DEBUG]: Skipping Lnet/minecraft/client/package-info;
[04:23:49] [main/DEBUG]: Skipping Lnet/minecraft/client/multiplayer/resolver/package-info;
[04:23:49] [main/DEBUG]: Skipping Lnet/minecraft/client/multiplayer/resolver/ServerRedirectHandler;
[04:23:49] [main/DEBUG]: Skipping Lnet/minecraft/client/multiplayer/resolver/ServerNameResolver;
[04:23:49] [main/DEBUG]: Skipping Lnet/minecraft/client/multiplayer/resolver/ServerAddressResolver;
[04:23:49] [main/DEBUG]: Skipping Lnet/minecraft/client/multiplayer/resolver/ServerAddress;
[04:23:49] [main/DEBUG]: Skipping Lnet/minecraft/client/multiplayer/resolver/ResolvedServerAddress;
[04:23:49] [main/DEBUG]: Skipping Lnet/minecraft/client/multiplayer/resolver/ResolvedServerAddress$1;
[04:23:49] [main/DEBUG]: Skipping Lnet/minecraft/client/multiplayer/resolver/AddressCheck;
[04:23:49] [main/DEBUG]: Skipping Lnet/minecraft/client/multiplayer/resolver/AddressCheck$1;
[04:23:49] [main/DEBUG]: Skipping Lnet/minecraft/client/multiplayer/prediction/package-info;
[04:23:49] [main/DEBUG]: Skipping Lnet/minecraft/client/multiplayer/prediction/PredictiveAction;
[04:23:49] [main/DEBUG]: Skipping Lnet/minecraft/client/multiplayer/prediction/BlockStatePredictionHandler;
[04:23:49] [main/DEBUG]: Skipping Lnet/minecraft/client/multiplayer/prediction/BlockStatePredictionHandler$ServerVerifiedState;
[04:23:49] [main/DEBUG]: Skipping Lnet/minecraft/client/multiplayer/package-info;
[04:23:49] [main/DEBUG]: Skipping Lnet/minecraft/client/multiplayer/chat/report/package-info;
[04:23:49] [main/DEBUG]: Skipping Lnet/minecraft/client/multiplayer/chat/report/SkinReport;
[04:23:49] [main/DEBUG]: Skipping Lnet/minecraft/client/multiplayer/chat/report/SkinReport$Builder;
[04:23:49] [main/DEBUG]: Skipping Lnet/minecraft/client/multiplayer/chat/report/ReportingContext;
[04:23:49] [main/DEBUG]: Skipping Lnet/minecraft/client/multiplayer/chat/report/ReportType;
[04:23:49] [main/DEBUG]: Skipping Lnet/minecraft/client/multiplayer/chat/report/ReportReason;
[04:23:49] [main/DEBUG]: Skipping Lnet/minecraft/client/multiplayer/chat/report/ReportEnvironment;
[04:23:49] [main/DEBUG]: Skipping Lnet/minecraft/client/multiplayer/chat/report/ReportEnvironment$Server;
[04:23:49] [main/DEBUG]: Skipping Lnet/minecraft/client/multiplayer/chat/report/ReportEnvironment$Server$ThirdParty;
[04:23:49] [main/DEBUG]: Skipping Lnet/minecraft/client/multiplayer/chat/report/ReportEnvironment$Server$Realm;
[04:23:49] [main/DEBUG]: Skipping Lnet/minecraft/client/multiplayer/chat/report/Report;
[04:23:49] [main/DEBUG]: Skipping Lnet/minecraft/client/multiplayer/chat/report/Report$Result;
[04:23:49] [main/DEBUG]: Skipping Lnet/minecraft/client/multiplayer/chat/report/Report$CannotBuildReason;
[04:23:49] [main/DEBUG]: Skipping Lnet/minecraft/client/multiplayer/chat/report/Report$Builder;
[04:23:49] [main/DEBUG]: Skipping Lnet/minecraft/client/multiplayer/chat/report/NameReport;
[04:23:49] [main/DEBUG]: Skipping Lnet/minecraft/client/multiplayer/chat/report/NameReport$Builder;
[04:23:49] [main/DEBUG]: Skipping Lnet/minecraft/client/multiplayer/chat/report/ChatReportContextBuilder;
[04:23:49] [main/DEBUG]: Skipping Lnet/minecraft/client/multiplayer/chat/report/ChatReportContextBuilder$Handler;
[04:23:49] [main/DEBUG]: Skipping Lnet/minecraft/client/multiplayer/chat/report/ChatReportContextBuilder$Collector;
[04:23:49] [main/DEBUG]: Skipping Lnet/minecraft/client/multiplayer/chat/report/ChatReport;
[04:23:49] [main/DEBUG]: Skipping Lnet/minecraft/client/multiplayer/chat/report/ChatReport$Builder;
[04:23:49] [main/DEBUG]: Skipping Lnet/minecraft/client/multiplayer/chat/report/BanReason;
[04:23:49] [main/DEBUG]: Skipping Lnet/minecraft/client/multiplayer/chat/report/AbuseReportSender;
[04:23:49] [main/DEBUG]: Skipping Lnet/minecraft/client/multiplayer/chat/report/AbuseReportSender$Services;
[04:23:49] [main/DEBUG]: Skipping Lnet/minecraft/client/multiplayer/chat/report/AbuseReportSender$SendException;
[04:23:49] [main/DEBUG]: Skipping Lnet/minecraft/client/multiplayer/chat/report/AbuseReportSender$1;
[04:23:49] [main/DEBUG]: Skipping Lnet/minecraft/client/multiplayer/chat/package-info;
[04:23:49] [main/DEBUG]: Skipping Lnet/minecraft/client/multiplayer/chat/LoggedChatMessage;
[04:23:49] [main/DEBUG]: Skipping Lnet/minecraft/client/multiplayer/chat/LoggedChatMessage$System;
[04:23:49] [main/DEBUG]: Skipping Lnet/minecraft/client/multiplayer/chat/LoggedChatMessage$Player;
[04:23:49] [main/DEBUG]: Skipping Lnet/minecraft/client/multiplayer/chat/LoggedChatEvent;
[04:23:49] [main/DEBUG]: Skipping Lnet/minecraft/client/multiplayer/chat/LoggedChatEvent$Type;
[04:23:49] [main/DEBUG]: Skipping Lnet/minecraft/client/multiplayer/chat/ChatTrustLevel;
[04:23:49] [main/DEBUG]: Skipping Lnet/minecraft/client/multiplayer/chat/ChatTrustLevel$1;
[04:23:49] [main/DEBUG]: Skipping Lnet/minecraft/client/multiplayer/chat/ChatLog;
[04:23:49] [main/DEBUG]: Skipping Lnet/minecraft/client/multiplayer/chat/ChatListener;
[04:23:49] [main/DEBUG]: Skipping Lnet/minecraft/client/multiplayer/chat/ChatListener$Message;
[04:23:49] [main/DEBUG]: Skipping Lnet/minecraft/client/multiplayer/ServerList;
[04:23:49] [main/DEBUG]: Skipping Lnet/minecraft/client/multiplayer/ProfileKeyPairManager;
[04:23:49] [main/DEBUG]: Skipping Lnet/minecraft/client/multiplayer/ProfileKeyPairManager$1;
[04:23:49] [main/DEBUG]: Skipping Lnet/minecraft/client/multiplayer/PingDebugMonitor;
[04:23:49] [main/DEBUG]: Skipping Lnet/minecraft/client/multiplayer/LevelLoadStatusManager;
[04:23:49] [main/DEBUG]: Skipping Lnet/minecraft/client/multiplayer/LevelLoadStatusManager$Status;
[04:23:49] [main/DEBUG]: Skipping Lnet/minecraft/client/multiplayer/LevelLoadStatusManager$1;
[04:23:49] [main/DEBUG]: Skipping Lnet/minecraft/client/multiplayer/LegacyServerPinger;
[04:23:49] [main/DEBUG]: Skipping Lnet/minecraft/client/multiplayer/LegacyServerPinger$Output;
[04:23:49] [main/DEBUG]: Skipping Lnet/minecraft/client/multiplayer/CommonListenerCookie;
[04:23:49] [main/DEBUG]: Skipping Lnet/minecraft/client/multiplayer/ClientSuggestionProvider;
[04:23:49] [main/DEBUG]: Skipping Lnet/minecraft/client/multiplayer/ClientSuggestionProvider$1;
[04:23:49] [main/DEBUG]: Skipping Lnet/minecraft/client/multiplayer/ClientRegistryLayer;
[04:23:49] [main/DEBUG]: Skipping Lnet/minecraft/client/multiplayer/ClientAdvancements;
[04:23:49] [main/DEBUG]: Skipping Lnet/minecraft/client/multiplayer/ClientAdvancements$Listener;
[04:23:49] [main/DEBUG]: Skipping Lnet/minecraft/client/multiplayer/ChunkBatchSizeCalculator;
[04:23:49] [main/DEBUG]: Skipping Lnet/minecraft/client/multiplayer/ServerStatusPinger;
[04:23:49] [main/DEBUG]: Skipping Lnet/minecraft/client/multiplayer/ServerStatusPinger$2;
[04:23:49] [main/DEBUG]: Skipping Lnet/minecraft/client/multiplayer/ServerStatusPinger$1;
[04:23:49] [main/DEBUG]: Skipping Lnet/minecraft/client/multiplayer/ServerData;
[04:23:49] [main/DEBUG]: Skipping Lnet/minecraft/client/multiplayer/ServerData$Type;
[04:23:49] [main/DEBUG]: Skipping Lnet/minecraft/client/multiplayer/ServerData$ServerPackStatus;
[04:23:49] [main/DEBUG]: Skipping Lnet/minecraft/client/multiplayer/PlayerInfo;
[04:23:49] [main/DEBUG]: Skipping Lnet/minecraft/client/multiplayer/MultiPlayerGameMode;
[04:23:49] [main/DEBUG]: Transforming class Lnet/minecraft/client/multiplayer/ClientPacketListener;
[04:23:49] [main/DEBUG]: Transforming net/minecraft/client/multiplayer/ClientPacketListener FIELD f_104899_ to access PUBLIC and LEAVE
[04:23:49] [main/DEBUG]: Skipping Lnet/minecraft/client/multiplayer/ClientPacketListener$1;
[04:23:49] [main/DEBUG]: Skipping Lnet/minecraft/client/multiplayer/ClientLevel;
[04:23:49] [main/DEBUG]: Skipping Lnet/minecraft/client/multiplayer/ClientLevel$EntityCallbacks;
[04:23:49] [main/DEBUG]: Skipping Lnet/minecraft/client/multiplayer/ClientLevel$ClientLevelData;
[04:23:49] [main/DEBUG]: Skipping Lnet/minecraft/client/multiplayer/ClientLevel$1;
[04:23:49] [main/DEBUG]: Skipping Lnet/minecraft/client/multiplayer/ClientHandshakePacketListenerImpl;
[04:23:49] [main/DEBUG]: Skipping Lnet/minecraft/client/multiplayer/ClientHandshakePacketListenerImpl$State;
[04:23:49] [main/DEBUG]: Skipping Lnet/minecraft/client/multiplayer/ClientConfigurationPacketListenerImpl;
[04:23:49] [main/DEBUG]: Skipping Lnet/minecraft/client/multiplayer/ClientCommonPacketListenerImpl;
[04:23:49] [main/DEBUG]: Skipping Lnet/minecraft/client/multiplayer/ClientCommonPacketListenerImpl$PackConfirmScreen;
[04:23:49] [main/DEBUG]: Skipping Lnet/minecraft/client/multiplayer/ClientCommonPacketListenerImpl$PackConfirmScreen$PendingRequest;
[04:23:49] [main/DEBUG]: Skipping Lnet/minecraft/client/multiplayer/ClientCommonPacketListenerImpl$DeferredPacket;
[04:23:49] [main/DEBUG]: Skipping Lnet/minecraft/client/multiplayer/ClientChunkCache;
[04:23:49] [main/DEBUG]: Skipping Lnet/minecraft/client/multiplayer/ClientChunkCache$Storage;
[04:23:49] [main/DEBUG]: Skipping Lnet/minecraft/client/multiplayer/AccountProfileKeyPairManager;
[04:23:49] [main/DEBUG]: Skipping Lnet/minecraft/client/model/package-info;
[04:23:49] [main/DEBUG]: Skipping Lnet/minecraft/client/model/geom/package-info;
[04:23:49] [main/DEBUG]: Skipping Lnet/minecraft/client/model/geom/builders/package-info;
[04:23:49] [main/DEBUG]: Skipping Lnet/minecraft/client/model/geom/builders/UVPair;
[04:23:49] [main/DEBUG]: Skipping Lnet/minecraft/client/model/geom/builders/PartDefinition;
[04:23:49] [main/DEBUG]: Skipping Lnet/minecraft/client/model/geom/builders/MeshDefinition;
[04:23:49] [main/DEBUG]: Skipping Lnet/minecraft/client/model/geom/builders/MaterialDefinition;
[04:23:49] [main/DEBUG]: Skipping Lnet/minecraft/client/model/geom/builders/LayerDefinition;
[04:23:49] [main/DEBUG]: Skipping Lnet/minecraft/client/model/geom/builders/CubeListBuilder;
[04:23:49] [main/DEBUG]: Skipping Lnet/minecraft/client/model/geom/builders/CubeDeformation;
[04:23:49] [main/DEBUG]: Skipping Lnet/minecraft/client/model/geom/builders/CubeDefinition;
[04:23:49] [main/DEBUG]: Skipping Lnet/minecraft/client/model/geom/PartPose;
[04:23:49] [main/DEBUG]: Skipping Lnet/minecraft/client/model/geom/PartNames;
[04:23:49] [main/DEBUG]: Skipping Lnet/minecraft/client/model/geom/ModelPart;
[04:23:49] [main/DEBUG]: Skipping Lnet/minecraft/client/model/geom/ModelPart$Visitor;
[04:23:49] [main/DEBUG]: Skipping Lnet/minecraft/client/model/geom/ModelPart$Vertex;
[04:23:49] [main/DEBUG]: Skipping Lnet/minecraft/client/model/geom/ModelPart$Polygon;
[04:23:49] [main/DEBUG]: Skipping Lnet/minecraft/client/model/geom/ModelPart$Cube;
[04:23:49] [main/DEBUG]: Skipping Lnet/minecraft/client/model/geom/ModelLayerLocation;
[04:23:49] [main/DEBUG]: Skipping Lnet/minecraft/client/model/geom/EntityModelSet;
[04:23:49] [main/DEBUG]: Skipping Lnet/minecraft/client/model/geom/ModelLayers;
[04:23:49] [main/DEBUG]: Transforming class Lnet/minecraft/client/model/geom/LayerDefinitions;
[04:23:49] [main/DEBUG]: Transforming net/minecraft/client/model/geom/LayerDefinitions FIELD f_171106_ to access PUBLIC and LEAVE
[04:23:49] [main/DEBUG]: Transforming net/minecraft/client/model/geom/LayerDefinitions FIELD f_171107_ to access PUBLIC and LEAVE
[04:23:49] [main/DEBUG]: Skipping Lnet/minecraft/client/model/dragon/package-info;
[04:23:49] [main/DEBUG]: Skipping Lnet/minecraft/client/model/dragon/DragonHeadModel;
[04:23:49] [main/DEBUG]: Skipping Lnet/minecraft/client/model/ZombieVillagerModel;
[04:23:49] [main/DEBUG]: Skipping Lnet/minecraft/client/model/ZombieModel;
[04:23:49] [main/DEBUG]: Skipping Lnet/minecraft/client/model/WolfModel;
[04:23:49] [main/DEBUG]: Skipping Lnet/minecraft/client/model/WitherBossModel;
[04:23:49] [main/DEBUG]: Skipping Lnet/minecraft/client/model/WitchModel;
[04:23:49] [main/DEBUG]: Skipping Lnet/minecraft/client/model/WindChargeModel;
[04:23:49] [main/DEBUG]: Skipping Lnet/minecraft/client/model/WaterPatchModel;
[04:23:49] [main/DEBUG]: Skipping Lnet/minecraft/client/model/WardenModel;
[04:23:49] [main/DEBUG]: Skipping Lnet/minecraft/client/model/VillagerModel;
[04:23:49] [main/DEBUG]: Skipping Lnet/minecraft/client/model/VillagerHeadModel;
[04:23:49] [main/DEBUG]: Skipping Lnet/minecraft/client/model/VexModel;
[04:23:49] [main/DEBUG]: Skipping Lnet/minecraft/client/model/TurtleModel;
[04:23:49] [main/DEBUG]: Skipping Lnet/minecraft/client/model/TropicalFishModelB;
[04:23:49] [main/DEBUG]: Skipping Lnet/minecraft/client/model/TropicalFishModelA;
[04:23:49] [main/DEBUG]: Skipping Lnet/minecraft/client/model/TridentModel;
[04:23:49] [main/DEBUG]: Skipping Lnet/minecraft/client/model/TadpoleModel;
[04:23:49] [main/DEBUG]: Skipping Lnet/minecraft/client/model/StriderModel;
[04:23:49] [main/DEBUG]: Skipping Lnet/minecraft/client/model/SquidModel;
[04:23:49] [main/DEBUG]: Skipping Lnet/minecraft/client/model/SpiderModel;
[04:23:49] [main/DEBUG]: Skipping Lnet/minecraft/client/model/SnowGolemModel;
[04:23:49] [main/DEBUG]: Skipping Lnet/minecraft/client/model/SnifferModel;
[04:23:49] [main/DEBUG]: Skipping Lnet/minecraft/client/model/SlimeModel;
[04:23:49] [main/DEBUG]: Skipping Lnet/minecraft/client/model/SkullModelBase;
[04:23:49] [main/DEBUG]: Skipping Lnet/minecraft/client/model/SkullModel;
[04:23:49] [main/DEBUG]: Skipping Lnet/minecraft/client/model/SkeletonModel;
[04:23:49] [main/DEBUG]: Skipping Lnet/minecraft/client/model/SilverfishModel;
[04:23:49] [main/DEBUG]: Skipping Lnet/minecraft/client/model/ShulkerModel;
[04:23:49] [main/DEBUG]: Skipping Lnet/minecraft/client/model/ShulkerBulletModel;
[04:23:49] [main/DEBUG]: Skipping Lnet/minecraft/client/model/ShieldModel;
[04:23:49] [main/DEBUG]: Skipping Lnet/minecraft/client/model/SheepModel;
[04:23:49] [main/DEBUG]: Skipping Lnet/minecraft/client/model/SheepFurModel;
[04:23:49] [main/DEBUG]: Skipping Lnet/minecraft/client/model/SalmonModel;
[04:23:49] [main/DEBUG]: Skipping Lnet/minecraft/client/model/RavagerModel;
[04:23:49] [main/DEBUG]: Skipping Lnet/minecraft/client/model/RaftModel;
[04:23:49] [main/DEBUG]: Skipping Lnet/minecraft/client/model/RabbitModel;
[04:23:49] [main/DEBUG]: Skipping Lnet/minecraft/client/model/QuadrupedModel;
[04:23:49] [main/DEBUG]: Skipping Lnet/minecraft/client/model/PufferfishSmallModel;
[04:23:49] [main/DEBUG]: Skipping Lnet/minecraft/client/model/PufferfishMidModel;
[04:23:49] [main/DEBUG]: Skipping Lnet/minecraft/client/model/PufferfishBigModel;
[04:23:49] [main/DEBUG]: Skipping Lnet/minecraft/client/model/PolarBearModel;
[04:23:49] [main/DEBUG]: Skipping Lnet/minecraft/client/model/PlayerModel;
[04:23:49] [main/DEBUG]: Skipping Lnet/minecraft/client/model/PiglinModel;
[04:23:49] [main/DEBUG]: Skipping Lnet/minecraft/client/model/PiglinHeadModel;
[04:23:49] [main/DEBUG]: Skipping Lnet/minecraft/client/model/PigModel;
[04:23:49] [main/DEBUG]: Skipping Lnet/minecraft/client/model/PhantomModel;
[04:23:49] [main/DEBUG]: Skipping Lnet/minecraft/client/model/ParrotModel;
[04:23:49] [main/DEBUG]: Skipping Lnet/minecraft/client/model/ParrotModel$State;
[04:23:49] [main/DEBUG]: Skipping Lnet/minecraft/client/model/ParrotModel$1;
[04:23:49] [main/DEBUG]: Skipping Lnet/minecraft/client/model/PandaModel;
[04:23:49] [main/DEBUG]: Skipping Lnet/minecraft/client/model/OcelotModel;
[04:23:49] [main/DEBUG]: Skipping Lnet/minecraft/client/model/ModelUtils;
[04:23:49] [main/DEBUG]: Skipping Lnet/minecraft/client/model/Model;
[04:23:49] [main/DEBUG]: Skipping Lnet/minecraft/client/model/MinecartModel;
[04:23:49] [main/DEBUG]: Skipping Lnet/minecraft/client/model/LlamaSpitModel;
[04:23:49] [main/DEBUG]: Skipping Lnet/minecraft/client/model/LlamaModel;
[04:23:49] [main/DEBUG]: Skipping Lnet/minecraft/client/model/ListModel;
[04:23:49] [main/DEBUG]: Skipping Lnet/minecraft/client/model/LeashKnotModel;
[04:23:49] [main/DEBUG]: Skipping Lnet/minecraft/client/model/LavaSlimeModel;
[04:23:49] [main/DEBUG]: Skipping Lnet/minecraft/client/model/IronGolemModel;
[04:23:49] [main/DEBUG]: Skipping Lnet/minecraft/client/model/IllagerModel;
[04:23:49] [main/DEBUG]: Skipping Lnet/minecraft/client/model/HumanoidArmorModel;
[04:23:49] [main/DEBUG]: Skipping Lnet/minecraft/client/model/HorseModel;
[04:23:49] [main/DEBUG]: Skipping Lnet/minecraft/client/model/HoglinModel;
[04:23:49] [main/DEBUG]: Skipping Lnet/minecraft/client/model/HierarchicalModel;
[04:23:49] [main/DEBUG]: Skipping Lnet/minecraft/client/model/HeadedModel;
[04:23:49] [main/DEBUG]: Skipping Lnet/minecraft/client/model/GuardianModel;
[04:23:49] [main/DEBUG]: Skipping Lnet/minecraft/client/model/GoatModel;
[04:23:49] [main/DEBUG]: Skipping Lnet/minecraft/client/model/GiantZombieModel;
[04:23:49] [main/DEBUG]: Skipping Lnet/minecraft/client/model/GhastModel;
[04:23:49] [main/DEBUG]: Skipping Lnet/minecraft/client/model/FrogModel;
[04:23:49] [main/DEBUG]: Skipping Lnet/minecraft/client/model/FoxModel;
[04:23:49] [main/DEBUG]: Skipping Lnet/minecraft/client/model/EvokerFangsModel;
[04:23:49] [main/DEBUG]: Skipping Lnet/minecraft/client/model/EntityModel;
[04:23:49] [main/DEBUG]: Skipping Lnet/minecraft/client/model/EndermiteModel;
[04:23:49] [main/DEBUG]: Skipping Lnet/minecraft/client/model/EndermanModel;
[04:23:49] [main/DEBUG]: Skipping Lnet/minecraft/client/model/ElytraModel;
[04:23:49] [main/DEBUG]: Skipping Lnet/minecraft/client/model/DrownedModel;
[04:23:49] [main/DEBUG]: Skipping Lnet/minecraft/client/model/DolphinModel;
[04:23:49] [main/DEBUG]: Skipping Lnet/minecraft/client/model/CreeperModel;
[04:23:49] [main/DEBUG]: Skipping Lnet/minecraft/client/model/CowModel;
[04:23:49] [main/DEBUG]: Skipping Lnet/minecraft/client/model/ColorableHierarchicalModel;
[04:23:49] [main/DEBUG]: Skipping Lnet/minecraft/client/model/ColorableAgeableListModel;
[04:23:49] [main/DEBUG]: Skipping Lnet/minecraft/client/model/CodModel;
[04:23:49] [main/DEBUG]: Skipping Lnet/minecraft/client/model/ChickenModel;
[04:23:49] [main/DEBUG]: Skipping Lnet/minecraft/client/model/ChestedHorseModel;
[04:23:49] [main/DEBUG]: Skipping Lnet/minecraft/client/model/ChestRaftModel;
[04:23:49] [main/DEBUG]: Skipping Lnet/minecraft/client/model/ChestBoatModel;
[04:23:49] [main/DEBUG]: Skipping Lnet/minecraft/client/model/CatModel;
[04:23:49] [main/DEBUG]: Skipping Lnet/minecraft/client/model/CamelModel;
[04:23:49] [main/DEBUG]: Skipping Lnet/minecraft/client/model/BreezeModel;
[04:23:49] [main/DEBUG]: Skipping Lnet/minecraft/client/model/BookModel;
[04:23:49] [main/DEBUG]: Skipping Lnet/minecraft/client/model/BoatModel;
[04:23:49] [main/DEBUG]: Skipping Lnet/minecraft/client/model/BlazeModel;
[04:23:49] [main/DEBUG]: Skipping Lnet/minecraft/client/model/BeeModel;
[04:23:49] [main/DEBUG]: Skipping Lnet/minecraft/client/model/BatModel;
[04:23:49] [main/DEBUG]: Skipping Lnet/minecraft/client/model/AxolotlModel;
[04:23:49] [main/DEBUG]: Skipping Lnet/minecraft/client/model/ArmorStandModel;
[04:23:49] [main/DEBUG]: Skipping Lnet/minecraft/client/model/ArmorStandArmorModel;
[04:23:49] [main/DEBUG]: Skipping Lnet/minecraft/client/model/ArmedModel;
[04:23:49] [main/DEBUG]: Skipping Lnet/minecraft/client/model/AnimationUtils;
[04:23:49] [main/DEBUG]: Skipping Lnet/minecraft/client/model/AllayModel;
[04:23:49] [main/DEBUG]: Skipping Lnet/minecraft/client/model/AgeableListModel;
[04:23:49] [main/DEBUG]: Skipping Lnet/minecraft/client/model/AgeableHierarchicalModel;
[04:23:49] [main/DEBUG]: Skipping Lnet/minecraft/client/model/AbstractZombieModel;
[04:23:49] [main/DEBUG]: Skipping Lnet/minecraft/client/model/HumanoidModel;
[04:23:49] [main/DEBUG]: Skipping Lnet/minecraft/client/model/HumanoidModel$ArmPose;
[04:23:49] [main/DEBUG]: Skipping Lnet/minecraft/client/model/HumanoidModel$1;
[04:23:49] [main/DEBUG]: Skipping Lnet/minecraft/client/main/package-info;
[04:23:49] [main/DEBUG]: Skipping Lnet/minecraft/client/main/SilentInitException;
[04:23:49] [main/DEBUG]: Skipping Lnet/minecraft/client/main/GameConfig;
[04:23:49] [main/DEBUG]: Skipping Lnet/minecraft/client/main/GameConfig$UserData;
[04:23:49] [main/DEBUG]: Skipping Lnet/minecraft/client/main/GameConfig$QuickPlayData;
[04:23:49] [main/DEBUG]: Skipping Lnet/minecraft/client/main/GameConfig$GameData;
[04:23:49] [main/DEBUG]: Skipping Lnet/minecraft/client/main/GameConfig$FolderData;
[04:23:49] [main/DEBUG]: Skipping Lnet/minecraft/client/main/Main;
[04:23:49] [main/DEBUG]: Skipping Lnet/minecraft/client/main/Main$3;
[04:23:49] [main/DEBUG]: Skipping Lnet/minecraft/client/main/Main$2;
[04:23:49] [main/DEBUG]: Skipping Lnet/minecraft/client/main/Main$1;
[04:23:49] [main/DEBUG]: Skipping Lnet/minecraft/client/gui/spectator/package-info;
[04:23:49] [main/DEBUG]: Skipping Lnet/minecraft/client/gui/spectator/categories/package-info;
[04:23:49] [main/DEBUG]: Skipping Lnet/minecraft/client/gui/spectator/categories/TeleportToTeamMenuCategory;
[04:23:49] [main/DEBUG]: Skipping Lnet/minecraft/client/gui/spectator/categories/TeleportToTeamMenuCategory$TeamSelectionItem;
[04:23:49] [main/DEBUG]: Skipping Lnet/minecraft/client/gui/spectator/categories/TeleportToPlayerMenuCategory;
[04:23:49] [main/DEBUG]: Skipping Lnet/minecraft/client/gui/spectator/categories/SpectatorPage;
[04:23:49] [main/DEBUG]: Skipping Lnet/minecraft/client/gui/spectator/SpectatorMenuListener;
[04:23:49] [main/DEBUG]: Skipping Lnet/minecraft/client/gui/spectator/SpectatorMenuItem;
[04:23:49] [main/DEBUG]: Skipping Lnet/minecraft/client/gui/spectator/SpectatorMenuCategory;
[04:23:49] [main/DEBUG]: Skipping Lnet/minecraft/client/gui/spectator/SpectatorMenu;
[04:23:49] [main/DEBUG]: Skipping Lnet/minecraft/client/gui/spectator/SpectatorMenu$ScrollMenuItem;
[04:23:49] [main/DEBUG]: Skipping Lnet/minecraft/client/gui/spectator/SpectatorMenu$CloseSpectatorItem;
[04:23:49] [main/DEBUG]: Skipping Lnet/minecraft/client/gui/spectator/SpectatorMenu$1;
[04:23:49] [main/DEBUG]: Skipping Lnet/minecraft/client/gui/spectator/RootSpectatorMenuCategory;
[04:23:49] [main/DEBUG]: Skipping Lnet/minecraft/client/gui/spectator/PlayerMenuItem;
[04:23:49] [main/DEBUG]: Skipping Lnet/minecraft/client/gui/screens/worldselection/package-info;
[04:23:49] [main/DEBUG]: Skipping Lnet/minecraft/client/gui/screens/worldselection/SwitchGrid;
[04:23:49] [main/DEBUG]: Skipping Lnet/minecraft/client/gui/screens/worldselection/SwitchGrid$SwitchBuilder;
[04:23:49] [main/DEBUG]: Skipping Lnet/minecraft/client/gui/screens/worldselection/SwitchGrid$LabeledSwitch;
[04:23:49] [main/DEBUG]: Skipping Lnet/minecraft/client/gui/screens/worldselection/SwitchGrid$InfoUnderneathSettings;
[04:23:49] [main/DEBUG]: Skipping Lnet/minecraft/client/gui/screens/worldselection/SwitchGrid$Builder;
[04:23:49] [main/DEBUG]: Skipping Lnet/minecraft/client/gui/screens/worldselection/SelectWorldScreen;
[04:23:49] [main/DEBUG]: Skipping Lnet/minecraft/client/gui/screens/worldselection/OptimizeWorldScreen;
[04:23:49] [main/DEBUG]: Skipping Lnet/minecraft/client/gui/screens/worldselection/ExperimentsScreen;
[04:23:49] [main/DEBUG]: Skipping Lnet/minecraft/client/gui/screens/worldselection/EditWorldScreen;
[04:23:49] [main/DEBUG]: Skipping Lnet/minecraft/client/gui/screens/worldselection/EditGameRulesScreen;
[04:23:49] [main/DEBUG]: Skipping Lnet/minecraft/client/gui/screens/worldselection/EditGameRulesScreen$RuleList;
[04:23:49] [main/DEBUG]: Skipping Lnet/minecraft/client/gui/screens/worldselection/EditGameRulesScreen$RuleList$1;
[04:23:49] [main/DEBUG]: Skipping Lnet/minecraft/client/gui/screens/worldselection/EditGameRulesScreen$RuleEntry;
[04:23:49] [main/DEBUG]: Skipping Lnet/minecraft/client/gui/screens/worldselection/EditGameRulesScreen$IntegerRuleEntry;
[04:23:49] [main/DEBUG]: Skipping Lnet/minecraft/client/gui/screens/worldselection/EditGameRulesScreen$GameRuleEntry;
[04:23:49] [main/DEBUG]: Skipping Lnet/minecraft/client/gui/screens/worldselection/EditGameRulesScreen$EntryFactory;
[04:23:49] [main/DEBUG]: Skipping Lnet/minecraft/client/gui/screens/worldselection/EditGameRulesScreen$CategoryRuleEntry;
[04:23:49] [main/DEBUG]: Skipping Lnet/minecraft/client/gui/screens/worldselection/EditGameRulesScreen$CategoryRuleEntry$1;
[04:23:49] [main/DEBUG]: Skipping Lnet/minecraft/client/gui/screens/worldselection/EditGameRulesScreen$BooleanRuleEntry;
[04:23:49] [main/DEBUG]: Skipping Lnet/minecraft/client/gui/screens/worldselection/ConfirmExperimentalFeaturesScreen;
[04:23:49] [main/DEBUG]: Skipping Lnet/minecraft/client/gui/screens/worldselection/ConfirmExperimentalFeaturesScreen$DetailsScreen;
[04:23:49] [main/DEBUG]: Skipping Lnet/minecraft/client/gui/screens/worldselection/ConfirmExperimentalFeaturesScreen$DetailsScreen$PackListEntry;
[04:23:49] [main/DEBUG]: Skipping Lnet/minecraft/client/gui/screens/worldselection/ConfirmExperimentalFeaturesScreen$DetailsScreen$PackList;
[04:23:49] [main/DEBUG]: Skipping Lnet/minecraft/client/gui/screens/worldselection/WorldSelectionList;
[04:23:49] [main/DEBUG]: Skipping Lnet/minecraft/client/gui/screens/worldselection/WorldSelectionList$WorldListEntry;
[04:23:49] [main/DEBUG]: Skipping Lnet/minecraft/client/gui/screens/worldselection/WorldSelectionList$LoadingHeader;
[04:23:49] [main/DEBUG]: Skipping Lnet/minecraft/client/gui/screens/worldselection/WorldSelectionList$Entry;
[04:23:49] [main/DEBUG]: Skipping Lnet/minecraft/client/gui/screens/worldselection/WorldOpenFlows;
[04:23:49] [main/DEBUG]: Skipping Lnet/minecraft/client/gui/screens/worldselection/WorldOpenFlows$1Data;
[04:23:49] [main/DEBUG]: Skipping Lnet/minecraft/client/gui/screens/worldselection/WorldCreationUiState;
[04:23:49] [main/DEBUG]: Skipping Lnet/minecraft/client/gui/screens/worldselection/WorldCreationUiState$WorldTypeEntry;
[04:23:49] [main/DEBUG]: Skipping Lnet/minecraft/client/gui/screens/worldselection/WorldCreationUiState$SelectedGameMode;
[04:23:49] [main/DEBUG]: Skipping Lnet/minecraft/client/gui/screens/worldselection/WorldCreationContext;
[04:23:49] [main/DEBUG]: Skipping Lnet/minecraft/client/gui/screens/worldselection/WorldCreationContext$OptionsModifier;
[04:23:49] [main/DEBUG]: Skipping Lnet/minecraft/client/gui/screens/worldselection/WorldCreationContext$DimensionsUpdater;
[04:23:49] [main/DEBUG]: Skipping Lnet/minecraft/client/gui/screens/worldselection/PresetEditor;
[04:23:49] [main/DEBUG]: Skipping Lnet/minecraft/client/gui/screens/worldselection/CreateWorldScreen;
[04:23:49] [main/DEBUG]: Skipping Lnet/minecraft/client/gui/screens/worldselection/CreateWorldScreen$WorldTab;
[04:23:49] [main/DEBUG]: Skipping Lnet/minecraft/client/gui/screens/worldselection/CreateWorldScreen$WorldTab$2;
[04:23:49] [main/DEBUG]: Skipping Lnet/minecraft/client/gui/screens/worldselection/CreateWorldScreen$WorldTab$1;
[04:23:49] [main/DEBUG]: Skipping Lnet/minecraft/client/gui/screens/worldselection/CreateWorldScreen$MoreTab;
[04:23:49] [main/DEBUG]: Skipping Lnet/minecraft/client/gui/screens/worldselection/CreateWorldScreen$GameTab;
[04:23:49] [main/DEBUG]: Skipping Lnet/minecraft/client/gui/screens/worldselection/CreateWorldScreen$DataPackReloadCookie;
[04:23:49] [main/DEBUG]: Skipping Lnet/minecraft/client/gui/screens/telemetry/package-info;
[04:23:49] [main/DEBUG]: Skipping Lnet/minecraft/client/gui/screens/telemetry/TelemetryInfoScreen;
[04:23:49] [main/DEBUG]: Skipping Lnet/minecraft/client/gui/screens/telemetry/TelemetryEventWidget;
[04:23:49] [main/DEBUG]: Skipping Lnet/minecraft/client/gui/screens/telemetry/TelemetryEventWidget$ContentBuilder;
[04:23:49] [main/DEBUG]: Skipping Lnet/minecraft/client/gui/screens/telemetry/TelemetryEventWidget$Content;
[04:23:49] [main/DEBUG]: Skipping Lnet/minecraft/client/gui/screens/social/package-info;
[04:23:49] [main/DEBUG]: Skipping Lnet/minecraft/client/gui/screens/social/SocialInteractionsScreen;
[04:23:49] [main/DEBUG]: Skipping Lnet/minecraft/client/gui/screens/social/SocialInteractionsScreen$Page;
[04:23:49] [main/DEBUG]: Skipping Lnet/minecraft/client/gui/screens/social/SocialInteractionsScreen$2;
[04:23:49] [main/DEBUG]: Skipping Lnet/minecraft/client/gui/screens/social/SocialInteractionsScreen$1;
[04:23:49] [main/DEBUG]: Skipping Lnet/minecraft/client/gui/screens/social/SocialInteractionsPlayerList;
[04:23:49] [main/DEBUG]: Skipping Lnet/minecraft/client/gui/screens/social/PlayerSocialManager;
[04:23:49] [main/DEBUG]: Skipping Lnet/minecraft/client/gui/screens/social/PlayerEntry;
[04:23:49] [main/DEBUG]: Skipping Lnet/minecraft/client/gui/screens/social/PlayerEntry$3;
[04:23:49] [main/DEBUG]: Skipping Lnet/minecraft/client/gui/screens/social/PlayerEntry$2;
[04:23:49] [main/DEBUG]: Skipping Lnet/minecraft/client/gui/screens/social/PlayerEntry$1;
[04:23:49] [main/DEBUG]: Skipping Lnet/minecraft/client/gui/screens/reporting/package-info;
[04:23:49] [main/DEBUG]: Skipping Lnet/minecraft/client/gui/screens/reporting/SkinReportScreen;
[04:23:49] [main/DEBUG]: Skipping Lnet/minecraft/client/gui/screens/reporting/ReportReasonSelectionScreen;
[04:23:49] [main/DEBUG]: Skipping Lnet/minecraft/client/gui/screens/reporting/ReportReasonSelectionScreen$ReasonSelectionList;
[04:23:49] [main/DEBUG]: Skipping Lnet/minecraft/client/gui/screens/reporting/ReportReasonSelectionScreen$ReasonSelectionList$Entry;
[04:23:49] [main/DEBUG]: Skipping Lnet/minecraft/client/gui/screens/reporting/ReportPlayerScreen;
[04:23:49] [main/DEBUG]: Skipping Lnet/minecraft/client/gui/screens/reporting/NameReportScreen;
[04:23:49] [main/DEBUG]: Skipping Lnet/minecraft/client/gui/screens/reporting/ChatSelectionScreen;
[04:23:49] [main/DEBUG]: Skipping Lnet/minecraft/client/gui/screens/reporting/ChatSelectionScreen$ChatSelectionList;
[04:23:49] [main/DEBUG]: Skipping Lnet/minecraft/client/gui/screens/reporting/ChatSelectionScreen$ChatSelectionList$PaddingEntry;
[04:23:49] [main/DEBUG]: Skipping Lnet/minecraft/client/gui/screens/reporting/ChatSelectionScreen$ChatSelectionList$MessageHeadingEntry;
[04:23:49] [main/DEBUG]: Skipping Lnet/minecraft/client/gui/screens/reporting/ChatSelectionScreen$ChatSelectionList$MessageEntry;
[04:23:49] [main/DEBUG]: Skipping Lnet/minecraft/client/gui/screens/reporting/ChatSelectionScreen$ChatSelectionList$Heading;
[04:23:49] [main/DEBUG]: Skipping Lnet/minecraft/client/gui/screens/reporting/ChatSelectionScreen$ChatSelectionList$Entry;
[04:23:49] [main/DEBUG]: Skipping Lnet/minecraft/client/gui/screens/reporting/ChatSelectionScreen$ChatSelectionList$DividerEntry;
[04:23:49] [main/DEBUG]: Skipping Lnet/minecraft/client/gui/screens/reporting/ChatSelectionLogFiller;
[04:23:49] [main/DEBUG]: Skipping Lnet/minecraft/client/gui/screens/reporting/ChatSelectionLogFiller$Output;
[04:23:49] [main/DEBUG]: Skipping Lnet/minecraft/client/gui/screens/reporting/ChatReportScreen;
[04:23:49] [main/DEBUG]: Skipping Lnet/minecraft/client/gui/screens/reporting/AbstractReportScreen;
[04:23:49] [main/DEBUG]: Skipping Lnet/minecraft/client/gui/screens/reporting/AbstractReportScreen$DiscardReportWarningScreen;
[04:23:49] [main/DEBUG]: Skipping Lnet/minecraft/client/gui/screens/recipebook/package-info;
[04:23:49] [main/DEBUG]: Skipping Lnet/minecraft/client/gui/screens/recipebook/SmokingRecipeBookComponent;
[04:23:49] [main/DEBUG]: Skipping Lnet/minecraft/client/gui/screens/recipebook/SmeltingRecipeBookComponent;
[04:23:49] [main/DEBUG]: Skipping Lnet/minecraft/client/gui/screens/recipebook/RecipeUpdateListener;
[04:23:49] [main/DEBUG]: Skipping Lnet/minecraft/client/gui/screens/recipebook/RecipeShownListener;
[04:23:49] [main/DEBUG]: Skipping Lnet/minecraft/client/gui/screens/recipebook/RecipeCollection;
[04:23:49] [main/DEBUG]: Skipping Lnet/minecraft/client/gui/screens/recipebook/RecipeButton;
[04:23:49] [main/DEBUG]: Skipping Lnet/minecraft/client/gui/screens/recipebook/RecipeBookTabButton;
[04:23:49] [main/DEBUG]: Skipping Lnet/minecraft/client/gui/screens/recipebook/RecipeBookPage;
[04:23:49] [main/DEBUG]: Skipping Lnet/minecraft/client/gui/screens/recipebook/OverlayRecipeComponent;
[04:23:49] [main/DEBUG]: Skipping Lnet/minecraft/client/gui/screens/recipebook/OverlayRecipeComponent$OverlaySmeltingRecipeButton;
[04:23:49] [main/DEBUG]: Skipping Lnet/minecraft/client/gui/screens/recipebook/OverlayRecipeComponent$OverlayRecipeButton;
[04:23:49] [main/DEBUG]: Skipping Lnet/minecraft/client/gui/screens/recipebook/OverlayRecipeComponent$OverlayRecipeButton$Pos;
[04:23:49] [main/DEBUG]: Skipping Lnet/minecraft/client/gui/screens/recipebook/GhostRecipe;
[04:23:49] [main/DEBUG]: Skipping Lnet/minecraft/client/gui/screens/recipebook/GhostRecipe$GhostIngredient;
[04:23:49] [main/DEBUG]: Skipping Lnet/minecraft/client/gui/screens/recipebook/BlastingRecipeBookComponent;
[04:23:49] [main/DEBUG]: Skipping Lnet/minecraft/client/gui/screens/recipebook/AbstractFurnaceRecipeBookComponent;
[04:23:49] [main/DEBUG]: Skipping Lnet/minecraft/client/gui/screens/recipebook/RecipeBookComponent;
[04:23:49] [main/DEBUG]: Skipping Lnet/minecraft/client/gui/screens/packs/package-info;
[04:23:49] [main/DEBUG]: Skipping Lnet/minecraft/client/gui/screens/packs/TransferableSelectionList;
[04:23:49] [main/DEBUG]: Skipping Lnet/minecraft/client/gui/screens/packs/TransferableSelectionList$PackEntry;
[04:23:49] [main/DEBUG]: Skipping Lnet/minecraft/client/gui/screens/packs/PackSelectionScreen;
[04:23:49] [main/DEBUG]: Skipping Lnet/minecraft/client/gui/screens/packs/PackSelectionScreen$Watcher;
[04:23:49] [main/DEBUG]: Skipping Lnet/minecraft/client/gui/screens/packs/PackSelectionScreen$1;
[04:23:49] [main/DEBUG]: Skipping Lnet/minecraft/client/gui/screens/packs/PackSelectionModel;
[04:23:49] [main/DEBUG]: Skipping Lnet/minecraft/client/gui/screens/packs/PackSelectionModel$UnselectedPackEntry;
[04:23:49] [main/DEBUG]: Skipping Lnet/minecraft/client/gui/screens/packs/PackSelectionModel$SelectedPackEntry;
[04:23:49] [main/DEBUG]: Skipping Lnet/minecraft/client/gui/screens/packs/PackSelectionModel$EntryBase;
[04:23:49] [main/DEBUG]: Skipping Lnet/minecraft/client/gui/screens/packs/PackSelectionModel$Entry;
[04:23:49] [main/DEBUG]: Skipping Lnet/minecraft/client/gui/screens/package-info;
[04:23:49] [main/DEBUG]: Skipping Lnet/minecraft/client/gui/screens/multiplayer/package-info;
[04:23:49] [main/DEBUG]: Skipping Lnet/minecraft/client/gui/screens/multiplayer/WarningScreen;
[04:23:49] [main/DEBUG]: Skipping Lnet/minecraft/client/gui/screens/multiplayer/ServerReconfigScreen;
[04:23:49] [main/DEBUG]: Skipping Lnet/minecraft/client/gui/screens/multiplayer/SafetyScreen;
[04:23:49] [main/DEBUG]: Skipping Lnet/minecraft/client/gui/screens/multiplayer/Realms32bitWarningScreen;
[04:23:49] [main/DEBUG]: Skipping Lnet/minecraft/client/gui/screens/multiplayer/ServerSelectionList;
[04:23:49] [main/DEBUG]: Skipping Lnet/minecraft/client/gui/screens/multiplayer/ServerSelectionList$OnlineServerEntry;
[04:23:49] [main/DEBUG]: Skipping Lnet/minecraft/client/gui/screens/multiplayer/ServerSelectionList$NetworkServerEntry;
[04:23:49] [main/DEBUG]: Skipping Lnet/minecraft/client/gui/screens/multiplayer/ServerSelectionList$LANHeader;
[04:23:49] [main/DEBUG]: Skipping Lnet/minecraft/client/gui/screens/multiplayer/ServerSelectionList$Entry;
[04:23:49] [main/DEBUG]: Skipping Lnet/minecraft/client/gui/screens/multiplayer/JoinMultiplayerScreen;
[04:23:49] [main/DEBUG]: Skipping Lnet/minecraft/client/gui/screens/inventory/tooltip/package-info;
[04:23:49] [main/DEBUG]: Skipping Lnet/minecraft/client/gui/screens/inventory/tooltip/MenuTooltipPositioner;
[04:23:49] [main/DEBUG]: Skipping Lnet/minecraft/client/gui/screens/inventory/tooltip/DefaultTooltipPositioner;
[04:23:49] [main/DEBUG]: Skipping Lnet/minecraft/client/gui/screens/inventory/tooltip/ClientTooltipPositioner;
[04:23:49] [main/DEBUG]: Skipping Lnet/minecraft/client/gui/screens/inventory/tooltip/ClientTextTooltip;
[04:23:49] [main/DEBUG]: Skipping Lnet/minecraft/client/gui/screens/inventory/tooltip/ClientBundleTooltip;
[04:23:49] [main/DEBUG]: Skipping Lnet/minecraft/client/gui/screens/inventory/tooltip/ClientBundleTooltip$Texture;
[04:23:49] [main/DEBUG]: Skipping Lnet/minecraft/client/gui/screens/inventory/tooltip/BelowOrAboveWidgetTooltipPositioner;
[04:23:49] [main/DEBUG]: Skipping Lnet/minecraft/client/gui/screens/inventory/tooltip/TooltipRenderUtil;
[04:23:49] [main/DEBUG]: Skipping Lnet/minecraft/client/gui/screens/inventory/tooltip/ClientTooltipComponent;
[04:23:49] [main/DEBUG]: Skipping Lnet/minecraft/client/gui/screens/inventory/package-info;
[04:23:49] [main/DEBUG]: Skipping Lnet/minecraft/client/gui/screens/inventory/StructureBlockEditScreen;
[04:23:49] [main/DEBUG]: Skipping Lnet/minecraft/client/gui/screens/inventory/StructureBlockEditScreen$2;
[04:23:49] [main/DEBUG]: Skipping Lnet/minecraft/client/gui/screens/inventory/StructureBlockEditScreen$1;
[04:23:49] [main/DEBUG]: Skipping Lnet/minecraft/client/gui/screens/inventory/StonecutterScreen;
[04:23:49] [main/DEBUG]: Skipping Lnet/minecraft/client/gui/screens/inventory/SmokerScreen;
[04:23:49] [main/DEBUG]: Skipping Lnet/minecraft/client/gui/screens/inventory/SmithingScreen;
[04:23:49] [main/DEBUG]: Skipping Lnet/minecraft/client/gui/screens/inventory/SignEditScreen;
[04:23:49] [main/DEBUG]: Skipping Lnet/minecraft/client/gui/screens/inventory/ShulkerBoxScreen;
[04:23:49] [main/DEBUG]: Skipping Lnet/minecraft/client/gui/screens/inventory/PageButton;
[04:23:49] [main/DEBUG]: Skipping Lnet/minecraft/client/gui/screens/inventory/MinecartCommandBlockEditScreen;
[04:23:49] [main/DEBUG]: Skipping Lnet/minecraft/client/gui/screens/inventory/MenuAccess;
[04:23:49] [main/DEBUG]: Skipping Lnet/minecraft/client/gui/screens/inventory/LoomScreen;
[04:23:49] [main/DEBUG]: Skipping Lnet/minecraft/client/gui/screens/inventory/LecternScreen;
[04:23:49] [main/DEBUG]: Skipping Lnet/minecraft/client/gui/screens/inventory/LecternScreen$1;
[04:23:49] [main/DEBUG]: Skipping Lnet/minecraft/client/gui/screens/inventory/JigsawBlockEditScreen;
[04:23:49] [main/DEBUG]: Skipping Lnet/minecraft/client/gui/screens/inventory/JigsawBlockEditScreen$1;
[04:23:49] [main/DEBUG]: Skipping Lnet/minecraft/client/gui/screens/inventory/ItemCombinerScreen;
[04:23:49] [main/DEBUG]: Skipping Lnet/minecraft/client/gui/screens/inventory/InventoryScreen;
[04:23:49] [main/DEBUG]: Skipping Lnet/minecraft/client/gui/screens/inventory/HorseInventoryScreen;
[04:23:49] [main/DEBUG]: Skipping Lnet/minecraft/client/gui/screens/inventory/HopperScreen;
[04:23:49] [main/DEBUG]: Skipping Lnet/minecraft/client/gui/screens/inventory/GrindstoneScreen;
[04:23:49] [main/DEBUG]: Skipping Lnet/minecraft/client/gui/screens/inventory/FurnaceScreen;
[04:23:49] [main/DEBUG]: Skipping Lnet/minecraft/client/gui/screens/inventory/EnchantmentNames;
[04:23:49] [main/DEBUG]: Skipping Lnet/minecraft/client/gui/screens/inventory/DispenserScreen;
[04:23:49] [main/DEBUG]: Skipping Lnet/minecraft/client/gui/screens/inventory/CyclingSlotBackground;
[04:23:49] [main/DEBUG]: Skipping Lnet/minecraft/client/gui/screens/inventory/CreativeInventoryListener;
[04:23:49] [main/DEBUG]: Skipping Lnet/minecraft/client/gui/screens/inventory/CraftingScreen;
[04:23:49] [main/DEBUG]: Skipping Lnet/minecraft/client/gui/screens/inventory/CrafterScreen;
[04:23:49] [main/DEBUG]: Skipping Lnet/minecraft/client/gui/screens/inventory/CrafterScreen$1;
[04:23:49] [main/DEBUG]: Skipping Lnet/minecraft/client/gui/screens/inventory/ContainerScreen;
[04:23:49] [main/DEBUG]: Skipping Lnet/minecraft/client/gui/screens/inventory/CommandBlockEditScreen;
[04:23:49] [main/DEBUG]: Skipping Lnet/minecraft/client/gui/screens/inventory/CommandBlockEditScreen$1;
[04:23:49] [main/DEBUG]: Skipping Lnet/minecraft/client/gui/screens/inventory/CartographyTableScreen;
[04:23:49] [main/DEBUG]: Skipping Lnet/minecraft/client/gui/screens/inventory/BrewingStandScreen;
[04:23:49] [main/DEBUG]: Skipping Lnet/minecraft/client/gui/screens/inventory/BookViewScreen;
[04:23:49] [main/DEBUG]: Skipping Lnet/minecraft/client/gui/screens/inventory/BookViewScreen$WrittenBookAccess;
[04:23:49] [main/DEBUG]: Skipping Lnet/minecraft/client/gui/screens/inventory/BookViewScreen$WritableBookAccess;
[04:23:49] [main/DEBUG]: Skipping Lnet/minecraft/client/gui/screens/inventory/BookViewScreen$BookAccess;
[04:23:49] [main/DEBUG]: Skipping Lnet/minecraft/client/gui/screens/inventory/BookViewScreen$1;
[04:23:49] [main/DEBUG]: Skipping Lnet/minecraft/client/gui/screens/inventory/BookEditScreen;
[04:23:49] [main/DEBUG]: Skipping Lnet/minecraft/client/gui/screens/inventory/BookEditScreen$Pos2i;
[04:23:49] [main/DEBUG]: Skipping Lnet/minecraft/client/gui/screens/inventory/BookEditScreen$LineInfo;
[04:23:49] [main/DEBUG]: Skipping Lnet/minecraft/client/gui/screens/inventory/BookEditScreen$DisplayCache;
[04:23:49] [main/DEBUG]: Skipping Lnet/minecraft/client/gui/screens/inventory/BlastFurnaceScreen;
[04:23:49] [main/DEBUG]: Skipping Lnet/minecraft/client/gui/screens/inventory/BeaconScreen;
[04:23:49] [main/DEBUG]: Skipping Lnet/minecraft/client/gui/screens/inventory/BeaconScreen$BeaconUpgradePowerButton;
[04:23:49] [main/DEBUG]: Skipping Lnet/minecraft/client/gui/screens/inventory/BeaconScreen$BeaconSpriteScreenButton;
[04:23:49] [main/DEBUG]: Skipping Lnet/minecraft/client/gui/screens/inventory/BeaconScreen$BeaconScreenButton;
[04:23:49] [main/DEBUG]: Skipping Lnet/minecraft/client/gui/screens/inventory/BeaconScreen$BeaconPowerButton;
[04:23:49] [main/DEBUG]: Skipping Lnet/minecraft/client/gui/screens/inventory/BeaconScreen$BeaconConfirmButton;
[04:23:49] [main/DEBUG]: Skipping Lnet/minecraft/client/gui/screens/inventory/BeaconScreen$BeaconCancelButton;
[04:23:49] [main/DEBUG]: Skipping Lnet/minecraft/client/gui/screens/inventory/BeaconScreen$BeaconButton;
[04:23:49] [main/DEBUG]: Skipping Lnet/minecraft/client/gui/screens/inventory/BeaconScreen$1;
[04:23:49] [main/DEBUG]: Skipping Lnet/minecraft/client/gui/screens/inventory/AnvilScreen;
[04:23:49] [main/DEBUG]: Skipping Lnet/minecraft/client/gui/screens/inventory/AbstractSignEditScreen;
[04:23:49] [main/DEBUG]: Skipping Lnet/minecraft/client/gui/screens/inventory/AbstractFurnaceScreen;
[04:23:49] [main/DEBUG]: Skipping Lnet/minecraft/client/gui/screens/inventory/AbstractCommandBlockEditScreen;
[04:23:49] [main/DEBUG]: Skipping Lnet/minecraft/client/gui/screens/inventory/AbstractCommandBlockEditScreen$1;
[04:23:49] [main/DEBUG]: Skipping Lnet/minecraft/client/gui/screens/inventory/MerchantScreen;
[04:23:49] [main/DEBUG]: Skipping Lnet/minecraft/client/gui/screens/inventory/MerchantScreen$TradeOfferButton;
[04:23:49] [main/DEBUG]: Skipping Lnet/minecraft/client/gui/screens/inventory/HangingSignEditScreen;
[04:23:49] [main/DEBUG]: Skipping Lnet/minecraft/client/gui/screens/inventory/EnchantmentScreen;
[04:23:49] [main/DEBUG]: Skipping Lnet/minecraft/client/gui/screens/inventory/EffectRenderingInventoryScreen;
[04:23:49] [main/DEBUG]: Skipping Lnet/minecraft/client/gui/screens/inventory/CreativeModeInventoryScreen;
[04:23:49] [main/DEBUG]: Skipping Lnet/minecraft/client/gui/screens/inventory/CreativeModeInventoryScreen$SlotWrapper;
[04:23:49] [main/DEBUG]: Skipping Lnet/minecraft/client/gui/screens/inventory/CreativeModeInventoryScreen$ItemPickerMenu;
[04:23:49] [main/DEBUG]: Skipping Lnet/minecraft/client/gui/screens/inventory/CreativeModeInventoryScreen$CustomCreativeSlot;
[04:23:49] [main/DEBUG]: Skipping Lnet/minecraft/client/gui/screens/inventory/AbstractContainerScreen;
[04:23:49] [main/DEBUG]: Skipping Lnet/minecraft/client/gui/screens/debug/package-info;
[04:23:49] [main/DEBUG]: Skipping Lnet/minecraft/client/gui/screens/debug/GameModeSwitcherScreen;
[04:23:49] [main/DEBUG]: Skipping Lnet/minecraft/client/gui/screens/debug/GameModeSwitcherScreen$GameModeSlot;
[04:23:49] [main/DEBUG]: Skipping Lnet/minecraft/client/gui/screens/debug/GameModeSwitcherScreen$GameModeIcon;
[04:23:49] [main/DEBUG]: Skipping Lnet/minecraft/client/gui/screens/debug/GameModeSwitcherScreen$1;
[04:23:49] [main/DEBUG]: Skipping Lnet/minecraft/client/gui/screens/controls/package-info;
[04:23:49] [main/DEBUG]: Skipping Lnet/minecraft/client/gui/screens/controls/ControlsScreen;
[04:23:49] [main/DEBUG]: Skipping Lnet/minecraft/client/gui/screens/controls/KeyBindsScreen;
[04:23:49] [main/DEBUG]: Skipping Lnet/minecraft/client/gui/screens/controls/KeyBindsList;
[04:23:49] [main/DEBUG]: Skipping Lnet/minecraft/client/gui/screens/controls/KeyBindsList$KeyEntry;
[04:23:49] [main/DEBUG]: Skipping Lnet/minecraft/client/gui/screens/controls/KeyBindsList$Entry;
[04:23:49] [main/DEBUG]: Skipping Lnet/minecraft/client/gui/screens/controls/KeyBindsList$CategoryEntry;
[04:23:49] [main/DEBUG]: Skipping Lnet/minecraft/client/gui/screens/controls/KeyBindsList$CategoryEntry$1;
[04:23:49] [main/DEBUG]: Skipping Lnet/minecraft/client/gui/screens/advancements/package-info;
[04:23:49] [main/DEBUG]: Skipping Lnet/minecraft/client/gui/screens/advancements/AdvancementWidgetType;
[04:23:49] [main/DEBUG]: Skipping Lnet/minecraft/client/gui/screens/advancements/AdvancementWidgetType$1;
[04:23:49] [main/DEBUG]: Skipping Lnet/minecraft/client/gui/screens/advancements/AdvancementWidget;
[04:23:49] [main/DEBUG]: Skipping Lnet/minecraft/client/gui/screens/advancements/AdvancementsScreen;
[04:23:49] [main/DEBUG]: Skipping Lnet/minecraft/client/gui/screens/advancements/AdvancementTabType;
[04:23:49] [main/DEBUG]: Skipping Lnet/minecraft/client/gui/screens/advancements/AdvancementTabType$Sprites;
[04:23:49] [main/DEBUG]: Skipping Lnet/minecraft/client/gui/screens/advancements/AdvancementTabType$1;
[04:23:49] [main/DEBUG]: Skipping Lnet/minecraft/client/gui/screens/advancements/AdvancementTab;
[04:23:49] [main/DEBUG]: Skipping Lnet/minecraft/client/gui/screens/achievement/package-info;
[04:23:49] [main/DEBUG]: Skipping Lnet/minecraft/client/gui/screens/achievement/StatsUpdateListener;
[04:23:49] [main/DEBUG]: Skipping Lnet/minecraft/client/gui/screens/achievement/StatsScreen;
[04:23:49] [main/DEBUG]: Skipping Lnet/minecraft/client/gui/screens/achievement/StatsScreen$MobsStatisticsList;
[04:23:49] [main/DEBUG]: Skipping Lnet/minecraft/client/gui/screens/achievement/StatsScreen$MobsStatisticsList$MobRow;
[04:23:49] [main/DEBUG]: Skipping Lnet/minecraft/client/gui/screens/achievement/StatsScreen$ItemStatisticsList;
[04:23:49] [main/DEBUG]: Skipping Lnet/minecraft/client/gui/screens/achievement/StatsScreen$ItemStatisticsList$ItemRowComparator;
[04:23:49] [main/DEBUG]: Skipping Lnet/minecraft/client/gui/screens/achievement/StatsScreen$ItemStatisticsList$ItemRow;
[04:23:49] [main/DEBUG]: Skipping Lnet/minecraft/client/gui/screens/achievement/StatsScreen$GeneralStatisticsList;
[04:23:49] [main/DEBUG]: Skipping Lnet/minecraft/client/gui/screens/achievement/StatsScreen$GeneralStatisticsList$Entry;
[04:23:49] [main/DEBUG]: Skipping Lnet/minecraft/client/gui/screens/WinScreen;
[04:23:49] [main/DEBUG]: Skipping Lnet/minecraft/client/gui/screens/WinScreen$CreditsReader;
[04:23:49] [main/DEBUG]: Skipping Lnet/minecraft/client/gui/screens/VideoSettingsScreen;
[04:23:49] [main/DEBUG]: Skipping Lnet/minecraft/client/gui/screens/UnsupportedGraphicsWarningScreen;
[04:23:49] [main/DEBUG]: Skipping Lnet/minecraft/client/gui/screens/UnsupportedGraphicsWarningScreen$ButtonOption;
[04:23:49] [main/DEBUG]: Skipping Lnet/minecraft/client/gui/screens/SoundOptionsScreen;
[04:23:49] [main/DEBUG]: Skipping Lnet/minecraft/client/gui/screens/SkinCustomizationScreen;
[04:23:49] [main/DEBUG]: Skipping Lnet/minecraft/client/gui/screens/SimpleOptionsSubScreen;
[04:23:49] [main/DEBUG]: Skipping Lnet/minecraft/client/gui/screens/ShareToLanScreen;
[04:23:49] [main/DEBUG]: Skipping Lnet/minecraft/client/gui/screens/RecoverWorldDataScreen;
[04:23:49] [main/DEBUG]: Skipping Lnet/minecraft/client/gui/screens/ReceivingLevelScreen;
[04:23:49] [main/DEBUG]: Skipping Lnet/minecraft/client/gui/screens/ProgressScreen;
[04:23:49] [main/DEBUG]: Skipping Lnet/minecraft/client/gui/screens/PresetFlatWorldScreen;
[04:23:49] [main/DEBUG]: Skipping Lnet/minecraft/client/gui/screens/PresetFlatWorldScreen$PresetsList;
[04:23:49] [main/DEBUG]: Skipping Lnet/minecraft/client/gui/screens/PresetFlatWorldScreen$PresetsList$Entry;
[04:23:49] [main/DEBUG]: Skipping Lnet/minecraft/client/gui/screens/Overlay;
[04:23:49] [main/DEBUG]: Skipping Lnet/minecraft/client/gui/screens/OutOfMemoryScreen;
[04:23:49] [main/DEBUG]: Skipping Lnet/minecraft/client/gui/screens/OptionsSubScreen;
[04:23:49] [main/DEBUG]: Skipping Lnet/minecraft/client/gui/screens/OnlineOptionsScreen;
[04:23:49] [main/DEBUG]: Skipping Lnet/minecraft/client/gui/screens/NoticeWithLinkScreen;
[04:23:49] [main/DEBUG]: Skipping Lnet/minecraft/client/gui/screens/MouseSettingsScreen;
[04:23:49] [main/DEBUG]: Skipping Lnet/minecraft/client/gui/screens/LoadingDotsText;
[04:23:49] [main/DEBUG]: Skipping Lnet/minecraft/client/gui/screens/LevelLoadingScreen;
[04:23:49] [main/DEBUG]: Skipping Lnet/minecraft/client/gui/screens/LanguageSelectScreen;
[04:23:49] [main/DEBUG]: Skipping Lnet/minecraft/client/gui/screens/LanguageSelectScreen$LanguageSelectionList;
[04:23:49] [main/DEBUG]: Skipping Lnet/minecraft/client/gui/screens/LanguageSelectScreen$LanguageSelectionList$Entry;
[04:23:49] [main/DEBUG]: Skipping Lnet/minecraft/client/gui/screens/InBedChatScreen;
[04:23:49] [main/DEBUG]: Skipping Lnet/minecraft/client/gui/screens/GenericWaitingScreen;
[04:23:49] [main/DEBUG]: Skipping Lnet/minecraft/client/gui/screens/GenericDirtMessageScreen;
[04:23:49] [main/DEBUG]: Skipping Lnet/minecraft/client/gui/screens/FaviconTexture;
[04:23:49] [main/DEBUG]: Skipping Lnet/minecraft/client/gui/screens/ErrorScreen;
[04:23:49] [main/DEBUG]: Skipping Lnet/minecraft/client/gui/screens/EditServerScreen;
[04:23:49] [main/DEBUG]: Skipping Lnet/minecraft/client/gui/screens/DisconnectedScreen;
[04:23:49] [main/DEBUG]: Skipping Lnet/minecraft/client/gui/screens/DirectJoinServerScreen;
[04:23:49] [main/DEBUG]: Skipping Lnet/minecraft/client/gui/screens/DemoIntroScreen;
[04:23:49] [main/DEBUG]: Skipping Lnet/minecraft/client/gui/screens/DeathScreen;
[04:23:49] [main/DEBUG]: Skipping Lnet/minecraft/client/gui/screens/DeathScreen$TitleConfirmScreen;
[04:23:49] [main/DEBUG]: Skipping Lnet/minecraft/client/gui/screens/DatapackLoadFailureScreen;
[04:23:49] [main/DEBUG]: Skipping Lnet/minecraft/client/gui/screens/CreditsAndAttributionScreen;
[04:23:49] [main/DEBUG]: Skipping Lnet/minecraft/client/gui/screens/CreateFlatWorldScreen;
[04:23:49] [main/DEBUG]: Skipping Lnet/minecraft/client/gui/screens/CreateFlatWorldScreen$DetailsList;
[04:23:49] [main/DEBUG]: Skipping Lnet/minecraft/client/gui/screens/CreateFlatWorldScreen$DetailsList$Entry;
[04:23:49] [main/DEBUG]: Skipping Lnet/minecraft/client/gui/screens/CreateBuffetWorldScreen;
[04:23:49] [main/DEBUG]: Skipping Lnet/minecraft/client/gui/screens/CreateBuffetWorldScreen$BiomeList;
[04:23:49] [main/DEBUG]: Skipping Lnet/minecraft/client/gui/screens/CreateBuffetWorldScreen$BiomeList$Entry;
[04:23:49] [main/DEBUG]: Skipping Lnet/minecraft/client/gui/screens/ConfirmScreen;
[04:23:49] [main/DEBUG]: Skipping Lnet/minecraft/client/gui/screens/ConfirmLinkScreen;
[04:23:49] [main/DEBUG]: Skipping Lnet/minecraft/client/gui/screens/ChatOptionsScreen;
[04:23:49] [main/DEBUG]: Skipping Lnet/minecraft/client/gui/screens/BanNoticeScreens;
[04:23:49] [main/DEBUG]: Skipping Lnet/minecraft/client/gui/screens/BackupConfirmScreen;
[04:23:49] [main/DEBUG]: Skipping Lnet/minecraft/client/gui/screens/BackupConfirmScreen$Listener;
[04:23:49] [main/DEBUG]: Skipping Lnet/minecraft/client/gui/screens/AlertScreen;
[04:23:49] [main/DEBUG]: Skipping Lnet/minecraft/client/gui/screens/AccessibilityOptionsScreen;
[04:23:49] [main/DEBUG]: Skipping Lnet/minecraft/client/gui/screens/AccessibilityOnboardingScreen;
[04:23:49] [main/DEBUG]: Skipping Lnet/minecraft/client/gui/screens/TitleScreen;
[04:23:49] [main/DEBUG]: Skipping Lnet/minecraft/client/gui/screens/TitleScreen$WarningLabel;
[04:23:49] [main/DEBUG]: Transforming class Lnet/minecraft/client/gui/screens/Screen;
[04:23:49] [main/DEBUG]: Transforming net/minecraft/client/gui/screens/Screen FIELD f_169369_ to access PUBLIC and LEAVE
[04:23:49] [main/DEBUG]: Skipping Lnet/minecraft/client/gui/screens/Screen$NarratableSearchResult;
[04:23:49] [main/DEBUG]: Skipping Lnet/minecraft/client/gui/screens/Screen$DeferredTooltipRendering;
[04:23:49] [main/DEBUG]: Skipping Lnet/minecraft/client/gui/screens/PauseScreen;
[04:23:49] [main/DEBUG]: Skipping Lnet/minecraft/client/gui/screens/OptionsScreen;
[04:23:49] [main/DEBUG]: Transforming class Lnet/minecraft/client/gui/screens/MenuScreens;
[04:23:49] [main/DEBUG]: Transforming net/minecraft/client/gui/screens/MenuScreens INNERCLASS ScreenConstructor to access PUBLIC and LEAVE
[04:23:49] [main/DEBUG]: Transforming net/minecraft/client/gui/screens/MenuScreens METHOD m_96206_(Lnet/minecraft/world/inventory/MenuType;Lnet/minecraft/client/gui/screens/MenuScreens$ScreenConstructor;)V to access PUBLIC and LEAVE
[04:23:49] [main/DEBUG]: Transforming class Lnet/minecraft/client/gui/screens/MenuScreens$ScreenConstructor;
[04:23:49] [main/DEBUG]: Transforming net/minecraft/client/gui/screens/MenuScreens$ScreenConstructor CLASS to access PUBLIC and LEAVE
[04:23:49] [main/DEBUG]: Skipping Lnet/minecraft/client/gui/screens/LoadingOverlay;
[04:23:49] [main/DEBUG]: Skipping Lnet/minecraft/client/gui/screens/LoadingOverlay$LogoTexture;
[04:23:49] [main/DEBUG]: Skipping Lnet/minecraft/client/gui/screens/ConnectScreen;
[04:23:49] [main/DEBUG]: Skipping Lnet/minecraft/client/gui/screens/ConnectScreen$2;
[04:23:49] [main/DEBUG]: Skipping Lnet/minecraft/client/gui/screens/ConnectScreen$1;
[04:23:49] [main/DEBUG]: Skipping Lnet/minecraft/client/gui/screens/ChatScreen;
[04:23:49] [main/DEBUG]: Skipping Lnet/minecraft/client/gui/screens/ChatScreen$1;
[04:23:49] [main/DEBUG]: Skipping Lnet/minecraft/client/gui/package-info;
[04:23:49] [main/DEBUG]: Skipping Lnet/minecraft/client/gui/navigation/package-info;
[04:23:49] [main/DEBUG]: Skipping Lnet/minecraft/client/gui/navigation/ScreenRectangle;
[04:23:49] [main/DEBUG]: Skipping Lnet/minecraft/client/gui/navigation/ScreenRectangle$1;
[04:23:49] [main/DEBUG]: Skipping Lnet/minecraft/client/gui/navigation/ScreenPosition;
[04:23:49] [main/DEBUG]: Skipping Lnet/minecraft/client/gui/navigation/ScreenPosition$1;
[04:23:49] [main/DEBUG]: Skipping Lnet/minecraft/client/gui/navigation/ScreenDirection;
[04:23:49] [main/DEBUG]: Skipping Lnet/minecraft/client/gui/navigation/ScreenDirection$1;
[04:23:49] [main/DEBUG]: Skipping Lnet/minecraft/client/gui/navigation/ScreenAxis;
[04:23:49] [main/DEBUG]: Skipping Lnet/minecraft/client/gui/navigation/ScreenAxis$1;
[04:23:49] [main/DEBUG]: Skipping Lnet/minecraft/client/gui/navigation/FocusNavigationEvent;
[04:23:49] [main/DEBUG]: Skipping Lnet/minecraft/client/gui/navigation/FocusNavigationEvent$TabNavigation;
[04:23:49] [main/DEBUG]: Skipping Lnet/minecraft/client/gui/navigation/FocusNavigationEvent$InitialFocus;
[04:23:49] [main/DEBUG]: Skipping Lnet/minecraft/client/gui/navigation/FocusNavigationEvent$ArrowNavigation;
[04:23:49] [main/DEBUG]: Skipping Lnet/minecraft/client/gui/navigation/CommonInputs;
[04:23:49] [main/DEBUG]: Skipping Lnet/minecraft/client/gui/narration/package-info;
[04:23:49] [main/DEBUG]: Skipping Lnet/minecraft/client/gui/narration/ScreenNarrationCollector;
[04:23:49] [main/DEBUG]: Skipping Lnet/minecraft/client/gui/narration/ScreenNarrationCollector$Output;
[04:23:49] [main/DEBUG]: Skipping Lnet/minecraft/client/gui/narration/ScreenNarrationCollector$NarrationEntry;
[04:23:49] [main/DEBUG]: Skipping Lnet/minecraft/client/gui/narration/ScreenNarrationCollector$EntryKey;
[04:23:49] [main/DEBUG]: Skipping Lnet/minecraft/client/gui/narration/ScreenNarrationCollector$1;
[04:23:49] [main/DEBUG]: Skipping Lnet/minecraft/client/gui/narration/NarrationThunk;
[04:23:49] [main/DEBUG]: Skipping Lnet/minecraft/client/gui/narration/NarrationSupplier;
[04:23:49] [main/DEBUG]: Skipping Lnet/minecraft/client/gui/narration/NarrationElementOutput;
[04:23:49] [main/DEBUG]: Skipping Lnet/minecraft/client/gui/narration/NarratedElementType;
[04:23:49] [main/DEBUG]: Skipping Lnet/minecraft/client/gui/narration/NarratableEntry;
[04:23:49] [main/DEBUG]: Skipping Lnet/minecraft/client/gui/narration/NarratableEntry$NarrationPriority;
[04:23:49] [main/DEBUG]: Skipping Lnet/minecraft/client/gui/layouts/package-info;
[04:23:49] [main/DEBUG]: Skipping Lnet/minecraft/client/gui/layouts/SpacerElement;
[04:23:49] [main/DEBUG]: Skipping Lnet/minecraft/client/gui/layouts/LinearLayout;
[04:23:49] [main/DEBUG]: Skipping Lnet/minecraft/client/gui/layouts/LinearLayout$Orientation;
[04:23:49] [main/DEBUG]: Skipping Lnet/minecraft/client/gui/layouts/LinearLayout$1;
[04:23:49] [main/DEBUG]: Skipping Lnet/minecraft/client/gui/layouts/LayoutSettings;
[04:23:49] [main/DEBUG]: Skipping Lnet/minecraft/client/gui/layouts/LayoutSettings$LayoutSettingsImpl;
[04:23:49] [main/DEBUG]: Skipping Lnet/minecraft/client/gui/layouts/LayoutElement;
[04:23:49] [main/DEBUG]: Skipping Lnet/minecraft/client/gui/layouts/Layout;
[04:23:49] [main/DEBUG]: Skipping Lnet/minecraft/client/gui/layouts/HeaderAndFooterLayout;
[04:23:49] [main/DEBUG]: Skipping Lnet/minecraft/client/gui/layouts/GridLayout;
[04:23:49] [main/DEBUG]: Skipping Lnet/minecraft/client/gui/layouts/GridLayout$RowHelper;
[04:23:49] [main/DEBUG]: Skipping Lnet/minecraft/client/gui/layouts/GridLayout$CellInhabitant;
[04:23:49] [main/DEBUG]: Skipping Lnet/minecraft/client/gui/layouts/FrameLayout;
[04:23:49] [main/DEBUG]: Skipping Lnet/minecraft/client/gui/layouts/FrameLayout$ChildContainer;
[04:23:49] [main/DEBUG]: Skipping Lnet/minecraft/client/gui/layouts/EqualSpacingLayout;
[04:23:49] [main/DEBUG]: Skipping Lnet/minecraft/client/gui/layouts/EqualSpacingLayout$Orientation;
[04:23:49] [main/DEBUG]: Skipping Lnet/minecraft/client/gui/layouts/EqualSpacingLayout$ChildContainer;
[04:23:49] [main/DEBUG]: Skipping Lnet/minecraft/client/gui/layouts/EqualSpacingLayout$1;
[04:23:49] [main/DEBUG]: Skipping Lnet/minecraft/client/gui/layouts/CommonLayouts;
[04:23:49] [main/DEBUG]: Skipping Lnet/minecraft/client/gui/layouts/AbstractLayout;
[04:23:49] [main/DEBUG]: Skipping Lnet/minecraft/client/gui/layouts/AbstractLayout$AbstractChildWrapper;
[04:23:49] [main/DEBUG]: Skipping Lnet/minecraft/client/gui/font/providers/package-info;
[04:23:49] [main/DEBUG]: Skipping Lnet/minecraft/client/gui/font/providers/UnihexProvider;
[04:23:49] [main/DEBUG]: Skipping Lnet/minecraft/client/gui/font/providers/UnihexProvider$ShortContents;
[04:23:49] [main/DEBUG]: Skipping Lnet/minecraft/client/gui/font/providers/UnihexProvider$ReaderOutput;
[04:23:49] [main/DEBUG]: Skipping Lnet/minecraft/client/gui/font/providers/UnihexProvider$OverrideRange;
[04:23:49] [main/DEBUG]: Skipping Lnet/minecraft/client/gui/font/providers/UnihexProvider$LineData;
[04:23:49] [main/DEBUG]: Skipping Lnet/minecraft/client/gui/font/providers/UnihexProvider$IntContents;
[04:23:49] [main/DEBUG]: Skipping Lnet/minecraft/client/gui/font/providers/UnihexProvider$Glyph;
[04:23:49] [main/DEBUG]: Skipping Lnet/minecraft/client/gui/font/providers/UnihexProvider$Glyph$1;
[04:23:49] [main/DEBUG]: Skipping Lnet/minecraft/client/gui/font/providers/UnihexProvider$Dimensions;
[04:23:49] [main/DEBUG]: Skipping Lnet/minecraft/client/gui/font/providers/UnihexProvider$Definition;
[04:23:49] [main/DEBUG]: Skipping Lnet/minecraft/client/gui/font/providers/UnihexProvider$ByteContents;
[04:23:49] [main/DEBUG]: Skipping Lnet/minecraft/client/gui/font/providers/TrueTypeGlyphProviderDefinition;
[04:23:49] [main/DEBUG]: Skipping Lnet/minecraft/client/gui/font/providers/TrueTypeGlyphProviderDefinition$Shift;
[04:23:49] [main/DEBUG]: Skipping Lnet/minecraft/client/gui/font/providers/ProviderReferenceDefinition;
[04:23:49] [main/DEBUG]: Skipping Lnet/minecraft/client/gui/font/providers/GlyphProviderType;
[04:23:49] [main/DEBUG]: Skipping Lnet/minecraft/client/gui/font/providers/GlyphProviderDefinition;
[04:23:49] [main/DEBUG]: Skipping Lnet/minecraft/client/gui/font/providers/GlyphProviderDefinition$Reference;
[04:23:49] [main/DEBUG]: Skipping Lnet/minecraft/client/gui/font/providers/GlyphProviderDefinition$Loader;
[04:23:49] [main/DEBUG]: Skipping Lnet/minecraft/client/gui/font/providers/BitmapProvider;
[04:23:49] [main/DEBUG]: Skipping Lnet/minecraft/client/gui/font/providers/BitmapProvider$Glyph;
[04:23:49] [main/DEBUG]: Skipping Lnet/minecraft/client/gui/font/providers/BitmapProvider$Glyph$1;
[04:23:49] [main/DEBUG]: Skipping Lnet/minecraft/client/gui/font/providers/BitmapProvider$Definition;
[04:23:49] [main/DEBUG]: Skipping Lnet/minecraft/client/gui/font/package-info;
[04:23:49] [main/DEBUG]: Skipping Lnet/minecraft/client/gui/font/glyphs/package-info;
[04:23:49] [main/DEBUG]: Skipping Lnet/minecraft/client/gui/font/glyphs/SpecialGlyphs;
[04:23:49] [main/DEBUG]: Skipping Lnet/minecraft/client/gui/font/glyphs/SpecialGlyphs$PixelProvider;
[04:23:49] [main/DEBUG]: Skipping Lnet/minecraft/client/gui/font/glyphs/SpecialGlyphs$1;
[04:23:49] [main/DEBUG]: Skipping Lnet/minecraft/client/gui/font/glyphs/EmptyGlyph;
[04:23:49] [main/DEBUG]: Skipping Lnet/minecraft/client/gui/font/glyphs/BakedGlyph;
[04:23:49] [main/DEBUG]: Skipping Lnet/minecraft/client/gui/font/glyphs/BakedGlyph$Effect;
[04:23:49] [main/DEBUG]: Skipping Lnet/minecraft/client/gui/font/TextFieldHelper;
[04:23:49] [main/DEBUG]: Skipping Lnet/minecraft/client/gui/font/TextFieldHelper$CursorStep;
[04:23:49] [main/DEBUG]: Skipping Lnet/minecraft/client/gui/font/TextFieldHelper$1;
[04:23:49] [main/DEBUG]: Skipping Lnet/minecraft/client/gui/font/GlyphRenderTypes;
[04:23:49] [main/DEBUG]: Skipping Lnet/minecraft/client/gui/font/GlyphRenderTypes$1;
[04:23:49] [main/DEBUG]: Skipping Lnet/minecraft/client/gui/font/FontTexture;
[04:23:49] [main/DEBUG]: Skipping Lnet/minecraft/client/gui/font/FontTexture$Node;
[04:23:49] [main/DEBUG]: Skipping Lnet/minecraft/client/gui/font/FontSet;
[04:23:49] [main/DEBUG]: Skipping Lnet/minecraft/client/gui/font/FontSet$GlyphInfoFilter;
[04:23:49] [main/DEBUG]: Skipping Lnet/minecraft/client/gui/font/FontManager;
[04:23:49] [main/DEBUG]: Skipping Lnet/minecraft/client/gui/font/FontManager$UnresolvedBuilderBundle;
[04:23:49] [main/DEBUG]: Skipping Lnet/minecraft/client/gui/font/FontManager$Preparation;
[04:23:49] [main/DEBUG]: Skipping Lnet/minecraft/client/gui/font/FontManager$FontDefinitionFile;
[04:23:49] [main/DEBUG]: Skipping Lnet/minecraft/client/gui/font/FontManager$BuilderResult;
[04:23:49] [main/DEBUG]: Skipping Lnet/minecraft/client/gui/font/FontManager$BuilderId;
[04:23:49] [main/DEBUG]: Skipping Lnet/minecraft/client/gui/font/CodepointMap;
[04:23:49] [main/DEBUG]: Skipping Lnet/minecraft/client/gui/font/CodepointMap$Output;
[04:23:49] [main/DEBUG]: Skipping Lnet/minecraft/client/gui/font/AllMissingGlyphProvider;
[04:23:49] [main/DEBUG]: Skipping Lnet/minecraft/client/gui/components/toasts/package-info;
[04:23:49] [main/DEBUG]: Skipping Lnet/minecraft/client/gui/components/toasts/TutorialToast;
[04:23:49] [main/DEBUG]: Skipping Lnet/minecraft/client/gui/components/toasts/TutorialToast$Icons;
[04:23:49] [main/DEBUG]: Skipping Lnet/minecraft/client/gui/components/toasts/Toast;
[04:23:49] [main/DEBUG]: Skipping Lnet/minecraft/client/gui/components/toasts/Toast$Visibility;
[04:23:49] [main/DEBUG]: Skipping Lnet/minecraft/client/gui/components/toasts/SystemToast;
[04:23:49] [main/DEBUG]: Skipping Lnet/minecraft/client/gui/components/toasts/SystemToast$SystemToastId;
[04:23:49] [main/DEBUG]: Skipping Lnet/minecraft/client/gui/components/toasts/RecipeToast;
[04:23:49] [main/DEBUG]: Skipping Lnet/minecraft/client/gui/components/toasts/AdvancementToast;
[04:23:49] [main/DEBUG]: Skipping Lnet/minecraft/client/gui/components/toasts/ToastComponent;
[04:23:49] [main/DEBUG]: Skipping Lnet/minecraft/client/gui/components/toasts/ToastComponent$ToastInstance;
[04:23:49] [main/DEBUG]: Skipping Lnet/minecraft/client/gui/components/tabs/package-info;
[04:23:49] [main/DEBUG]: Skipping Lnet/minecraft/client/gui/components/tabs/TabNavigationBar;
[04:23:49] [main/DEBUG]: Skipping Lnet/minecraft/client/gui/components/tabs/TabNavigationBar$Builder;
[04:23:49] [main/DEBUG]: Skipping Lnet/minecraft/client/gui/components/tabs/TabManager;
[04:23:49] [main/DEBUG]: Skipping Lnet/minecraft/client/gui/components/tabs/Tab;
[04:23:49] [main/DEBUG]: Skipping Lnet/minecraft/client/gui/components/tabs/GridLayoutTab;
[04:23:49] [main/DEBUG]: Skipping Lnet/minecraft/client/gui/components/spectator/package-info;
[04:23:49] [main/DEBUG]: Skipping Lnet/minecraft/client/gui/components/spectator/SpectatorGui;
[04:23:49] [main/DEBUG]: Skipping Lnet/minecraft/client/gui/components/package-info;
[04:23:49] [main/DEBUG]: Skipping Lnet/minecraft/client/gui/components/events/package-info;
[04:23:49] [main/DEBUG]: Skipping Lnet/minecraft/client/gui/components/events/GuiEventListener;
[04:23:49] [main/DEBUG]: Skipping Lnet/minecraft/client/gui/components/events/ContainerEventHandler;
[04:23:49] [main/DEBUG]: Skipping Lnet/minecraft/client/gui/components/events/AbstractContainerEventHandler;
[04:23:49] [main/DEBUG]: Skipping Lnet/minecraft/client/gui/components/debugchart/TpsDebugChart;
[04:23:49] [main/DEBUG]: Skipping Lnet/minecraft/client/gui/components/debugchart/PingDebugChart;
[04:23:49] [main/DEBUG]: Skipping Lnet/minecraft/client/gui/components/debugchart/FpsDebugChart;
[04:23:49] [main/DEBUG]: Skipping Lnet/minecraft/client/gui/components/debugchart/BandwidthDebugChart;
[04:23:49] [main/DEBUG]: Skipping Lnet/minecraft/client/gui/components/debugchart/AbstractDebugChart;
[04:23:49] [main/DEBUG]: Skipping Lnet/minecraft/client/gui/components/WidgetSprites;
[04:23:49] [main/DEBUG]: Skipping Lnet/minecraft/client/gui/components/Whence;
[04:23:49] [main/DEBUG]: Skipping Lnet/minecraft/client/gui/components/Tooltip;
[04:23:49] [main/DEBUG]: Skipping Lnet/minecraft/client/gui/components/TabOrderedElement;
[04:23:49] [main/DEBUG]: Skipping Lnet/minecraft/client/gui/components/TabButton;
[04:23:49] [main/DEBUG]: Skipping Lnet/minecraft/client/gui/components/SubtitleOverlay;
[04:23:49] [main/DEBUG]: Skipping Lnet/minecraft/client/gui/components/SubtitleOverlay$Subtitle;
[04:23:49] [main/DEBUG]: Skipping Lnet/minecraft/client/gui/components/StringWidget;
[04:23:49] [main/DEBUG]: Skipping Lnet/minecraft/client/gui/components/StateSwitchingButton;
[04:23:49] [main/DEBUG]: Skipping Lnet/minecraft/client/gui/components/SpriteIconButton;
[04:23:49] [main/DEBUG]: Skipping Lnet/minecraft/client/gui/components/SpriteIconButton$TextAndIcon;
[04:23:49] [main/DEBUG]: Skipping Lnet/minecraft/client/gui/components/SpriteIconButton$CenteredIcon;
[04:23:49] [main/DEBUG]: Skipping Lnet/minecraft/client/gui/components/SpriteIconButton$Builder;
[04:23:49] [main/DEBUG]: Skipping Lnet/minecraft/client/gui/components/SplashRenderer;
[04:23:49] [main/DEBUG]: Skipping Lnet/minecraft/client/gui/components/Renderable;
[04:23:49] [main/DEBUG]: Skipping Lnet/minecraft/client/gui/components/PopupScreen;
[04:23:49] [main/DEBUG]: Skipping Lnet/minecraft/client/gui/components/PopupScreen$ButtonOption;
[04:23:49] [main/DEBUG]: Skipping Lnet/minecraft/client/gui/components/PopupScreen$Builder;
[04:23:49] [main/DEBUG]: Skipping Lnet/minecraft/client/gui/components/PlayerTabOverlay;
[04:23:49] [main/DEBUG]: Skipping Lnet/minecraft/client/gui/components/PlayerTabOverlay$ScoreDisplayEntry;
[04:23:49] [main/DEBUG]: Skipping Lnet/minecraft/client/gui/components/PlayerTabOverlay$HealthState;
[04:23:49] [main/DEBUG]: Skipping Lnet/minecraft/client/gui/components/PlayerSkinWidget;
[04:23:49] [main/DEBUG]: Skipping Lnet/minecraft/client/gui/components/PlayerSkinWidget$Model;
[04:23:49] [main/DEBUG]: Skipping Lnet/minecraft/client/gui/components/PlayerFaceRenderer;
[04:23:49] [main/DEBUG]: Skipping Lnet/minecraft/client/gui/components/PlainTextButton;
[04:23:49] [main/DEBUG]: Skipping Lnet/minecraft/client/gui/components/OptionsList;
[04:23:49] [main/DEBUG]: Skipping Lnet/minecraft/client/gui/components/OptionsList$Entry;
[04:23:49] [main/DEBUG]: Skipping Lnet/minecraft/client/gui/components/ObjectSelectionList;
[04:23:49] [main/DEBUG]: Skipping Lnet/minecraft/client/gui/components/ObjectSelectionList$Entry;
[04:23:49] [main/DEBUG]: Skipping Lnet/minecraft/client/gui/components/MultilineTextField;
[04:23:49] [main/DEBUG]: Skipping Lnet/minecraft/client/gui/components/MultilineTextField$StringView;
[04:23:49] [main/DEBUG]: Skipping Lnet/minecraft/client/gui/components/MultilineTextField$1;
[04:23:49] [main/DEBUG]: Skipping Lnet/minecraft/client/gui/components/MultiLineTextWidget;
[04:23:49] [main/DEBUG]: Skipping Lnet/minecraft/client/gui/components/MultiLineTextWidget$CacheKey;
[04:23:49] [main/DEBUG]: Skipping Lnet/minecraft/client/gui/components/MultiLineLabel;
[04:23:49] [main/DEBUG]: Skipping Lnet/minecraft/client/gui/components/MultiLineLabel$TextWithWidth;
[04:23:49] [main/DEBUG]: Skipping Lnet/minecraft/client/gui/components/MultiLineLabel$2;
[04:23:49] [main/DEBUG]: Skipping Lnet/minecraft/client/gui/components/MultiLineLabel$1;
[04:23:49] [main/DEBUG]: Skipping Lnet/minecraft/client/gui/components/MultiLineEditBox;
[04:23:49] [main/DEBUG]: Skipping Lnet/minecraft/client/gui/components/LogoRenderer;
[04:23:49] [main/DEBUG]: Skipping Lnet/minecraft/client/gui/components/LockIconButton;
[04:23:49] [main/DEBUG]: Skipping Lnet/minecraft/client/gui/components/LockIconButton$Icon;
[04:23:49] [main/DEBUG]: Skipping Lnet/minecraft/client/gui/components/LoadingDotsWidget;
[04:23:49] [main/DEBUG]: Skipping Lnet/minecraft/client/gui/components/LerpingBossEvent;
[04:23:49] [main/DEBUG]: Skipping Lnet/minecraft/client/gui/components/ImageWidget;
[04:23:49] [main/DEBUG]: Skipping Lnet/minecraft/client/gui/components/ImageWidget$Texture;
[04:23:49] [main/DEBUG]: Skipping Lnet/minecraft/client/gui/components/ImageWidget$Sprite;
[04:23:49] [main/DEBUG]: Skipping Lnet/minecraft/client/gui/components/ImageButton;
[04:23:49] [main/DEBUG]: Skipping Lnet/minecraft/client/gui/components/FocusableTextWidget;
[04:23:49] [main/DEBUG]: Skipping Lnet/minecraft/client/gui/components/FittingMultiLineTextWidget;
[04:23:49] [main/DEBUG]: Skipping Lnet/minecraft/client/gui/components/EditBox;
[04:23:49] [main/DEBUG]: Skipping Lnet/minecraft/client/gui/components/CycleButton;
[04:23:49] [main/DEBUG]: Skipping Lnet/minecraft/client/gui/components/CycleButton$ValueListSupplier;
[04:23:49] [main/DEBUG]: Skipping Lnet/minecraft/client/gui/components/CycleButton$ValueListSupplier$2;
[04:23:49] [main/DEBUG]: Skipping Lnet/minecraft/client/gui/components/CycleButton$ValueListSupplier$1;
[04:23:49] [main/DEBUG]: Skipping Lnet/minecraft/client/gui/components/CycleButton$OnValueChange;
[04:23:49] [main/DEBUG]: Skipping Lnet/minecraft/client/gui/components/CycleButton$Builder;
[04:23:49] [main/DEBUG]: Skipping Lnet/minecraft/client/gui/components/ContainerObjectSelectionList;
[04:23:49] [main/DEBUG]: Skipping Lnet/minecraft/client/gui/components/ContainerObjectSelectionList$Entry;
[04:23:49] [main/DEBUG]: Skipping Lnet/minecraft/client/gui/components/ContainerObjectSelectionList$1;
[04:23:49] [main/DEBUG]: Skipping Lnet/minecraft/client/gui/components/ComponentRenderUtils;
[04:23:49] [main/DEBUG]: Skipping Lnet/minecraft/client/gui/components/CommonButtons;
[04:23:49] [main/DEBUG]: Skipping Lnet/minecraft/client/gui/components/CommandSuggestions;
[04:23:49] [main/DEBUG]: Skipping Lnet/minecraft/client/gui/components/CommandSuggestions$SuggestionsList;
[04:23:49] [main/DEBUG]: Skipping Lnet/minecraft/client/gui/components/Checkbox;
[04:23:49] [main/DEBUG]: Skipping Lnet/minecraft/client/gui/components/Checkbox$OnValueChange;
[04:23:49] [main/DEBUG]: Skipping Lnet/minecraft/client/gui/components/Checkbox$Builder;
[04:23:49] [main/DEBUG]: Skipping Lnet/minecraft/client/gui/components/ChatComponent;
[04:23:49] [main/DEBUG]: Skipping Lnet/minecraft/client/gui/components/ChatComponent$DelayedMessageDeletion;
[04:23:49] [main/DEBUG]: Skipping Lnet/minecraft/client/gui/components/AbstractStringWidget;
[04:23:49] [main/DEBUG]: Transforming class Lnet/minecraft/client/gui/components/AbstractSliderButton;
[04:23:49] [main/DEBUG]: Transforming net/minecraft/client/gui/components/AbstractSliderButton METHOD m_293389_()Lnet/minecraft/resources/ResourceLocation; to access PROTECTED and LEAVE
[04:23:49] [main/DEBUG]: Transforming net/minecraft/client/gui/components/AbstractSliderButton METHOD m_293290_()Lnet/minecraft/resources/ResourceLocation; to access PROTECTED and LEAVE
[04:23:49] [main/DEBUG]: Skipping Lnet/minecraft/client/gui/components/AbstractSelectionList;
[04:23:49] [main/DEBUG]: Skipping Lnet/minecraft/client/gui/components/AbstractSelectionList$TrackedList;
[04:23:49] [main/DEBUG]: Transforming class Lnet/minecraft/client/gui/components/AbstractSelectionList$Entry;
[04:23:49] [main/DEBUG]: Transforming net/minecraft/client/gui/components/AbstractSelectionList$Entry FIELD f_93521_ to access PROTECTED and LEAVE
[04:23:49] [main/DEBUG]: Skipping Lnet/minecraft/client/gui/components/AbstractSelectionList$1;
[04:23:49] [main/DEBUG]: Skipping Lnet/minecraft/client/gui/components/AbstractScrollWidget;
[04:23:49] [main/DEBUG]: Skipping Lnet/minecraft/client/gui/components/AbstractOptionSliderButton;
[04:23:49] [main/DEBUG]: Skipping Lnet/minecraft/client/gui/components/AbstractContainerWidget;
[04:23:49] [main/DEBUG]: Transforming class Lnet/minecraft/client/gui/components/DebugScreenOverlay;
[04:23:49] [main/DEBUG]: Transforming net/minecraft/client/gui/components/DebugScreenOverlay FIELD f_94032_ to access PROTECTED and LEAVE
[04:23:49] [main/DEBUG]: Transforming net/minecraft/client/gui/components/DebugScreenOverlay FIELD f_94033_ to access PROTECTED and LEAVE
[04:23:49] [main/DEBUG]: Transforming net/minecraft/client/gui/components/DebugScreenOverlay METHOD m_286013_(Lnet/minecraft/client/gui/GuiGraphics;Ljava/util/List;Z)V to access PROTECTED and LEAVE
[04:23:49] [main/DEBUG]: Skipping Lnet/minecraft/client/gui/components/DebugScreenOverlay$AllocationRateCalculator;
[04:23:49] [main/DEBUG]: Skipping Lnet/minecraft/client/gui/components/DebugScreenOverlay$1;
[04:23:49] [main/DEBUG]: Skipping Lnet/minecraft/client/gui/components/Button;
[04:23:49] [main/DEBUG]: Skipping Lnet/minecraft/client/gui/components/Button$OnPress;
[04:23:49] [main/DEBUG]: Skipping Lnet/minecraft/client/gui/components/Button$CreateNarration;
[04:23:49] [main/DEBUG]: Skipping Lnet/minecraft/client/gui/components/Button$Builder;
[04:23:49] [main/DEBUG]: Skipping Lnet/minecraft/client/gui/components/BossHealthOverlay;
[04:23:49] [main/DEBUG]: Skipping Lnet/minecraft/client/gui/components/BossHealthOverlay$1;
[04:23:49] [main/DEBUG]: Skipping Lnet/minecraft/client/gui/components/AbstractWidget;
[04:23:49] [main/DEBUG]: Transforming class Lnet/minecraft/client/gui/components/AbstractButton;
[04:23:49] [main/DEBUG]: Transforming net/minecraft/client/gui/components/AbstractButton FIELD f_290895_ to access PROTECTED and LEAVE
[04:23:49] [main/DEBUG]: Skipping Lnet/minecraft/client/gui/MapRenderer;
[04:23:49] [main/DEBUG]: Skipping Lnet/minecraft/client/gui/MapRenderer$MapInstance;
[04:23:49] [main/DEBUG]: Skipping Lnet/minecraft/client/gui/GuiSpriteManager;
[04:23:49] [main/DEBUG]: Skipping Lnet/minecraft/client/gui/ComponentPath;
[04:23:49] [main/DEBUG]: Skipping Lnet/minecraft/client/gui/ComponentPath$Path;
[04:23:49] [main/DEBUG]: Skipping Lnet/minecraft/client/gui/ComponentPath$Leaf;
[04:23:49] [main/DEBUG]: Skipping Lnet/minecraft/client/gui/GuiGraphics;
[04:23:49] [main/DEBUG]: Skipping Lnet/minecraft/client/gui/GuiGraphics$ScissorStack;
[04:23:49] [main/DEBUG]: Transforming class Lnet/minecraft/client/gui/Gui;
[04:23:49] [main/DEBUG]: Transforming net/minecraft/client/gui/Gui FIELD f_291829_ to access PROTECTED and LEAVE
[04:23:49] [main/DEBUG]: Transforming net/minecraft/client/gui/Gui FIELD f_291363_ to access PROTECTED and LEAVE
[04:23:49] [main/DEBUG]: Transforming net/minecraft/client/gui/Gui FIELD f_291360_ to access PROTECTED and LEAVE
[04:23:49] [main/DEBUG]: Transforming net/minecraft/client/gui/Gui FIELD f_290711_ to access PROTECTED and LEAVE
[04:23:49] [main/DEBUG]: Transforming net/minecraft/client/gui/Gui FIELD f_291473_ to access PROTECTED and LEAVE
[04:23:49] [main/DEBUG]: Transforming net/minecraft/client/gui/Gui FIELD f_290513_ to access PROTECTED and LEAVE
[04:23:49] [main/DEBUG]: Transforming net/minecraft/client/gui/Gui FIELD f_291149_ to access PROTECTED and LEAVE
[04:23:49] [main/DEBUG]: Transforming net/minecraft/client/gui/Gui FIELD f_290368_ to access PROTECTED and LEAVE
[04:23:49] [main/DEBUG]: Transforming net/minecraft/client/gui/Gui FIELD f_291322_ to access PROTECTED and LEAVE
[04:23:49] [main/DEBUG]: Transforming net/minecraft/client/gui/Gui FIELD f_291864_ to access PROTECTED and LEAVE
[04:23:49] [main/DEBUG]: Transforming net/minecraft/client/gui/Gui FIELD f_290833_ to access PROTECTED and LEAVE
[04:23:49] [main/DEBUG]: Transforming net/minecraft/client/gui/Gui FIELD f_291301_ to access PROTECTED and LEAVE
[04:23:49] [main/DEBUG]: Transforming net/minecraft/client/gui/Gui FIELD f_291483_ to access PROTECTED and LEAVE
[04:23:49] [main/DEBUG]: Transforming net/minecraft/client/gui/Gui FIELD f_291104_ to access PROTECTED and LEAVE
[04:23:49] [main/DEBUG]: Transforming net/minecraft/client/gui/Gui FIELD f_291820_ to access PROTECTED and LEAVE
[04:23:49] [main/DEBUG]: Transforming net/minecraft/client/gui/Gui FIELD f_291741_ to access PROTECTED and LEAVE
[04:23:49] [main/DEBUG]: Transforming net/minecraft/client/gui/Gui FIELD f_291491_ to access PROTECTED and LEAVE
[04:23:49] [main/DEBUG]: Transforming net/minecraft/client/gui/Gui FIELD f_291879_ to access PROTECTED and LEAVE
[04:23:49] [main/DEBUG]: Transforming net/minecraft/client/gui/Gui FIELD f_291785_ to access PROTECTED and LEAVE
[04:23:49] [main/DEBUG]: Transforming net/minecraft/client/gui/Gui FIELD f_290436_ to access PROTECTED and LEAVE
[04:23:49] [main/DEBUG]: Transforming net/minecraft/client/gui/Gui FIELD f_291486_ to access PROTECTED and LEAVE
[04:23:49] [main/DEBUG]: Transforming net/minecraft/client/gui/Gui FIELD f_291577_ to access PROTECTED and LEAVE
[04:23:49] [main/DEBUG]: Transforming net/minecraft/client/gui/Gui FIELD f_290366_ to access PROTECTED and LEAVE
[04:23:49] [main/DEBUG]: Transforming net/minecraft/client/gui/Gui FIELD f_290694_ to access PROTECTED and LEAVE
[04:23:49] [main/DEBUG]: Transforming net/minecraft/client/gui/Gui FIELD f_291002_ to access PROTECTED and LEAVE
[04:23:49] [main/DEBUG]: Transforming net/minecraft/client/gui/Gui FIELD f_291650_ to access PROTECTED and LEAVE
[04:23:49] [main/DEBUG]: Transforming net/minecraft/client/gui/Gui FIELD f_291833_ to access PROTECTED and LEAVE
[04:23:49] [main/DEBUG]: Transforming net/minecraft/client/gui/Gui FIELD f_291609_ to access PROTECTED and LEAVE
[04:23:49] [main/DEBUG]: Transforming net/minecraft/client/gui/Gui FIELD f_290939_ to access PROTECTED and LEAVE
[04:23:49] [main/DEBUG]: Transforming net/minecraft/client/gui/Gui FIELD f_291256_ to access PROTECTED and LEAVE
[04:23:49] [main/DEBUG]: Transforming net/minecraft/client/gui/Gui FIELD f_290334_ to access PROTECTED and LEAVE
[04:23:49] [main/DEBUG]: Transforming net/minecraft/client/gui/Gui FIELD f_92981_ to access PROTECTED and LEAVE
[04:23:49] [main/DEBUG]: Transforming net/minecraft/client/gui/Gui FIELD f_92983_ to access PROTECTED and LEAVE
[04:23:49] [main/DEBUG]: Transforming net/minecraft/client/gui/Gui FIELD f_168665_ to access PROTECTED and LEAVE
[04:23:49] [main/DEBUG]: Transforming net/minecraft/client/gui/Gui FIELD f_168666_ to access PROTECTED and LEAVE
[04:23:49] [main/DEBUG]: Transforming net/minecraft/client/gui/Gui FIELD f_302813_ to access PROTECTED and LEAVE
[04:23:49] [main/DEBUG]: Transforming net/minecraft/client/gui/Gui FIELD f_92984_ to access PROTECTED and LEAVE
[04:23:49] [main/DEBUG]: Transforming net/minecraft/client/gui/Gui FIELD f_193830_ to access PROTECTED and LEAVE
[04:23:49] [main/DEBUG]: Transforming net/minecraft/client/gui/Gui FIELD f_168667_ to access PROTECTED and LEAVE
[04:23:49] [main/DEBUG]: Transforming net/minecraft/client/gui/Gui FIELD f_168668_ to access PROTECTED and LEAVE
[04:23:49] [main/DEBUG]: Transforming net/minecraft/client/gui/Gui FIELD f_168669_ to access PROTECTED and LEAVE
[04:23:49] [main/DEBUG]: Transforming net/minecraft/client/gui/Gui FIELD f_168670_ to access PROTECTED and LEAVE
[04:23:49] [main/DEBUG]: Transforming net/minecraft/client/gui/Gui FIELD f_168671_ to access PROTECTED and LEAVE
[04:23:49] [main/DEBUG]: Transforming net/minecraft/client/gui/Gui FIELD f_168672_ to access PROTECTED and LEAVE
[04:23:49] [main/DEBUG]: Transforming net/minecraft/client/gui/Gui FIELD f_168673_ to access PROTECTED and LEAVE
[04:23:49] [main/DEBUG]: Transforming net/minecraft/client/gui/Gui FIELD f_168674_ to access PROTECTED and LEAVE
[04:23:49] [main/DEBUG]: Transforming net/minecraft/client/gui/Gui FIELD f_193831_ to access PROTECTED and LEAVE
[04:23:49] [main/DEBUG]: Transforming net/minecraft/client/gui/Gui FIELD f_92985_ to access PROTECTED and LEAVE
[04:23:49] [main/DEBUG]: Transforming net/minecraft/client/gui/Gui FIELD f_92986_ to access PROTECTED and LEAVE
[04:23:49] [main/DEBUG]: Transforming net/minecraft/client/gui/Gui FIELD f_92987_ to access PROTECTED and LEAVE
[04:23:49] [main/DEBUG]: Transforming net/minecraft/client/gui/Gui FIELD f_92988_ to access PROTECTED and LEAVE
[04:23:49] [main/DEBUG]: Transforming net/minecraft/client/gui/Gui FIELD f_92989_ to access PROTECTED and LEAVE
[04:23:49] [main/DEBUG]: Transforming net/minecraft/client/gui/Gui FIELD f_92990_ to access PROTECTED and LEAVE
[04:23:49] [main/DEBUG]: Transforming net/minecraft/client/gui/Gui FIELD f_92991_ to access PROTECTED and LEAVE
[04:23:49] [main/DEBUG]: Transforming net/minecraft/client/gui/Gui FIELD f_92992_ to access PROTECTED and LEAVE
[04:23:49] [main/DEBUG]: Transforming net/minecraft/client/gui/Gui FIELD f_238167_ to access PROTECTED and LEAVE
[04:23:49] [main/DEBUG]: Transforming net/minecraft/client/gui/Gui FIELD f_92993_ to access PROTECTED and LEAVE
[04:23:49] [main/DEBUG]: Transforming net/minecraft/client/gui/Gui FIELD f_92994_ to access PROTECTED and LEAVE
[04:23:49] [main/DEBUG]: Transforming net/minecraft/client/gui/Gui FIELD f_291320_ to access PROTECTED and LEAVE
[04:23:49] [main/DEBUG]: Transforming net/minecraft/client/gui/Gui FIELD f_92996_ to access PROTECTED and LEAVE
[04:23:49] [main/DEBUG]: Transforming net/minecraft/client/gui/Gui FIELD f_92997_ to access PROTECTED and LEAVE
[04:23:49] [main/DEBUG]: Transforming net/minecraft/client/gui/Gui FIELD f_92998_ to access PROTECTED and LEAVE
[04:23:49] [main/DEBUG]: Transforming net/minecraft/client/gui/Gui FIELD f_92999_ to access PROTECTED and LEAVE
[04:23:49] [main/DEBUG]: Transforming net/minecraft/client/gui/Gui FIELD f_93000_ to access PROTECTED and LEAVE
[04:23:49] [main/DEBUG]: Transforming net/minecraft/client/gui/Gui FIELD f_93001_ to access PROTECTED and LEAVE
[04:23:49] [main/DEBUG]: Transforming net/minecraft/client/gui/Gui FIELD f_93002_ to access PROTECTED and LEAVE
[04:23:49] [main/DEBUG]: Transforming net/minecraft/client/gui/Gui FIELD f_92970_ to access PROTECTED and LEAVE
[04:23:49] [main/DEBUG]: Transforming net/minecraft/client/gui/Gui FIELD f_92971_ to access PROTECTED and LEAVE
[04:23:49] [main/DEBUG]: Transforming net/minecraft/client/gui/Gui FIELD f_92972_ to access PROTECTED and LEAVE
[04:23:49] [main/DEBUG]: Transforming net/minecraft/client/gui/Gui FIELD f_92973_ to access PROTECTED and LEAVE
[04:23:49] [main/DEBUG]: Transforming net/minecraft/client/gui/Gui FIELD f_92974_ to access PROTECTED and LEAVE
[04:23:49] [main/DEBUG]: Transforming net/minecraft/client/gui/Gui FIELD f_92975_ to access PROTECTED and LEAVE
[04:23:49] [main/DEBUG]: Transforming net/minecraft/client/gui/Gui FIELD f_92976_ to access PROTECTED and LEAVE
[04:23:49] [main/DEBUG]: Transforming net/minecraft/client/gui/Gui FIELD f_92977_ to access PROTECTED and LEAVE
[04:23:49] [main/DEBUG]: Transforming net/minecraft/client/gui/Gui FIELD f_92978_ to access PROTECTED and LEAVE
[04:23:49] [main/DEBUG]: Transforming net/minecraft/client/gui/Gui FIELD f_193828_ to access PROTECTED and LEAVE
[04:23:49] [main/DEBUG]: Transforming net/minecraft/client/gui/Gui FIELD f_193829_ to access PROTECTED and LEAVE
[04:23:49] [main/DEBUG]: Transforming net/minecraft/client/gui/Gui FIELD f_168664_ to access PROTECTED and LEAVE
[04:23:49] [main/DEBUG]: Transforming net/minecraft/client/gui/Gui METHOD m_93039_(Lnet/minecraft/client/gui/GuiGraphics;Lnet/minecraft/client/gui/Font;III)V to access PROTECTED and LEAVE
[04:23:49] [main/DEBUG]: Transforming net/minecraft/client/gui/Gui METHOD m_280130_(Lnet/minecraft/client/gui/GuiGraphics;)V to access PUBLIC and LEAVE
[04:23:49] [main/DEBUG]: Transforming net/minecraft/client/gui/Gui METHOD m_280523_(Lnet/minecraft/client/gui/GuiGraphics;)V to access PUBLIC and LEAVE
[04:23:49] [main/DEBUG]: Transforming net/minecraft/client/gui/Gui METHOD m_280518_(FLnet/minecraft/client/gui/GuiGraphics;)V to access PUBLIC and LEAVE
[04:23:49] [main/DEBUG]: Transforming net/minecraft/client/gui/Gui METHOD m_280030_(Lnet/minecraft/client/gui/GuiGraphics;Lnet/minecraft/world/scores/Objective;)V to access PUBLIC and LEAVE
[04:23:49] [main/DEBUG]: Transforming net/minecraft/client/gui/Gui METHOD m_168688_(Lnet/minecraft/client/gui/GuiGraphics;Lnet/minecraft/world/entity/player/Player;IIIIFIIIZ)V to access PROTECTED and LEAVE
[04:23:49] [main/DEBUG]: Transforming net/minecraft/client/gui/Gui METHOD m_280155_(Lnet/minecraft/client/gui/GuiGraphics;Lnet/minecraft/resources/ResourceLocation;F)V to access PROTECTED and LEAVE
[04:23:49] [main/DEBUG]: Transforming net/minecraft/client/gui/Gui METHOD m_280278_(Lnet/minecraft/client/gui/GuiGraphics;F)V to access PUBLIC and LEAVE
[04:23:49] [main/DEBUG]: Transforming net/minecraft/client/gui/Gui METHOD m_280154_(Lnet/minecraft/client/gui/GuiGraphics;Lnet/minecraft/world/entity/Entity;)V to access PUBLIC and LEAVE
[04:23:49] [main/DEBUG]: Transforming net/minecraft/client/gui/Gui METHOD m_280379_(Lnet/minecraft/client/gui/GuiGraphics;F)V to access PROTECTED and LEAVE
[04:23:49] [main/DEBUG]: Skipping Lnet/minecraft/client/gui/Gui$HeartType;
[04:23:49] [main/DEBUG]: Skipping Lnet/minecraft/client/gui/Gui$1DisplayEntry;
[04:23:49] [main/DEBUG]: Skipping Lnet/minecraft/client/gui/Font;
[04:23:49] [main/DEBUG]: Skipping Lnet/minecraft/client/gui/Font$StringRenderOutput;
[04:23:49] [main/DEBUG]: Skipping Lnet/minecraft/client/gui/Font$DisplayMode;
[04:23:49] [main/DEBUG]: Skipping Lnet/minecraft/client/color/item/package-info;
[04:23:49] [main/DEBUG]: Skipping Lnet/minecraft/client/color/item/ItemColor;
[04:23:49] [main/DEBUG]: Skipping Lnet/minecraft/client/color/item/ItemColors;
[04:23:49] [main/DEBUG]: Skipping Lnet/minecraft/client/color/block/package-info;
[04:23:49] [main/DEBUG]: Skipping Lnet/minecraft/client/color/block/BlockTintCache;
[04:23:49] [main/DEBUG]: Skipping Lnet/minecraft/client/color/block/BlockTintCache$LatestCacheInfo;
[04:23:49] [main/DEBUG]: Skipping Lnet/minecraft/client/color/block/BlockTintCache$CacheData;
[04:23:49] [main/DEBUG]: Skipping Lnet/minecraft/client/color/block/BlockColor;
[04:23:49] [main/DEBUG]: Skipping Lnet/minecraft/client/color/block/BlockColors;
[04:23:49] [main/DEBUG]: Skipping Lnet/minecraft/client/animation/package-info;
[04:23:49] [main/DEBUG]: Skipping Lnet/minecraft/client/animation/definitions/package-info;
[04:23:49] [main/DEBUG]: Skipping Lnet/minecraft/client/animation/definitions/WardenAnimation;
[04:23:49] [main/DEBUG]: Skipping Lnet/minecraft/client/animation/definitions/SnifferAnimation;
[04:23:49] [main/DEBUG]: Skipping Lnet/minecraft/client/animation/definitions/FrogAnimation;
[04:23:49] [main/DEBUG]: Skipping Lnet/minecraft/client/animation/definitions/CamelAnimation;
[04:23:49] [main/DEBUG]: Skipping Lnet/minecraft/client/animation/definitions/BreezeAnimation;
[04:23:49] [main/DEBUG]: Skipping Lnet/minecraft/client/animation/definitions/BatAnimation;
[04:23:49] [main/DEBUG]: Skipping Lnet/minecraft/client/animation/KeyframeAnimations;
[04:23:49] [main/DEBUG]: Skipping Lnet/minecraft/client/animation/Keyframe;
[04:23:49] [main/DEBUG]: Skipping Lnet/minecraft/client/animation/AnimationDefinition;
[04:23:49] [main/DEBUG]: Skipping Lnet/minecraft/client/animation/AnimationDefinition$Builder;
[04:23:49] [main/DEBUG]: Skipping Lnet/minecraft/client/animation/AnimationChannel;
[04:23:49] [main/DEBUG]: Skipping Lnet/minecraft/client/animation/AnimationChannel$Targets;
[04:23:49] [main/DEBUG]: Skipping Lnet/minecraft/client/animation/AnimationChannel$Target;
[04:23:49] [main/DEBUG]: Skipping Lnet/minecraft/client/animation/AnimationChannel$Interpolations;
[04:23:49] [main/DEBUG]: Skipping Lnet/minecraft/client/animation/AnimationChannel$Interpolation;
[04:23:49] [main/DEBUG]: Skipping Lnet/minecraft/client/User;
[04:23:49] [main/DEBUG]: Skipping Lnet/minecraft/client/User$Type;
[04:23:49] [main/DEBUG]: Skipping Lnet/minecraft/client/Timer;
[04:23:49] [main/DEBUG]: Skipping Lnet/minecraft/client/StringSplitter;
[04:23:49] [main/DEBUG]: Skipping Lnet/minecraft/client/StringSplitter$WidthProvider;
[04:23:49] [main/DEBUG]: Skipping Lnet/minecraft/client/StringSplitter$WidthLimitedCharSink;
[04:23:49] [main/DEBUG]: Skipping Lnet/minecraft/client/StringSplitter$LinePosConsumer;
[04:23:49] [main/DEBUG]: Skipping Lnet/minecraft/client/StringSplitter$LineComponent;
[04:23:49] [main/DEBUG]: Skipping Lnet/minecraft/client/StringSplitter$LineBreakFinder;
[04:23:49] [main/DEBUG]: Skipping Lnet/minecraft/client/StringSplitter$FlatComponents;
[04:23:49] [main/DEBUG]: Skipping Lnet/minecraft/client/StringSplitter$1;
[04:23:49] [main/DEBUG]: Skipping Lnet/minecraft/client/ResourceLoadStateTracker;
[04:23:49] [main/DEBUG]: Skipping Lnet/minecraft/client/ResourceLoadStateTracker$ReloadState;
[04:23:49] [main/DEBUG]: Skipping Lnet/minecraft/client/ResourceLoadStateTracker$ReloadReason;
[04:23:49] [main/DEBUG]: Skipping Lnet/minecraft/client/ResourceLoadStateTracker$RecoveryInfo;
[04:23:49] [main/DEBUG]: Skipping Lnet/minecraft/client/Realms32BitWarningStatus;
[04:23:49] [main/DEBUG]: Skipping Lnet/minecraft/client/PrioritizeChunkUpdates;
[04:23:49] [main/DEBUG]: Skipping Lnet/minecraft/client/PeriodicNotificationManager;
[04:23:49] [main/DEBUG]: Skipping Lnet/minecraft/client/PeriodicNotificationManager$NotificationTask;
[04:23:49] [main/DEBUG]: Skipping Lnet/minecraft/client/PeriodicNotificationManager$Notification;
[04:23:49] [main/DEBUG]: Skipping Lnet/minecraft/client/ParticleStatus;
[04:23:49] [main/DEBUG]: Skipping Lnet/minecraft/client/OptionInstance;
[04:23:49] [main/DEBUG]: Skipping Lnet/minecraft/client/OptionInstance$ValueSet;
[04:23:49] [main/DEBUG]: Skipping Lnet/minecraft/client/OptionInstance$UnitDouble;
[04:23:49] [main/DEBUG]: Skipping Lnet/minecraft/client/OptionInstance$UnitDouble$1;
[04:23:49] [main/DEBUG]: Skipping Lnet/minecraft/client/OptionInstance$TooltipSupplier;
[04:23:49] [main/DEBUG]: Skipping Lnet/minecraft/client/OptionInstance$SliderableValueSet;
[04:23:49] [main/DEBUG]: Skipping Lnet/minecraft/client/OptionInstance$SliderableOrCyclableValueSet;
[04:23:49] [main/DEBUG]: Skipping Lnet/minecraft/client/OptionInstance$OptionInstanceSliderButton;
[04:23:49] [main/DEBUG]: Skipping Lnet/minecraft/client/OptionInstance$LazyEnum;
[04:23:49] [main/DEBUG]: Skipping Lnet/minecraft/client/OptionInstance$IntRangeBase;
[04:23:49] [main/DEBUG]: Skipping Lnet/minecraft/client/OptionInstance$IntRangeBase$1;
[04:23:49] [main/DEBUG]: Skipping Lnet/minecraft/client/OptionInstance$IntRange;
[04:23:49] [main/DEBUG]: Skipping Lnet/minecraft/client/OptionInstance$Enum;
[04:23:49] [main/DEBUG]: Skipping Lnet/minecraft/client/OptionInstance$CycleableValueSet;
[04:23:49] [main/DEBUG]: Skipping Lnet/minecraft/client/OptionInstance$CycleableValueSet$ValueSetter;
[04:23:49] [main/DEBUG]: Skipping Lnet/minecraft/client/OptionInstance$ClampingLazyMaxIntRange;
[04:23:49] [main/DEBUG]: Skipping Lnet/minecraft/client/OptionInstance$CaptionBasedToString;
[04:23:49] [main/DEBUG]: Skipping Lnet/minecraft/client/OptionInstance$AltEnum;
[04:23:49] [main/DEBUG]: Skipping Lnet/minecraft/client/NarratorStatus;
[04:23:49] [main/DEBUG]: Skipping Lnet/minecraft/client/InputType;
[04:23:49] [main/DEBUG]: Skipping Lnet/minecraft/client/HotbarManager;
[04:23:49] [main/DEBUG]: Skipping Lnet/minecraft/client/GuiMessageTag;
[04:23:49] [main/DEBUG]: Skipping Lnet/minecraft/client/GuiMessageTag$Icon;
[04:23:49] [main/DEBUG]: Skipping Lnet/minecraft/client/GuiMessage;
[04:23:49] [main/DEBUG]: Skipping Lnet/minecraft/client/GuiMessage$Line;
[04:23:49] [main/DEBUG]: Skipping Lnet/minecraft/client/GraphicsStatus;
[04:23:49] [main/DEBUG]: Skipping Lnet/minecraft/client/GraphicsStatus$1;
[04:23:49] [main/DEBUG]: Skipping Lnet/minecraft/client/GameNarrator;
[04:23:49] [main/DEBUG]: Skipping Lnet/minecraft/client/GameNarrator$NarratorInitException;
[04:23:49] [main/DEBUG]: Skipping Lnet/minecraft/client/DebugQueryHandler;
[04:23:49] [main/DEBUG]: Skipping Lnet/minecraft/client/ComponentCollector;
[04:23:49] [main/DEBUG]: Skipping Lnet/minecraft/client/CommandHistory;
[04:23:49] [main/DEBUG]: Skipping Lnet/minecraft/client/CloudStatus;
[04:23:49] [main/DEBUG]: Skipping Lnet/minecraft/client/CameraType;
[04:23:49] [main/DEBUG]: Skipping Lnet/minecraft/client/AttackIndicatorStatus;
[04:23:49] [main/DEBUG]: Skipping Lnet/minecraft/client/ToggleKeyMapping;
[04:23:49] [main/DEBUG]: Skipping Lnet/minecraft/client/Screenshot;
[04:23:49] [main/DEBUG]: Skipping Lnet/minecraft/client/RecipeBookCategories;
[04:23:49] [main/DEBUG]: Skipping Lnet/minecraft/client/RecipeBookCategories$1;
[04:23:49] [main/DEBUG]: Transforming class Lnet/minecraft/client/Options;
[04:23:49] [main/DEBUG]: Transforming net/minecraft/client/Options INNERCLASS FieldAccess to access PUBLIC and LEAVE
[04:23:49] [main/DEBUG]: Transforming net/minecraft/client/Options FIELD f_92059_ to access PUBLIC and REMOVEFINAL
[04:23:49] [main/DEBUG]: Transforming class Lnet/minecraft/client/Options$FieldAccess;
[04:23:49] [main/DEBUG]: Transforming net/minecraft/client/Options$FieldAccess CLASS to access PUBLIC and LEAVE
[04:23:49] [main/DEBUG]: Skipping Lnet/minecraft/client/Options$4;
[04:23:49] [main/DEBUG]: Skipping Lnet/minecraft/client/Options$3;
[04:23:49] [main/DEBUG]: Skipping Lnet/minecraft/client/Options$2;
[04:23:49] [main/DEBUG]: Skipping Lnet/minecraft/client/Options$1;
[04:23:49] [main/DEBUG]: Skipping Lnet/minecraft/client/MouseHandler;
[04:23:49] [main/DEBUG]: Transforming class Lnet/minecraft/client/Minecraft;
[04:23:49] [main/DEBUG]: Transforming net/minecraft/client/Minecraft FIELD f_90987_ to access PUBLIC and LEAVE
[04:23:49] [main/DEBUG]: Transforming net/minecraft/client/Minecraft METHOD m_91271_()V to access PUBLIC and LEAVE
[04:23:49] [main/DEBUG]: Skipping Lnet/minecraft/client/Minecraft$GameLoadCookie;
[04:23:49] [main/DEBUG]: Skipping Lnet/minecraft/client/Minecraft$ChatStatus;
[04:23:49] [main/DEBUG]: Skipping Lnet/minecraft/client/Minecraft$ChatStatus$4;
[04:23:49] [main/DEBUG]: Skipping Lnet/minecraft/client/Minecraft$ChatStatus$3;
[04:23:49] [main/DEBUG]: Skipping Lnet/minecraft/client/Minecraft$ChatStatus$2;
[04:23:49] [main/DEBUG]: Skipping Lnet/minecraft/client/Minecraft$ChatStatus$1;
[04:23:49] [main/DEBUG]: Skipping Lnet/minecraft/client/Minecraft$1;
[04:23:49] [main/DEBUG]: Skipping Lnet/minecraft/client/KeyboardHandler;
[04:23:49] [main/DEBUG]: Skipping Lnet/minecraft/client/KeyboardHandler$1;
[04:23:49] [main/DEBUG]: Transforming class Lnet/minecraft/client/KeyMapping;
[04:23:49] [main/DEBUG]: Transforming net/minecraft/client/KeyMapping FIELD f_90817_ to access DEFAULT and LEAVE
[04:23:49] [main/DEBUG]: Skipping Lnet/minecraft/client/ClientRecipeBook;
[04:23:49] [main/DEBUG]: Skipping Lnet/minecraft/client/ClientRecipeBook$1;
[04:23:49] [main/DEBUG]: Skipping Lnet/minecraft/client/ClientBrandRetriever;
[04:23:49] [main/DEBUG]: Skipping Lnet/minecraft/client/Camera;
[04:23:49] [main/DEBUG]: Skipping Lnet/minecraft/client/Camera$NearPlane;
[04:23:49] [main/DEBUG]: Skipping Lnet/minecraft/advancements/package-info;
[04:23:49] [main/DEBUG]: Skipping Lnet/minecraft/advancements/critereon/package-info;
[04:23:49] [main/DEBUG]: Skipping Lnet/minecraft/advancements/critereon/WrappedMinMaxBounds;
[04:23:49] [main/DEBUG]: Skipping Lnet/minecraft/advancements/critereon/UsingItemTrigger;
[04:23:49] [main/DEBUG]: Skipping Lnet/minecraft/advancements/critereon/UsingItemTrigger$TriggerInstance;
[04:23:49] [main/DEBUG]: Skipping Lnet/minecraft/advancements/critereon/UsedTotemTrigger;
[04:23:49] [main/DEBUG]: Skipping Lnet/minecraft/advancements/critereon/UsedTotemTrigger$TriggerInstance;
[04:23:49] [main/DEBUG]: Skipping Lnet/minecraft/advancements/critereon/UsedEnderEyeTrigger;
[04:23:49] [main/DEBUG]: Skipping Lnet/minecraft/advancements/critereon/UsedEnderEyeTrigger$TriggerInstance;
[04:23:49] [main/DEBUG]: Skipping Lnet/minecraft/advancements/critereon/TradeTrigger;
[04:23:49] [main/DEBUG]: Skipping Lnet/minecraft/advancements/critereon/TradeTrigger$TriggerInstance;
[04:23:49] [main/DEBUG]: Skipping Lnet/minecraft/advancements/critereon/TargetBlockTrigger;
[04:23:49] [main/DEBUG]: Skipping Lnet/minecraft/advancements/critereon/TargetBlockTrigger$TriggerInstance;
[04:23:49] [main/DEBUG]: Skipping Lnet/minecraft/advancements/critereon/TameAnimalTrigger;
[04:23:49] [main/DEBUG]: Skipping Lnet/minecraft/advancements/critereon/TameAnimalTrigger$TriggerInstance;
[04:23:49] [main/DEBUG]: Skipping Lnet/minecraft/advancements/critereon/TagPredicate;
[04:23:49] [main/DEBUG]: Skipping Lnet/minecraft/advancements/critereon/SummonedEntityTrigger;
[04:23:49] [main/DEBUG]: Skipping Lnet/minecraft/advancements/critereon/SummonedEntityTrigger$TriggerInstance;
[04:23:49] [main/DEBUG]: Skipping Lnet/minecraft/advancements/critereon/StatePropertiesPredicate;
[04:23:49] [main/DEBUG]: Skipping Lnet/minecraft/advancements/critereon/StatePropertiesPredicate$ValueMatcher;
[04:23:49] [main/DEBUG]: Skipping Lnet/minecraft/advancements/critereon/StatePropertiesPredicate$RangedMatcher;
[04:23:49] [main/DEBUG]: Skipping Lnet/minecraft/advancements/critereon/StatePropertiesPredicate$PropertyMatcher;
[04:23:49] [main/DEBUG]: Skipping Lnet/minecraft/advancements/critereon/StatePropertiesPredicate$ExactMatcher;
[04:23:49] [main/DEBUG]: Skipping Lnet/minecraft/advancements/critereon/StatePropertiesPredicate$Builder;
[04:23:49] [main/DEBUG]: Skipping Lnet/minecraft/advancements/critereon/StartRidingTrigger;
[04:23:49] [main/DEBUG]: Skipping Lnet/minecraft/advancements/critereon/StartRidingTrigger$TriggerInstance;
[04:23:49] [main/DEBUG]: Skipping Lnet/minecraft/advancements/critereon/SlimePredicate;
[04:23:49] [main/DEBUG]: Skipping Lnet/minecraft/advancements/critereon/SlideDownBlockTrigger;
[04:23:49] [main/DEBUG]: Skipping Lnet/minecraft/advancements/critereon/SlideDownBlockTrigger$TriggerInstance;
[04:23:49] [main/DEBUG]: Skipping Lnet/minecraft/advancements/critereon/SimpleCriterionTrigger;
[04:23:49] [main/DEBUG]: Skipping Lnet/minecraft/advancements/critereon/SimpleCriterionTrigger$SimpleInstance;
[04:23:49] [main/DEBUG]: Skipping Lnet/minecraft/advancements/critereon/ShotCrossbowTrigger;
[04:23:49] [main/DEBUG]: Skipping Lnet/minecraft/advancements/critereon/ShotCrossbowTrigger$TriggerInstance;
[04:23:49] [main/DEBUG]: Skipping Lnet/minecraft/advancements/critereon/RecipeUnlockedTrigger;
[04:23:49] [main/DEBUG]: Skipping Lnet/minecraft/advancements/critereon/RecipeUnlockedTrigger$TriggerInstance;
[04:23:49] [main/DEBUG]: Skipping Lnet/minecraft/advancements/critereon/RecipeCraftedTrigger;
[04:23:49] [main/DEBUG]: Skipping Lnet/minecraft/advancements/critereon/RecipeCraftedTrigger$TriggerInstance;
[04:23:49] [main/DEBUG]: Skipping Lnet/minecraft/advancements/critereon/PlayerTrigger;
[04:23:49] [main/DEBUG]: Skipping Lnet/minecraft/advancements/critereon/PlayerTrigger$TriggerInstance;
[04:23:49] [main/DEBUG]: Skipping Lnet/minecraft/advancements/critereon/PlayerPredicate;
[04:23:49] [main/DEBUG]: Skipping Lnet/minecraft/advancements/critereon/PlayerPredicate$StatMatcher;
[04:23:49] [main/DEBUG]: Skipping Lnet/minecraft/advancements/critereon/PlayerPredicate$Builder;
[04:23:49] [main/DEBUG]: Skipping Lnet/minecraft/advancements/critereon/PlayerPredicate$AdvancementPredicate;
[04:23:49] [main/DEBUG]: Skipping Lnet/minecraft/advancements/critereon/PlayerPredicate$AdvancementDonePredicate;
[04:23:49] [main/DEBUG]: Skipping Lnet/minecraft/advancements/critereon/PlayerPredicate$AdvancementCriterionsPredicate;
[04:23:49] [main/DEBUG]: Skipping Lnet/minecraft/advancements/critereon/PlayerInteractTrigger;
[04:23:49] [main/DEBUG]: Skipping Lnet/minecraft/advancements/critereon/PlayerInteractTrigger$TriggerInstance;
[04:23:49] [main/DEBUG]: Skipping Lnet/minecraft/advancements/critereon/PlayerHurtEntityTrigger;
[04:23:49] [main/DEBUG]: Skipping Lnet/minecraft/advancements/critereon/PlayerHurtEntityTrigger$TriggerInstance;
[04:23:49] [main/DEBUG]: Skipping Lnet/minecraft/advancements/critereon/PickedUpItemTrigger;
[04:23:49] [main/DEBUG]: Skipping Lnet/minecraft/advancements/critereon/PickedUpItemTrigger$TriggerInstance;
[04:23:49] [main/DEBUG]: Skipping Lnet/minecraft/advancements/critereon/NbtPredicate;
[04:23:49] [main/DEBUG]: Skipping Lnet/minecraft/advancements/critereon/MobEffectsPredicate;
[04:23:49] [main/DEBUG]: Skipping Lnet/minecraft/advancements/critereon/MobEffectsPredicate$MobEffectInstancePredicate;
[04:23:49] [main/DEBUG]: Skipping Lnet/minecraft/advancements/critereon/MobEffectsPredicate$Builder;
[04:23:49] [main/DEBUG]: Skipping Lnet/minecraft/advancements/critereon/MinMaxBounds;
[04:23:49] [main/DEBUG]: Skipping Lnet/minecraft/advancements/critereon/MinMaxBounds$Ints;
[04:23:49] [main/DEBUG]: Skipping Lnet/minecraft/advancements/critereon/MinMaxBounds$Doubles;
[04:23:49] [main/DEBUG]: Skipping Lnet/minecraft/advancements/critereon/MinMaxBounds$BoundsFromReaderFactory;
[04:23:49] [main/DEBUG]: Skipping Lnet/minecraft/advancements/critereon/MinMaxBounds$BoundsFactory;
[04:23:49] [main/DEBUG]: Skipping Lnet/minecraft/advancements/critereon/LootTableTrigger;
[04:23:49] [main/DEBUG]: Skipping Lnet/minecraft/advancements/critereon/LootTableTrigger$TriggerInstance;
[04:23:49] [main/DEBUG]: Skipping Lnet/minecraft/advancements/critereon/LocationPredicate;
[04:23:49] [main/DEBUG]: Skipping Lnet/minecraft/advancements/critereon/LocationPredicate$PositionPredicate;
[04:23:49] [main/DEBUG]: Skipping Lnet/minecraft/advancements/critereon/LocationPredicate$Builder;
[04:23:49] [main/DEBUG]: Skipping Lnet/minecraft/advancements/critereon/LightningStrikeTrigger;
[04:23:49] [main/DEBUG]: Skipping Lnet/minecraft/advancements/critereon/LightningStrikeTrigger$TriggerInstance;
[04:23:49] [main/DEBUG]: Skipping Lnet/minecraft/advancements/critereon/LightningBoltPredicate;
[04:23:49] [main/DEBUG]: Skipping Lnet/minecraft/advancements/critereon/LightPredicate;
[04:23:49] [main/DEBUG]: Skipping Lnet/minecraft/advancements/critereon/LightPredicate$Builder;
[04:23:49] [main/DEBUG]: Skipping Lnet/minecraft/advancements/critereon/LevitationTrigger;
[04:23:49] [main/DEBUG]: Skipping Lnet/minecraft/advancements/critereon/LevitationTrigger$TriggerInstance;
[04:23:49] [main/DEBUG]: Skipping Lnet/minecraft/advancements/critereon/KilledTrigger;
[04:23:49] [main/DEBUG]: Skipping Lnet/minecraft/advancements/critereon/KilledTrigger$TriggerInstance;
[04:23:49] [main/DEBUG]: Skipping Lnet/minecraft/advancements/critereon/KilledByCrossbowTrigger;
[04:23:49] [main/DEBUG]: Skipping Lnet/minecraft/advancements/critereon/KilledByCrossbowTrigger$TriggerInstance;
[04:23:49] [main/DEBUG]: Skipping Lnet/minecraft/advancements/critereon/ItemUsedOnLocationTrigger;
[04:23:49] [main/DEBUG]: Skipping Lnet/minecraft/advancements/critereon/ItemUsedOnLocationTrigger$TriggerInstance;
[04:23:49] [main/DEBUG]: Skipping Lnet/minecraft/advancements/critereon/ItemDurabilityTrigger;
[04:23:49] [main/DEBUG]: Skipping Lnet/minecraft/advancements/critereon/ItemDurabilityTrigger$TriggerInstance;
[04:23:49] [main/DEBUG]: Skipping Lnet/minecraft/advancements/critereon/InventoryChangeTrigger;
[04:23:49] [main/DEBUG]: Skipping Lnet/minecraft/advancements/critereon/InventoryChangeTrigger$TriggerInstance;
[04:23:49] [main/DEBUG]: Skipping Lnet/minecraft/advancements/critereon/InventoryChangeTrigger$TriggerInstance$Slots;
[04:23:49] [main/DEBUG]: Skipping Lnet/minecraft/advancements/critereon/ImpossibleTrigger;
[04:23:49] [main/DEBUG]: Skipping Lnet/minecraft/advancements/critereon/ImpossibleTrigger$TriggerInstance;
[04:23:49] [main/DEBUG]: Skipping Lnet/minecraft/advancements/critereon/FluidPredicate;
[04:23:49] [main/DEBUG]: Skipping Lnet/minecraft/advancements/critereon/FluidPredicate$Builder;
[04:23:49] [main/DEBUG]: Skipping Lnet/minecraft/advancements/critereon/FishingRodHookedTrigger;
[04:23:49] [main/DEBUG]: Skipping Lnet/minecraft/advancements/critereon/FishingRodHookedTrigger$TriggerInstance;
[04:23:49] [main/DEBUG]: Skipping Lnet/minecraft/advancements/critereon/FishingHookPredicate;
[04:23:49] [main/DEBUG]: Skipping Lnet/minecraft/advancements/critereon/FilledBucketTrigger;
[04:23:49] [main/DEBUG]: Skipping Lnet/minecraft/advancements/critereon/FilledBucketTrigger$TriggerInstance;
[04:23:49] [main/DEBUG]: Skipping Lnet/minecraft/advancements/critereon/EntityVariantPredicate;
[04:23:49] [main/DEBUG]: Skipping Lnet/minecraft/advancements/critereon/EntityVariantPredicate$SubPredicate;
[04:23:49] [main/DEBUG]: Skipping Lnet/minecraft/advancements/critereon/EntityTypePredicate;
[04:23:49] [main/DEBUG]: Skipping Lnet/minecraft/advancements/critereon/EntitySubPredicate;
[04:23:49] [main/DEBUG]: Skipping Lnet/minecraft/advancements/critereon/EntitySubPredicate$Types;
[04:23:49] [main/DEBUG]: Skipping Lnet/minecraft/advancements/critereon/EntitySubPredicate$Types$1;
[04:23:49] [main/DEBUG]: Skipping Lnet/minecraft/advancements/critereon/EntitySubPredicate$Type;
[04:23:49] [main/DEBUG]: Skipping Lnet/minecraft/advancements/critereon/EntityPredicate;
[04:23:49] [main/DEBUG]: Skipping Lnet/minecraft/advancements/critereon/EntityPredicate$Builder;
[04:23:49] [main/DEBUG]: Skipping Lnet/minecraft/advancements/critereon/EntityHurtPlayerTrigger;
[04:23:49] [main/DEBUG]: Skipping Lnet/minecraft/advancements/critereon/EntityHurtPlayerTrigger$TriggerInstance;
[04:23:49] [main/DEBUG]: Skipping Lnet/minecraft/advancements/critereon/EntityFlagsPredicate;
[04:23:49] [main/DEBUG]: Skipping Lnet/minecraft/advancements/critereon/EntityFlagsPredicate$Builder;
[04:23:49] [main/DEBUG]: Skipping Lnet/minecraft/advancements/critereon/EntityEquipmentPredicate;
[04:23:49] [main/DEBUG]: Skipping Lnet/minecraft/advancements/critereon/EntityEquipmentPredicate$Builder;
[04:23:49] [main/DEBUG]: Skipping Lnet/minecraft/advancements/critereon/EnterBlockTrigger;
[04:23:49] [main/DEBUG]: Skipping Lnet/minecraft/advancements/critereon/EnterBlockTrigger$TriggerInstance;
[04:23:49] [main/DEBUG]: Skipping Lnet/minecraft/advancements/critereon/EnchantmentPredicate;
[04:23:49] [main/DEBUG]: Skipping Lnet/minecraft/advancements/critereon/EnchantedItemTrigger;
[04:23:49] [main/DEBUG]: Skipping Lnet/minecraft/advancements/critereon/EnchantedItemTrigger$TriggerInstance;
[04:23:49] [main/DEBUG]: Skipping Lnet/minecraft/advancements/critereon/EffectsChangedTrigger;
[04:23:49] [main/DEBUG]: Skipping Lnet/minecraft/advancements/critereon/EffectsChangedTrigger$TriggerInstance;
[04:23:49] [main/DEBUG]: Skipping Lnet/minecraft/advancements/critereon/DistanceTrigger;
[04:23:49] [main/DEBUG]: Skipping Lnet/minecraft/advancements/critereon/DistanceTrigger$TriggerInstance;
[04:23:49] [main/DEBUG]: Skipping Lnet/minecraft/advancements/critereon/DistancePredicate;
[04:23:49] [main/DEBUG]: Skipping Lnet/minecraft/advancements/critereon/DamageSourcePredicate;
[04:23:49] [main/DEBUG]: Skipping Lnet/minecraft/advancements/critereon/DamageSourcePredicate$Builder;
[04:23:49] [main/DEBUG]: Skipping Lnet/minecraft/advancements/critereon/DamagePredicate;
[04:23:49] [main/DEBUG]: Skipping Lnet/minecraft/advancements/critereon/DamagePredicate$Builder;
[04:23:49] [main/DEBUG]: Skipping Lnet/minecraft/advancements/critereon/CuredZombieVillagerTrigger;
[04:23:49] [main/DEBUG]: Skipping Lnet/minecraft/advancements/critereon/CuredZombieVillagerTrigger$TriggerInstance;
[04:23:49] [main/DEBUG]: Skipping Lnet/minecraft/advancements/critereon/CriterionValidator;
[04:23:49] [main/DEBUG]: Skipping Lnet/minecraft/advancements/critereon/ContextAwarePredicate;
[04:23:49] [main/DEBUG]: Skipping Lnet/minecraft/advancements/critereon/ConsumeItemTrigger;
[04:23:49] [main/DEBUG]: Skipping Lnet/minecraft/advancements/critereon/ConsumeItemTrigger$TriggerInstance;
[04:23:49] [main/DEBUG]: Skipping Lnet/minecraft/advancements/critereon/ConstructBeaconTrigger;
[04:23:49] [main/DEBUG]: Skipping Lnet/minecraft/advancements/critereon/ConstructBeaconTrigger$TriggerInstance;
[04:23:49] [main/DEBUG]: Skipping Lnet/minecraft/advancements/critereon/ChanneledLightningTrigger;
[04:23:49] [main/DEBUG]: Skipping Lnet/minecraft/advancements/critereon/ChanneledLightningTrigger$TriggerInstance;
[04:23:49] [main/DEBUG]: Skipping Lnet/minecraft/advancements/critereon/ChangeDimensionTrigger;
[04:23:49] [main/DEBUG]: Skipping Lnet/minecraft/advancements/critereon/ChangeDimensionTrigger$TriggerInstance;
[04:23:49] [main/DEBUG]: Skipping Lnet/minecraft/advancements/critereon/BrewedPotionTrigger;
[04:23:49] [main/DEBUG]: Skipping Lnet/minecraft/advancements/critereon/BrewedPotionTrigger$TriggerInstance;
[04:23:49] [main/DEBUG]: Skipping Lnet/minecraft/advancements/critereon/BredAnimalsTrigger;
[04:23:49] [main/DEBUG]: Skipping Lnet/minecraft/advancements/critereon/BredAnimalsTrigger$TriggerInstance;
[04:23:49] [main/DEBUG]: Skipping Lnet/minecraft/advancements/critereon/BlockPredicate;
[04:23:49] [main/DEBUG]: Skipping Lnet/minecraft/advancements/critereon/BlockPredicate$Builder;
[04:23:49] [main/DEBUG]: Skipping Lnet/minecraft/advancements/critereon/BeeNestDestroyedTrigger;
[04:23:49] [main/DEBUG]: Skipping Lnet/minecraft/advancements/critereon/BeeNestDestroyedTrigger$TriggerInstance;
[04:23:49] [main/DEBUG]: Skipping Lnet/minecraft/advancements/critereon/ItemPredicate;
[04:23:49] [main/DEBUG]: Skipping Lnet/minecraft/advancements/critereon/ItemPredicate$Builder;
[04:23:49] [main/DEBUG]: Skipping Lnet/minecraft/advancements/TreeNodePosition;
[04:23:49] [main/DEBUG]: Skipping Lnet/minecraft/advancements/DisplayInfo;
[04:23:49] [main/DEBUG]: Skipping Lnet/minecraft/advancements/CriterionTriggerInstance;
[04:23:49] [main/DEBUG]: Skipping Lnet/minecraft/advancements/CriterionTrigger;
[04:23:49] [main/DEBUG]: Skipping Lnet/minecraft/advancements/CriterionTrigger$Listener;
[04:23:49] [main/DEBUG]: Skipping Lnet/minecraft/advancements/CriterionProgress;
[04:23:49] [main/DEBUG]: Skipping Lnet/minecraft/advancements/Criterion;
[04:23:49] [main/DEBUG]: Transforming class Lnet/minecraft/advancements/CriteriaTriggers;
[04:23:49] [main/DEBUG]: Transforming net/minecraft/advancements/CriteriaTriggers METHOD m_10595_(Ljava/lang/String;Lnet/minecraft/advancements/CriterionTrigger;)Lnet/minecraft/advancements/CriterionTrigger; to access PUBLIC and LEAVE
[04:23:49] [main/DEBUG]: Skipping Lnet/minecraft/advancements/AdvancementType;
[04:23:49] [main/DEBUG]: Skipping Lnet/minecraft/advancements/AdvancementTree;
[04:23:49] [main/DEBUG]: Skipping Lnet/minecraft/advancements/AdvancementTree$Listener;
[04:23:49] [main/DEBUG]: Skipping Lnet/minecraft/advancements/AdvancementRequirements;
[04:23:49] [main/DEBUG]: Skipping Lnet/minecraft/advancements/AdvancementRequirements$Strategy;
[04:23:49] [main/DEBUG]: Skipping Lnet/minecraft/advancements/AdvancementProgress;
[04:23:49] [main/DEBUG]: Skipping Lnet/minecraft/advancements/AdvancementNode;
[04:23:49] [main/DEBUG]: Skipping Lnet/minecraft/advancements/AdvancementHolder;
[04:23:49] [main/DEBUG]: Skipping Lnet/minecraft/advancements/AdvancementRewards;
[04:23:49] [main/DEBUG]: Skipping Lnet/minecraft/advancements/AdvancementRewards$Builder;
[04:23:49] [main/DEBUG]: Skipping Lnet/minecraft/advancements/Advancement;
[04:23:49] [main/DEBUG]: Skipping Lnet/minecraft/advancements/Advancement$Builder;
[04:23:49] [main/DEBUG]: Skipping Lnet/minecraft/WorldVersion;
[04:23:49] [main/DEBUG]: Skipping Lnet/minecraft/SystemReport;
[04:23:49] [main/DEBUG]: Skipping Lnet/minecraft/ResourceLocationException;
[04:23:49] [main/DEBUG]: Skipping Lnet/minecraft/ReportedException;
[04:23:49] [main/DEBUG]: Skipping Lnet/minecraft/Optionull;
[04:23:49] [main/DEBUG]: Skipping Lnet/minecraft/MethodsReturnNonnullByDefault;
[04:23:49] [main/DEBUG]: Skipping Lnet/minecraft/FileUtil;
[04:23:49] [main/DEBUG]: Skipping Lnet/minecraft/FieldsAreNonnullByDefault;
[04:23:49] [main/DEBUG]: Skipping Lnet/minecraft/DetectedVersion;
[04:23:49] [main/DEBUG]: Skipping Lnet/minecraft/DefaultUncaughtExceptionHandlerWithName;
[04:23:49] [main/DEBUG]: Skipping Lnet/minecraft/DefaultUncaughtExceptionHandler;
[04:23:49] [main/DEBUG]: Skipping Lnet/minecraft/CrashReportDetail;
[04:23:49] [main/DEBUG]: Skipping Lnet/minecraft/ChatFormatting;
[04:23:49] [main/DEBUG]: Skipping Lnet/minecraft/CharPredicate;
[04:23:49] [main/DEBUG]: Skipping Lnet/minecraft/BlockUtil;
[04:23:49] [main/DEBUG]: Skipping Lnet/minecraft/BlockUtil$IntBounds;
[04:23:49] [main/DEBUG]: Skipping Lnet/minecraft/BlockUtil$FoundRectangle;
[04:23:49] [main/DEBUG]: Skipping Lnet/minecraft/Util$4;
[04:23:49] [main/DEBUG]: Skipping Lnet/minecraft/Util$3;
[04:23:49] [main/DEBUG]: Skipping Lnet/minecraft/Util;
[04:23:49] [main/DEBUG]: Skipping Lnet/minecraft/Util$OS;
[04:23:49] [main/DEBUG]: Skipping Lnet/minecraft/Util$OS$2;
[04:23:49] [main/DEBUG]: Skipping Lnet/minecraft/Util$OS$1;
[04:23:49] [main/DEBUG]: Skipping Lnet/minecraft/Util$9;
[04:23:49] [main/DEBUG]: Skipping Lnet/minecraft/Util$8;
[04:23:49] [main/DEBUG]: Skipping Lnet/minecraft/Util$7;
[04:23:49] [main/DEBUG]: Skipping Lnet/minecraft/Util$6;
[04:23:49] [main/DEBUG]: Skipping Lnet/minecraft/Util$5;
[04:23:49] [main/DEBUG]: Skipping Lnet/minecraft/Util$2;
[04:23:49] [main/DEBUG]: Skipping Lnet/minecraft/Util$11;
[04:23:49] [main/DEBUG]: Skipping Lnet/minecraft/Util$10;
[04:23:49] [main/DEBUG]: Skipping Lnet/minecraft/Util$1;
[04:23:49] [main/DEBUG]: Skipping Lnet/minecraft/SharedConstants;
[04:23:49] [main/DEBUG]: Skipping Lnet/minecraft/CrashReportCategory;
[04:23:49] [main/DEBUG]: Skipping Lnet/minecraft/CrashReportCategory$Entry;
[04:23:49] [main/DEBUG]: Skipping Lnet/minecraft/CrashReport;
[04:23:49] [main/DEBUG]: Skipping Lcom/mojang/realmsclient/util/task/package-info;
[04:23:49] [main/DEBUG]: Skipping Lcom/mojang/realmsclient/util/task/WorldCreationTask;
[04:23:49] [main/DEBUG]: Skipping Lcom/mojang/realmsclient/util/task/SwitchSlotTask;
[04:23:49] [main/DEBUG]: Skipping Lcom/mojang/realmsclient/util/task/SwitchMinigameTask;
[04:23:49] [main/DEBUG]: Skipping Lcom/mojang/realmsclient/util/task/RestoreTask;
[04:23:49] [main/DEBUG]: Skipping Lcom/mojang/realmsclient/util/task/ResettingWorldTask;
[04:23:49] [main/DEBUG]: Skipping Lcom/mojang/realmsclient/util/task/ResettingTemplateWorldTask;
[04:23:49] [main/DEBUG]: Skipping Lcom/mojang/realmsclient/util/task/ResettingGeneratedWorldTask;
[04:23:49] [main/DEBUG]: Skipping Lcom/mojang/realmsclient/util/task/OpenServerTask;
[04:23:49] [main/DEBUG]: Skipping Lcom/mojang/realmsclient/util/task/LongRunningTask;
[04:23:49] [main/DEBUG]: Skipping Lcom/mojang/realmsclient/util/task/GetServerDetailsTask;
[04:23:49] [main/DEBUG]: Skipping Lcom/mojang/realmsclient/util/task/DownloadTask;
[04:23:49] [main/DEBUG]: Skipping Lcom/mojang/realmsclient/util/task/CreateSnapshotRealmTask;
[04:23:49] [main/DEBUG]: Skipping Lcom/mojang/realmsclient/util/task/ConnectTask;
[04:23:49] [main/DEBUG]: Skipping Lcom/mojang/realmsclient/util/task/CloseServerTask;
[04:23:49] [main/DEBUG]: Skipping Lcom/mojang/realmsclient/util/package-info;
[04:23:49] [main/DEBUG]: Skipping Lcom/mojang/realmsclient/util/WorldGenerationInfo;
[04:23:49] [main/DEBUG]: Skipping Lcom/mojang/realmsclient/util/UploadTokenCache;
[04:23:49] [main/DEBUG]: Skipping Lcom/mojang/realmsclient/util/TextRenderingUtils;
[04:23:49] [main/DEBUG]: Skipping Lcom/mojang/realmsclient/util/TextRenderingUtils$LineSegment;
[04:23:49] [main/DEBUG]: Skipping Lcom/mojang/realmsclient/util/TextRenderingUtils$Line;
[04:23:49] [main/DEBUG]: Skipping Lcom/mojang/realmsclient/util/RealmsUtil;
[04:23:49] [main/DEBUG]: Skipping Lcom/mojang/realmsclient/util/RealmsTextureManager;
[04:23:49] [main/DEBUG]: Skipping Lcom/mojang/realmsclient/util/RealmsTextureManager$RealmsTexture;
[04:23:49] [main/DEBUG]: Skipping Lcom/mojang/realmsclient/util/RealmsPersistence;
[04:23:49] [main/DEBUG]: Skipping Lcom/mojang/realmsclient/util/RealmsPersistence$RealmsPersistenceData;
[04:23:49] [main/DEBUG]: Skipping Lcom/mojang/realmsclient/util/LevelType;
[04:23:49] [main/DEBUG]: Skipping Lcom/mojang/realmsclient/util/JsonUtils;
[04:23:49] [main/DEBUG]: Skipping Lcom/mojang/realmsclient/package-info;
[04:23:49] [main/DEBUG]: Skipping Lcom/mojang/realmsclient/gui/task/package-info;
[04:23:49] [main/DEBUG]: Skipping Lcom/mojang/realmsclient/gui/task/RepeatedDelayStrategy;
[04:23:49] [main/DEBUG]: Skipping Lcom/mojang/realmsclient/gui/task/RepeatedDelayStrategy$2;
[04:23:49] [main/DEBUG]: Skipping Lcom/mojang/realmsclient/gui/task/RepeatedDelayStrategy$1;
[04:23:49] [main/DEBUG]: Skipping Lcom/mojang/realmsclient/gui/task/DataFetcher;
[04:23:50] [main/DEBUG]: Skipping Lcom/mojang/realmsclient/gui/task/DataFetcher$Task;
[04:23:50] [main/DEBUG]: Skipping Lcom/mojang/realmsclient/gui/task/DataFetcher$SuccessfulComputationResult;
[04:23:50] [main/DEBUG]: Skipping Lcom/mojang/realmsclient/gui/task/DataFetcher$Subscription;
[04:23:50] [main/DEBUG]: Skipping Lcom/mojang/realmsclient/gui/task/DataFetcher$SubscribedTask;
[04:23:50] [main/DEBUG]: Skipping Lcom/mojang/realmsclient/gui/task/DataFetcher$ComputationResult;
[04:23:50] [main/DEBUG]: Skipping Lcom/mojang/realmsclient/gui/screens/package-info;
[04:23:50] [main/DEBUG]: Skipping Lcom/mojang/realmsclient/gui/screens/UploadResult;
[04:23:50] [main/DEBUG]: Skipping Lcom/mojang/realmsclient/gui/screens/UploadResult$Builder;
[04:23:50] [main/DEBUG]: Skipping Lcom/mojang/realmsclient/gui/screens/RealmsUploadScreen;
[04:23:50] [main/DEBUG]: Skipping Lcom/mojang/realmsclient/gui/screens/RealmsTermsScreen;
[04:23:50] [main/DEBUG]: Skipping Lcom/mojang/realmsclient/gui/screens/RealmsSubscriptionInfoScreen;
[04:23:50] [main/DEBUG]: Skipping Lcom/mojang/realmsclient/gui/screens/RealmsSubscriptionInfoScreen$1;
[04:23:50] [main/DEBUG]: Skipping Lcom/mojang/realmsclient/gui/screens/RealmsSlotOptionsScreen;
[04:23:50] [main/DEBUG]: Skipping Lcom/mojang/realmsclient/gui/screens/RealmsSlotOptionsScreen$SettingsSlider;
[04:23:50] [main/DEBUG]: Skipping Lcom/mojang/realmsclient/gui/screens/RealmsSettingsScreen;
[04:23:50] [main/DEBUG]: Skipping Lcom/mojang/realmsclient/gui/screens/RealmsSelectWorldTemplateScreen;
[04:23:50] [main/DEBUG]: Skipping Lcom/mojang/realmsclient/gui/screens/RealmsSelectWorldTemplateScreen$WorldTemplateList;
[04:23:50] [main/DEBUG]: Skipping Lcom/mojang/realmsclient/gui/screens/RealmsSelectWorldTemplateScreen$Entry;
[04:23:50] [main/DEBUG]: Skipping Lcom/mojang/realmsclient/gui/screens/RealmsSelectWorldTemplateScreen$1;
[04:23:50] [main/DEBUG]: Skipping Lcom/mojang/realmsclient/gui/screens/RealmsSelectFileToUploadScreen;
[04:23:50] [main/DEBUG]: Skipping Lcom/mojang/realmsclient/gui/screens/RealmsSelectFileToUploadScreen$WorldSelectionList;
[04:23:50] [main/DEBUG]: Skipping Lcom/mojang/realmsclient/gui/screens/RealmsSelectFileToUploadScreen$Entry;
[04:23:50] [main/DEBUG]: Skipping Lcom/mojang/realmsclient/gui/screens/RealmsResetWorldScreen;
[04:23:50] [main/DEBUG]: Skipping Lcom/mojang/realmsclient/gui/screens/RealmsResetWorldScreen$FrameButton;
[04:23:50] [main/DEBUG]: Skipping Lcom/mojang/realmsclient/gui/screens/RealmsResetWorldScreen$1;
[04:23:50] [main/DEBUG]: Skipping Lcom/mojang/realmsclient/gui/screens/RealmsResetNormalWorldScreen;
[04:23:50] [main/DEBUG]: Skipping Lcom/mojang/realmsclient/gui/screens/RealmsPopupScreen;
[04:23:50] [main/DEBUG]: Skipping Lcom/mojang/realmsclient/gui/screens/RealmsPlayerScreen;
[04:23:50] [main/DEBUG]: Skipping Lcom/mojang/realmsclient/gui/screens/RealmsPlayerScreen$InvitedObjectSelectionList;
[04:23:50] [main/DEBUG]: Skipping Lcom/mojang/realmsclient/gui/screens/RealmsPlayerScreen$Entry;
[04:23:50] [main/DEBUG]: Skipping Lcom/mojang/realmsclient/gui/screens/RealmsPendingInvitesScreen;
[04:23:50] [main/DEBUG]: Skipping Lcom/mojang/realmsclient/gui/screens/RealmsPendingInvitesScreen$PendingInvitationSelectionList;
[04:23:50] [main/DEBUG]: Skipping Lcom/mojang/realmsclient/gui/screens/RealmsPendingInvitesScreen$Entry;
[04:23:50] [main/DEBUG]: Skipping Lcom/mojang/realmsclient/gui/screens/RealmsPendingInvitesScreen$Entry$RejectRowButton;
[04:23:50] [main/DEBUG]: Skipping Lcom/mojang/realmsclient/gui/screens/RealmsPendingInvitesScreen$Entry$AcceptRowButton;
[04:23:50] [main/DEBUG]: Skipping Lcom/mojang/realmsclient/gui/screens/RealmsParentalConsentScreen;
[04:23:50] [main/DEBUG]: Skipping Lcom/mojang/realmsclient/gui/screens/RealmsNotificationsScreen;
[04:23:50] [main/DEBUG]: Skipping Lcom/mojang/realmsclient/gui/screens/RealmsNotificationsScreen$DataFetcherConfiguration;
[04:23:50] [main/DEBUG]: Skipping Lcom/mojang/realmsclient/gui/screens/RealmsNotificationsScreen$2;
[04:23:50] [main/DEBUG]: Skipping Lcom/mojang/realmsclient/gui/screens/RealmsNotificationsScreen$1;
[04:23:50] [main/DEBUG]: Skipping Lcom/mojang/realmsclient/gui/screens/RealmsLongRunningMcoTickTaskScreen;
[04:23:50] [main/DEBUG]: Skipping Lcom/mojang/realmsclient/gui/screens/RealmsLongRunningMcoTaskScreen;
[04:23:50] [main/DEBUG]: Skipping Lcom/mojang/realmsclient/gui/screens/RealmsLongConfirmationScreen;
[04:23:50] [main/DEBUG]: Skipping Lcom/mojang/realmsclient/gui/screens/RealmsLongConfirmationScreen$Type;
[04:23:50] [main/DEBUG]: Skipping Lcom/mojang/realmsclient/gui/screens/RealmsInviteScreen;
[04:23:50] [main/DEBUG]: Skipping Lcom/mojang/realmsclient/gui/screens/RealmsDownloadLatestWorldScreen;
[04:23:50] [main/DEBUG]: Skipping Lcom/mojang/realmsclient/gui/screens/RealmsDownloadLatestWorldScreen$DownloadStatus;
[04:23:50] [main/DEBUG]: Skipping Lcom/mojang/realmsclient/gui/screens/RealmsCreateRealmScreen;
[04:23:50] [main/DEBUG]: Skipping Lcom/mojang/realmsclient/gui/screens/RealmsConfirmScreen;
[04:23:50] [main/DEBUG]: Skipping Lcom/mojang/realmsclient/gui/screens/RealmsConfigureWorldScreen;
[04:23:50] [main/DEBUG]: Skipping Lcom/mojang/realmsclient/gui/screens/RealmsConfigureWorldScreen$1;
[04:23:50] [main/DEBUG]: Skipping Lcom/mojang/realmsclient/gui/screens/RealmsClientOutdatedScreen;
[04:23:50] [main/DEBUG]: Skipping Lcom/mojang/realmsclient/gui/screens/RealmsBrokenWorldScreen;
[04:23:50] [main/DEBUG]: Skipping Lcom/mojang/realmsclient/gui/screens/RealmsBackupScreen;
[04:23:50] [main/DEBUG]: Skipping Lcom/mojang/realmsclient/gui/screens/RealmsBackupScreen$Entry;
[04:23:50] [main/DEBUG]: Skipping Lcom/mojang/realmsclient/gui/screens/RealmsBackupScreen$BackupObjectSelectionList;
[04:23:50] [main/DEBUG]: Skipping Lcom/mojang/realmsclient/gui/screens/RealmsBackupScreen$1;
[04:23:50] [main/DEBUG]: Skipping Lcom/mojang/realmsclient/gui/screens/RealmsBackupInfoScreen;
[04:23:50] [main/DEBUG]: Skipping Lcom/mojang/realmsclient/gui/screens/RealmsBackupInfoScreen$BackupInfoListEntry;
[04:23:50] [main/DEBUG]: Skipping Lcom/mojang/realmsclient/gui/screens/RealmsBackupInfoScreen$BackupInfoList;
[04:23:50] [main/DEBUG]: Skipping Lcom/mojang/realmsclient/gui/screens/RealmsGenericErrorScreen;
[04:23:50] [main/DEBUG]: Skipping Lcom/mojang/realmsclient/gui/screens/RealmsGenericErrorScreen$ErrorMessage;
[04:23:50] [main/DEBUG]: Skipping Lcom/mojang/realmsclient/gui/package-info;
[04:23:50] [main/DEBUG]: Skipping Lcom/mojang/realmsclient/gui/RowButton;
[04:23:50] [main/DEBUG]: Skipping Lcom/mojang/realmsclient/gui/RealmsWorldSlotButton;
[04:23:50] [main/DEBUG]: Skipping Lcom/mojang/realmsclient/gui/RealmsWorldSlotButton$State;
[04:23:50] [main/DEBUG]: Skipping Lcom/mojang/realmsclient/gui/RealmsWorldSlotButton$Action;
[04:23:50] [main/DEBUG]: Skipping Lcom/mojang/realmsclient/gui/RealmsWorldSlotButton$1;
[04:23:50] [main/DEBUG]: Skipping Lcom/mojang/realmsclient/gui/RealmsServerList;
[04:23:50] [main/DEBUG]: Skipping Lcom/mojang/realmsclient/gui/RealmsNewsManager;
[04:23:50] [main/DEBUG]: Skipping Lcom/mojang/realmsclient/gui/RealmsDataFetcher;
[04:23:50] [main/DEBUG]: Skipping Lcom/mojang/realmsclient/gui/RealmsDataFetcher$ServerListData;
[04:23:50] [main/DEBUG]: Skipping Lcom/mojang/realmsclient/exception/package-info;
[04:23:50] [main/DEBUG]: Skipping Lcom/mojang/realmsclient/exception/RetryCallException;
[04:23:50] [main/DEBUG]: Skipping Lcom/mojang/realmsclient/exception/RealmsServiceException;
[04:23:50] [main/DEBUG]: Skipping Lcom/mojang/realmsclient/exception/RealmsHttpException;
[04:23:50] [main/DEBUG]: Skipping Lcom/mojang/realmsclient/exception/RealmsDefaultUncaughtExceptionHandler;
[04:23:50] [main/DEBUG]: Skipping Lcom/mojang/realmsclient/dto/package-info;
[04:23:50] [main/DEBUG]: Skipping Lcom/mojang/realmsclient/dto/WorldTemplatePaginatedList;
[04:23:50] [main/DEBUG]: Skipping Lcom/mojang/realmsclient/dto/WorldTemplate;
[04:23:50] [main/DEBUG]: Skipping Lcom/mojang/realmsclient/dto/WorldTemplate$WorldTemplateType;
[04:23:50] [main/DEBUG]: Skipping Lcom/mojang/realmsclient/dto/WorldDownload;
[04:23:50] [main/DEBUG]: Skipping Lcom/mojang/realmsclient/dto/ValueObject;
[04:23:50] [main/DEBUG]: Skipping Lcom/mojang/realmsclient/dto/UploadInfo;
[04:23:50] [main/DEBUG]: Skipping Lcom/mojang/realmsclient/dto/Subscription;
[04:23:50] [main/DEBUG]: Skipping Lcom/mojang/realmsclient/dto/Subscription$SubscriptionType;
[04:23:50] [main/DEBUG]: Skipping Lcom/mojang/realmsclient/dto/ServerActivityList;
[04:23:50] [main/DEBUG]: Skipping Lcom/mojang/realmsclient/dto/ServerActivity;
[04:23:50] [main/DEBUG]: Skipping Lcom/mojang/realmsclient/dto/RegionPingResult;
[04:23:50] [main/DEBUG]: Skipping Lcom/mojang/realmsclient/dto/ReflectionBasedSerialization;
[04:23:50] [main/DEBUG]: Skipping Lcom/mojang/realmsclient/dto/RealmsWorldResetDto;
[04:23:50] [main/DEBUG]: Skipping Lcom/mojang/realmsclient/dto/RealmsWorldOptions;
[04:23:50] [main/DEBUG]: Skipping Lcom/mojang/realmsclient/dto/RealmsText;
[04:23:50] [main/DEBUG]: Skipping Lcom/mojang/realmsclient/dto/RealmsServerPlayerLists;
[04:23:50] [main/DEBUG]: Skipping Lcom/mojang/realmsclient/dto/RealmsServerPlayerList;
[04:23:50] [main/DEBUG]: Skipping Lcom/mojang/realmsclient/dto/RealmsServerPing;
[04:23:50] [main/DEBUG]: Skipping Lcom/mojang/realmsclient/dto/RealmsServerList;
[04:23:50] [main/DEBUG]: Skipping Lcom/mojang/realmsclient/dto/RealmsServerAddress;
[04:23:50] [main/DEBUG]: Skipping Lcom/mojang/realmsclient/dto/RealmsServer;
[04:23:50] [main/DEBUG]: Skipping Lcom/mojang/realmsclient/dto/RealmsServer$WorldType;
[04:23:50] [main/DEBUG]: Skipping Lcom/mojang/realmsclient/dto/RealmsServer$State;
[04:23:50] [main/DEBUG]: Skipping Lcom/mojang/realmsclient/dto/RealmsServer$McoServerComparator;
[04:23:50] [main/DEBUG]: Skipping Lcom/mojang/realmsclient/dto/RealmsServer$Compatibility;
[04:23:50] [main/DEBUG]: Skipping Lcom/mojang/realmsclient/dto/RealmsNotification;
[04:23:50] [main/DEBUG]: Skipping Lcom/mojang/realmsclient/dto/RealmsNotification$VisitUrl;
[04:23:50] [main/DEBUG]: Skipping Lcom/mojang/realmsclient/dto/RealmsNotification$UrlButton;
[04:23:50] [main/DEBUG]: Skipping Lcom/mojang/realmsclient/dto/RealmsNotification$InfoPopup;
[04:23:50] [main/DEBUG]: Skipping Lcom/mojang/realmsclient/dto/RealmsNews;
[04:23:50] [main/DEBUG]: Skipping Lcom/mojang/realmsclient/dto/RealmsDescriptionDto;
[04:23:50] [main/DEBUG]: Skipping Lcom/mojang/realmsclient/dto/PlayerInfo;
[04:23:50] [main/DEBUG]: Skipping Lcom/mojang/realmsclient/dto/PingResult;
[04:23:50] [main/DEBUG]: Skipping Lcom/mojang/realmsclient/dto/PendingInvitesList;
[04:23:50] [main/DEBUG]: Skipping Lcom/mojang/realmsclient/dto/PendingInvite;
[04:23:50] [main/DEBUG]: Skipping Lcom/mojang/realmsclient/dto/Ops;
[04:23:50] [main/DEBUG]: Skipping Lcom/mojang/realmsclient/dto/GuardedSerializer;
[04:23:50] [main/DEBUG]: Skipping Lcom/mojang/realmsclient/dto/BackupList;
[04:23:50] [main/DEBUG]: Skipping Lcom/mojang/realmsclient/dto/Backup;
[04:23:50] [main/DEBUG]: Skipping Lcom/mojang/realmsclient/client/package-info;
[04:23:50] [main/DEBUG]: Skipping Lcom/mojang/realmsclient/client/UploadStatus;
[04:23:50] [main/DEBUG]: Skipping Lcom/mojang/realmsclient/client/Request;
[04:23:50] [main/DEBUG]: Skipping Lcom/mojang/realmsclient/client/Request$Put;
[04:23:50] [main/DEBUG]: Skipping Lcom/mojang/realmsclient/client/Request$Post;
[04:23:50] [main/DEBUG]: Skipping Lcom/mojang/realmsclient/client/Request$Get;
[04:23:50] [main/DEBUG]: Skipping Lcom/mojang/realmsclient/client/Request$Delete;
[04:23:50] [main/DEBUG]: Skipping Lcom/mojang/realmsclient/client/RealmsError;
[04:23:50] [main/DEBUG]: Skipping Lcom/mojang/realmsclient/client/RealmsError$ErrorWithRawPayload;
[04:23:50] [main/DEBUG]: Skipping Lcom/mojang/realmsclient/client/RealmsError$ErrorWithJsonPayload;
[04:23:50] [main/DEBUG]: Skipping Lcom/mojang/realmsclient/client/RealmsError$CustomError;
[04:23:50] [main/DEBUG]: Skipping Lcom/mojang/realmsclient/client/RealmsError$AuthenticationError;
[04:23:50] [main/DEBUG]: Skipping Lcom/mojang/realmsclient/client/RealmsClientConfig;
[04:23:50] [main/DEBUG]: Skipping Lcom/mojang/realmsclient/client/RealmsClient;
[04:23:50] [main/DEBUG]: Skipping Lcom/mojang/realmsclient/client/RealmsClient$Environment;
[04:23:50] [main/DEBUG]: Skipping Lcom/mojang/realmsclient/client/RealmsClient$CompatibleVersionResponse;
[04:23:50] [main/DEBUG]: Skipping Lcom/mojang/realmsclient/client/Ping;
[04:23:50] [main/DEBUG]: Skipping Lcom/mojang/realmsclient/client/Ping$Region;
[04:23:50] [main/DEBUG]: Skipping Lcom/mojang/realmsclient/client/FileUpload;
[04:23:50] [main/DEBUG]: Skipping Lcom/mojang/realmsclient/client/FileUpload$CustomInputStreamEntity;
[04:23:50] [main/DEBUG]: Skipping Lcom/mojang/realmsclient/client/FileDownload;
[04:23:50] [main/DEBUG]: Skipping Lcom/mojang/realmsclient/client/FileDownload$ResourcePackProgressListener;
[04:23:50] [main/DEBUG]: Skipping Lcom/mojang/realmsclient/client/FileDownload$ProgressListener;
[04:23:50] [main/DEBUG]: Skipping Lcom/mojang/realmsclient/client/FileDownload$DownloadCountingOutputStream;
[04:23:50] [main/DEBUG]: Skipping Lcom/mojang/realmsclient/Unit;
[04:23:50] [main/DEBUG]: Skipping Lcom/mojang/realmsclient/RealmsMainScreen;
[04:23:50] [main/DEBUG]: Skipping Lcom/mojang/realmsclient/RealmsMainScreen$ServerEntry;
[04:23:50] [main/DEBUG]: Skipping Lcom/mojang/realmsclient/RealmsMainScreen$RealmsCall;
[04:23:50] [main/DEBUG]: Skipping Lcom/mojang/realmsclient/RealmsMainScreen$RealmSelectionList;
[04:23:50] [main/DEBUG]: Skipping Lcom/mojang/realmsclient/RealmsMainScreen$ParentEntry;
[04:23:50] [main/DEBUG]: Skipping Lcom/mojang/realmsclient/RealmsMainScreen$NotificationMessageEntry;
[04:23:50] [main/DEBUG]: Skipping Lcom/mojang/realmsclient/RealmsMainScreen$NotificationButton;
[04:23:50] [main/DEBUG]: Skipping Lcom/mojang/realmsclient/RealmsMainScreen$LayoutState;
[04:23:50] [main/DEBUG]: Skipping Lcom/mojang/realmsclient/RealmsMainScreen$Entry;
[04:23:50] [main/DEBUG]: Skipping Lcom/mojang/realmsclient/RealmsMainScreen$EmptyEntry;
[04:23:50] [main/DEBUG]: Skipping Lcom/mojang/realmsclient/RealmsMainScreen$CrossButton;
[04:23:50] [main/DEBUG]: Skipping Lcom/mojang/realmsclient/RealmsMainScreen$ButtonEntry;
[04:23:50] [main/DEBUG]: Skipping Lcom/mojang/realmsclient/RealmsMainScreen$AvailableSnapshotEntry;
[04:23:50] [main/DEBUG]: Skipping Lcom/mojang/realmsclient/RealmsMainScreen$2;
[04:23:50] [main/DEBUG]: Skipping Lcom/mojang/realmsclient/RealmsMainScreen$1;
[04:23:50] [main/DEBUG]: Skipping Lcom/mojang/realmsclient/RealmsAvailability;
[04:23:50] [main/DEBUG]: Skipping Lcom/mojang/realmsclient/RealmsAvailability$Type;
[04:23:50] [main/DEBUG]: Skipping Lcom/mojang/realmsclient/RealmsAvailability$Result;
[04:23:50] [main/DEBUG]: Skipping Lcom/mojang/realmsclient/RealmsAvailability$1;
[04:23:50] [main/DEBUG]: Skipping Lcom/mojang/math/package-info;
[04:23:50] [main/DEBUG]: Skipping Lcom/mojang/math/SymmetricGroup3;
[04:23:50] [main/DEBUG]: Skipping Lcom/mojang/math/OctahedralGroup;
[04:23:50] [main/DEBUG]: Skipping Lcom/mojang/math/OctahedralGroup$1;
[04:23:50] [main/DEBUG]: Skipping Lcom/mojang/math/MethodsReturnNonnullByDefault;
[04:23:50] [main/DEBUG]: Skipping Lcom/mojang/math/MatrixUtil;
[04:23:50] [main/DEBUG]: Skipping Lcom/mojang/math/GivensParameters;
[04:23:50] [main/DEBUG]: Skipping Lcom/mojang/math/FieldsAreNonnullByDefault;
[04:23:50] [main/DEBUG]: Skipping Lcom/mojang/math/Divisor;
[04:23:50] [main/DEBUG]: Skipping Lcom/mojang/math/Constants;
[04:23:50] [main/DEBUG]: Skipping Lcom/mojang/math/Axis;
[04:23:50] [main/DEBUG]: Skipping Lcom/mojang/math/Transformation;
[04:23:50] [main/DEBUG]: Skipping Lcom/mojang/blaze3d/vertex/package-info;
[04:23:50] [main/DEBUG]: Skipping Lcom/mojang/blaze3d/vertex/VertexSorting;
[04:23:50] [main/DEBUG]: Skipping Lcom/mojang/blaze3d/vertex/VertexSorting$DistanceFunction;
[04:23:50] [main/DEBUG]: Skipping Lcom/mojang/blaze3d/vertex/VertexMultiConsumer;
[04:23:50] [main/DEBUG]: Skipping Lcom/mojang/blaze3d/vertex/VertexMultiConsumer$Multiple;
[04:23:50] [main/DEBUG]: Skipping Lcom/mojang/blaze3d/vertex/VertexMultiConsumer$Double;
[04:23:50] [main/DEBUG]: Skipping Lcom/mojang/blaze3d/vertex/VertexBuffer;
[04:23:50] [main/DEBUG]: Skipping Lcom/mojang/blaze3d/vertex/VertexBuffer$Usage;
[04:23:50] [main/DEBUG]: Skipping Lcom/mojang/blaze3d/vertex/Tesselator;
[04:23:50] [main/DEBUG]: Skipping Lcom/mojang/blaze3d/vertex/DefaultedVertexConsumer;
[04:23:50] [main/DEBUG]: Skipping Lcom/mojang/blaze3d/vertex/DefaultVertexFormat;
[04:23:50] [main/DEBUG]: Skipping Lcom/mojang/blaze3d/vertex/BufferVertexConsumer;
[04:23:50] [main/DEBUG]: Skipping Lcom/mojang/blaze3d/vertex/BufferUploader;
[04:23:50] [main/DEBUG]: Skipping Lcom/mojang/blaze3d/vertex/VertexFormatElement;
[04:23:50] [main/DEBUG]: Skipping Lcom/mojang/blaze3d/vertex/VertexFormatElement$Usage;
[04:23:50] [main/DEBUG]: Skipping Lcom/mojang/blaze3d/vertex/VertexFormatElement$Usage$SetupState;
[04:23:50] [main/DEBUG]: Skipping Lcom/mojang/blaze3d/vertex/VertexFormatElement$Usage$ClearState;
[04:23:50] [main/DEBUG]: Skipping Lcom/mojang/blaze3d/vertex/VertexFormatElement$Type;
[04:23:50] [main/DEBUG]: Skipping Lcom/mojang/blaze3d/vertex/VertexFormat;
[04:23:50] [main/DEBUG]: Skipping Lcom/mojang/blaze3d/vertex/VertexFormat$Mode;
[04:23:50] [main/DEBUG]: Skipping Lcom/mojang/blaze3d/vertex/VertexFormat$IndexType;
[04:23:50] [main/DEBUG]: Skipping Lcom/mojang/blaze3d/vertex/VertexFormat$1;
[04:23:50] [main/DEBUG]: Skipping Lcom/mojang/blaze3d/vertex/VertexConsumer;
[04:23:50] [main/DEBUG]: Skipping Lcom/mojang/blaze3d/vertex/SheetedDecalTextureGenerator;
[04:23:50] [main/DEBUG]: Skipping Lcom/mojang/blaze3d/vertex/PoseStack;
[04:23:50] [main/DEBUG]: Skipping Lcom/mojang/blaze3d/vertex/PoseStack$Pose;
[04:23:50] [main/DEBUG]: Skipping Lcom/mojang/blaze3d/vertex/BufferBuilder;
[04:23:50] [main/DEBUG]: Skipping Lcom/mojang/blaze3d/vertex/BufferBuilder$SortState;
[04:23:50] [main/DEBUG]: Skipping Lcom/mojang/blaze3d/vertex/BufferBuilder$RenderedBuffer;
[04:23:50] [main/DEBUG]: Skipping Lcom/mojang/blaze3d/vertex/BufferBuilder$DrawState;
[04:23:50] [main/DEBUG]: Skipping Lcom/mojang/blaze3d/vertex/BufferBuilder$1;
[04:23:50] [main/DEBUG]: Skipping Lcom/mojang/blaze3d/systems/package-info;
[04:23:50] [main/DEBUG]: Skipping Lcom/mojang/blaze3d/systems/TimerQuery;
[04:23:50] [main/DEBUG]: Skipping Lcom/mojang/blaze3d/systems/TimerQuery$TimerQueryLazyLoader;
[04:23:50] [main/DEBUG]: Skipping Lcom/mojang/blaze3d/systems/TimerQuery$FrameProfile;
[04:23:50] [main/DEBUG]: Skipping Lcom/mojang/blaze3d/systems/RenderSystem;
[04:23:50] [main/DEBUG]: Skipping Lcom/mojang/blaze3d/systems/RenderSystem$AutoStorageIndexBuffer;
[04:23:50] [main/DEBUG]: Skipping Lcom/mojang/blaze3d/systems/RenderSystem$AutoStorageIndexBuffer$IndexGenerator;
[04:23:50] [main/DEBUG]: Skipping Lcom/mojang/blaze3d/systems/RenderSystem$1;
[04:23:50] [main/DEBUG]: Skipping Lcom/mojang/blaze3d/shaders/package-info;
[04:23:50] [main/DEBUG]: Skipping Lcom/mojang/blaze3d/shaders/Uniform;
[04:23:50] [main/DEBUG]: Skipping Lcom/mojang/blaze3d/shaders/Shader;
[04:23:50] [main/DEBUG]: Skipping Lcom/mojang/blaze3d/shaders/ProgramManager;
[04:23:50] [main/DEBUG]: Skipping Lcom/mojang/blaze3d/shaders/Program;
[04:23:50] [main/DEBUG]: Skipping Lcom/mojang/blaze3d/shaders/Program$Type;
[04:23:50] [main/DEBUG]: Skipping Lcom/mojang/blaze3d/shaders/FogShape;
[04:23:50] [main/DEBUG]: Skipping Lcom/mojang/blaze3d/shaders/EffectProgram;
[04:23:50] [main/DEBUG]: Skipping Lcom/mojang/blaze3d/shaders/EffectProgram$1;
[04:23:50] [main/DEBUG]: Skipping Lcom/mojang/blaze3d/shaders/Effect;
[04:23:50] [main/DEBUG]: Skipping Lcom/mojang/blaze3d/shaders/BlendMode;
[04:23:50] [main/DEBUG]: Skipping Lcom/mojang/blaze3d/shaders/AbstractUniform;
[04:23:50] [main/DEBUG]: Skipping Lcom/mojang/blaze3d/preprocessor/package-info;
[04:23:50] [main/DEBUG]: Skipping Lcom/mojang/blaze3d/preprocessor/GlslPreprocessor;
[04:23:50] [main/DEBUG]: Skipping Lcom/mojang/blaze3d/preprocessor/GlslPreprocessor$Context;
[04:23:50] [main/DEBUG]: Skipping Lcom/mojang/blaze3d/platform/package-info;
[04:23:50] [main/DEBUG]: Skipping Lcom/mojang/blaze3d/platform/WindowEventHandler;
[04:23:50] [main/DEBUG]: Skipping Lcom/mojang/blaze3d/platform/VideoMode;
[04:23:50] [main/DEBUG]: Skipping Lcom/mojang/blaze3d/platform/TextureUtil;
[04:23:50] [main/DEBUG]: Skipping Lcom/mojang/blaze3d/platform/ScreenManager;
[04:23:50] [main/DEBUG]: Skipping Lcom/mojang/blaze3d/platform/NativeImage;
[04:23:50] [main/DEBUG]: Skipping Lcom/mojang/blaze3d/platform/NativeImage$WriteCallback;
[04:23:50] [main/DEBUG]: Skipping Lcom/mojang/blaze3d/platform/NativeImage$InternalGlFormat;
[04:23:50] [main/DEBUG]: Skipping Lcom/mojang/blaze3d/platform/NativeImage$Format;
[04:23:50] [main/DEBUG]: Skipping Lcom/mojang/blaze3d/platform/MonitorCreator;
[04:23:50] [main/DEBUG]: Skipping Lcom/mojang/blaze3d/platform/Monitor;
[04:23:50] [main/DEBUG]: Skipping Lcom/mojang/blaze3d/platform/MemoryTracker;
[04:23:50] [main/DEBUG]: Skipping Lcom/mojang/blaze3d/platform/MacosUtil;
[04:23:50] [main/DEBUG]: Skipping Lcom/mojang/blaze3d/platform/Lighting;
[04:23:50] [main/DEBUG]: Skipping Lcom/mojang/blaze3d/platform/InputConstants;
[04:23:50] [main/DEBUG]: Skipping Lcom/mojang/blaze3d/platform/InputConstants$Type;
[04:23:50] [main/DEBUG]: Skipping Lcom/mojang/blaze3d/platform/InputConstants$Key;
[04:23:50] [main/DEBUG]: Skipping Lcom/mojang/blaze3d/platform/IconSet;
[04:23:50] [main/DEBUG]: Skipping Lcom/mojang/blaze3d/platform/GlUtil;
[04:23:50] [main/DEBUG]: Skipping Lcom/mojang/blaze3d/platform/GlDebug;
[04:23:50] [main/DEBUG]: Skipping Lcom/mojang/blaze3d/platform/GlDebug$LogEntry;
[04:23:50] [main/DEBUG]: Skipping Lcom/mojang/blaze3d/platform/GlConst;
[04:23:50] [main/DEBUG]: Skipping Lcom/mojang/blaze3d/platform/GLX;
[04:23:50] [main/DEBUG]: Skipping Lcom/mojang/blaze3d/platform/DisplayData;
[04:23:50] [main/DEBUG]: Skipping Lcom/mojang/blaze3d/platform/DebugMemoryUntracker;
[04:23:50] [main/DEBUG]: Skipping Lcom/mojang/blaze3d/platform/ClipboardManager;
[04:23:50] [main/DEBUG]: Skipping Lcom/mojang/blaze3d/platform/Window;
[04:23:50] [main/DEBUG]: Skipping Lcom/mojang/blaze3d/platform/Window$WindowInitFailed;
[04:23:50] [main/DEBUG]: Skipping Lcom/mojang/blaze3d/platform/GlStateManager;
[04:23:50] [main/DEBUG]: Skipping Lcom/mojang/blaze3d/platform/GlStateManager$Viewport;
[04:23:50] [main/DEBUG]: Skipping Lcom/mojang/blaze3d/platform/GlStateManager$TextureState;
[04:23:50] [main/DEBUG]: Skipping Lcom/mojang/blaze3d/platform/GlStateManager$StencilState;
[04:23:50] [main/DEBUG]: Skipping Lcom/mojang/blaze3d/platform/GlStateManager$StencilFunc;
[04:23:50] [main/DEBUG]: Skipping Lcom/mojang/blaze3d/platform/GlStateManager$SourceFactor;
[04:23:50] [main/DEBUG]: Skipping Lcom/mojang/blaze3d/platform/GlStateManager$ScissorState;
[04:23:50] [main/DEBUG]: Skipping Lcom/mojang/blaze3d/platform/GlStateManager$PolygonOffsetState;
[04:23:50] [main/DEBUG]: Skipping Lcom/mojang/blaze3d/platform/GlStateManager$LogicOp;
[04:23:50] [main/DEBUG]: Skipping Lcom/mojang/blaze3d/platform/GlStateManager$DestFactor;
[04:23:50] [main/DEBUG]: Skipping Lcom/mojang/blaze3d/platform/GlStateManager$DepthState;
[04:23:50] [main/DEBUG]: Skipping Lcom/mojang/blaze3d/platform/GlStateManager$CullState;
[04:23:50] [main/DEBUG]: Skipping Lcom/mojang/blaze3d/platform/GlStateManager$ColorMask;
[04:23:50] [main/DEBUG]: Skipping Lcom/mojang/blaze3d/platform/GlStateManager$ColorLogicState;
[04:23:50] [main/DEBUG]: Skipping Lcom/mojang/blaze3d/platform/GlStateManager$BooleanState;
[04:23:50] [main/DEBUG]: Skipping Lcom/mojang/blaze3d/platform/GlStateManager$BlendState;
[04:23:50] [main/DEBUG]: Skipping Lcom/mojang/blaze3d/pipeline/package-info;
[04:23:50] [main/DEBUG]: Skipping Lcom/mojang/blaze3d/pipeline/TextureTarget;
[04:23:50] [main/DEBUG]: Skipping Lcom/mojang/blaze3d/pipeline/RenderPipeline;
[04:23:50] [main/DEBUG]: Skipping Lcom/mojang/blaze3d/pipeline/RenderCall;
[04:23:50] [main/DEBUG]: Skipping Lcom/mojang/blaze3d/pipeline/MainTarget;
[04:23:50] [main/DEBUG]: Skipping Lcom/mojang/blaze3d/pipeline/MainTarget$Dimension;
[04:23:50] [main/DEBUG]: Skipping Lcom/mojang/blaze3d/pipeline/MainTarget$AttachmentState;
[04:23:50] [main/DEBUG]: Skipping Lcom/mojang/blaze3d/pipeline/RenderTarget;
[04:23:50] [main/DEBUG]: Skipping Lcom/mojang/blaze3d/package-info;
[04:23:50] [main/DEBUG]: Skipping Lcom/mojang/blaze3d/font/package-info;
[04:23:50] [main/DEBUG]: Skipping Lcom/mojang/blaze3d/font/TrueTypeGlyphProvider;
[04:23:50] [main/DEBUG]: Skipping Lcom/mojang/blaze3d/font/TrueTypeGlyphProvider$Glyph;
[04:23:50] [main/DEBUG]: Skipping Lcom/mojang/blaze3d/font/TrueTypeGlyphProvider$Glyph$1;
[04:23:50] [main/DEBUG]: Skipping Lcom/mojang/blaze3d/font/SpaceProvider;
[04:23:50] [main/DEBUG]: Skipping Lcom/mojang/blaze3d/font/SpaceProvider$Definition;
[04:23:50] [main/DEBUG]: Skipping Lcom/mojang/blaze3d/font/SheetGlyphInfo;
[04:23:50] [main/DEBUG]: Skipping Lcom/mojang/blaze3d/font/GlyphProvider;
[04:23:50] [main/DEBUG]: Skipping Lcom/mojang/blaze3d/font/GlyphInfo;
[04:23:50] [main/DEBUG]: Skipping Lcom/mojang/blaze3d/font/GlyphInfo$SpaceGlyphInfo;
[04:23:50] [main/DEBUG]: Skipping Lcom/mojang/blaze3d/audio/package-info;
[04:23:50] [main/DEBUG]: Skipping Lcom/mojang/blaze3d/audio/SoundBuffer;
[04:23:50] [main/DEBUG]: Skipping Lcom/mojang/blaze3d/audio/OpenAlUtil;
[04:23:50] [main/DEBUG]: Skipping Lcom/mojang/blaze3d/audio/OggAudioStream;
[04:23:50] [main/DEBUG]: Skipping Lcom/mojang/blaze3d/audio/OggAudioStream$OutputConcat;
[04:23:50] [main/DEBUG]: Skipping Lcom/mojang/blaze3d/audio/ListenerTransform;
[04:23:50] [main/DEBUG]: Skipping Lcom/mojang/blaze3d/audio/Listener;
[04:23:50] [main/DEBUG]: Skipping Lcom/mojang/blaze3d/audio/Library;
[04:23:50] [main/DEBUG]: Skipping Lcom/mojang/blaze3d/audio/Library$Pool;
[04:23:50] [main/DEBUG]: Skipping Lcom/mojang/blaze3d/audio/Library$CountingChannelPool;
[04:23:50] [main/DEBUG]: Skipping Lcom/mojang/blaze3d/audio/Library$ChannelPool;
[04:23:50] [main/DEBUG]: Skipping Lcom/mojang/blaze3d/audio/Library$1;
[04:23:50] [main/DEBUG]: Skipping Lcom/mojang/blaze3d/audio/Channel;
[04:23:50] [main/DEBUG]: Skipping Lcom/mojang/blaze3d/MethodsReturnNonnullByDefault;
[04:23:50] [main/DEBUG]: Skipping Lcom/mojang/blaze3d/FieldsAreNonnullByDefault;
[04:23:50] [main/DEBUG]: Skipping Lcom/mojang/blaze3d/DontObfuscate;
[04:23:50] [main/DEBUG]: Skipping Lcom/mojang/blaze3d/Blaze3D;
[04:23:50] [main/INFO]: JAR transformation complete /home/codespace/.gradle/caches/forge_gradle/minecraft_user_repo/net/minecraftforge/forge/1.20.4-49.2.0_mapped_official_1.20.4/forge-1.20.4-49.2.0_mapped_official_1.20.4.jar
